,timestamp,open,close,min,max,volume,volumequote,market_name
0,2019-01-02T00:00:00.000Z,0.0000104,0.0000105,0.0000102,0.0000105,163270,,BTS-BTC
1,2019-01-03T00:00:00.000Z,0.0000104,0.0000103,0.0000102,0.0000104,5390,,BTS-BTC
2,2019-01-04T00:00:00.000Z,0.0000103,0.00001,0.0000097,0.0000103,169000,,BTS-BTC
3,2019-01-05T00:00:00.000Z,0.0000103,0.0000104,0.0000103,0.0000104,2930,,BTS-BTC
4,2019-01-06T00:00:00.000Z,0.0000104,0.0000103,0.00001,0.0000104,42180,,BTS-BTC
5,2019-01-07T00:00:00.000Z,0.0000104,0.0000109,0.0000097,0.000012,98640,,BTS-BTC
6,2019-01-08T00:00:00.000Z,0.0000103,0.0000106,0.0000103,0.0000108,2230,,BTS-BTC
7,2019-01-09T00:00:00.000Z,0.0000107,0.0000107,0.0000106,0.0000107,4320,,BTS-BTC
8,2019-01-10T00:00:00.000Z,0.0000106,0.0000101,0.0000101,0.0000108,68400,,BTS-BTC
9,2019-01-11T00:00:00.000Z,0.0000103,0.0000106,0.0000103,0.0000106,13210,,BTS-BTC
10,2019-01-12T00:00:00.000Z,0.0000105,0.0000108,0.0000105,0.0000108,30140,,BTS-BTC
11,2019-01-13T00:00:00.000Z,0.0000106,0.0000105,0.0000105,0.0000106,2210,,BTS-BTC
12,2019-01-14T00:00:00.000Z,0.0000107,0.0000107,0.0000107,0.0000107,930,,BTS-BTC
13,2019-01-15T00:00:00.000Z,0.0000105,0.0000103,0.0000103,0.0000105,22110,,BTS-BTC
14,2019-01-16T00:00:00.000Z,0.0000105,0.0000108,0.0000105,0.000011,19800,,BTS-BTC
15,2019-01-17T00:00:00.000Z,0.0000109,0.0000106,0.0000106,0.000011,5930,,BTS-BTC
16,2019-01-18T00:00:00.000Z,0.0000106,0.0000107,0.0000106,0.0000107,1180,,BTS-BTC
17,2019-01-19T00:00:00.000Z,0.0000109,0.0000118,0.0000109,0.0000118,1290,,BTS-BTC
18,2019-01-20T00:00:00.000Z,0.0000112,0.000011,0.000011,0.0000112,1920,,BTS-BTC
19,2019-01-21T00:00:00.000Z,0.000011,0.0000111,0.000011,0.0000111,1390,,BTS-BTC
20,2019-01-22T00:00:00.000Z,0.000011,0.000011,0.000011,0.000011,440,,BTS-BTC
21,2019-01-23T00:00:00.000Z,0.0000109,0.0000108,0.0000108,0.000011,2640,,BTS-BTC
22,2019-01-24T00:00:00.000Z,0.0000108,0.0000107,0.0000106,0.0000108,3690,,BTS-BTC
23,2019-01-25T00:00:00.000Z,0.0000107,0.0000107,0.0000107,0.0000107,1400,,BTS-BTC
24,2019-01-26T00:00:00.000Z,0.0000106,0.0000108,0.0000106,0.0000109,8100,,BTS-BTC
25,2019-01-27T00:00:00.000Z,0.0000106,0.0000105,0.0000105,0.0000106,610,,BTS-BTC
26,2019-01-28T00:00:00.000Z,0.0000104,0.0000101,0.0000101,0.0000104,800,,BTS-BTC
27,2019-01-29T00:00:00.000Z,0.0000102,0.0000106,0.0000101,0.0000112,320810,,BTS-BTC
28,2019-01-30T00:00:00.000Z,0.0000108,0.0000107,0.0000105,0.0000109,258250,,BTS-BTC
29,2019-01-31T00:00:00.000Z,0.0000107,0.0000105,0.0000102,0.0000107,732840,,BTS-BTC
30,2019-02-01T00:00:00.000Z,0.0000105,0.000011,0.0000105,0.000011,183750,,BTS-BTC
31,2019-02-02T00:00:00.000Z,0.000011,0.0000109,0.0000109,0.000011,5220,,BTS-BTC
32,2019-02-03T00:00:00.000Z,0.0000109,0.0000107,0.0000106,0.000011,1093270,,BTS-BTC
33,2019-02-04T00:00:00.000Z,0.0000109,0.0000105,0.0000105,0.0000109,650740,,BTS-BTC
34,2019-02-05T00:00:00.000Z,0.0000106,0.0000107,0.0000104,0.0000107,20700,,BTS-BTC
35,2019-02-06T00:00:00.000Z,0.0000107,0.0000105,0.0000105,0.0000107,3560,,BTS-BTC
36,2019-02-07T00:00:00.000Z,0.0000106,0.0000111,0.0000106,0.0000111,1320,,BTS-BTC
37,2019-02-08T00:00:00.000Z,0.0000111,0.0000109,0.0000109,0.0000114,17630,,BTS-BTC
38,2019-02-09T00:00:00.000Z,0.0000109,0.000011,0.0000108,0.0000111,3360,,BTS-BTC
39,2019-02-10T00:00:00.000Z,0.0000108,0.0000108,0.0000108,0.0000108,240,,BTS-BTC
40,2019-02-11T00:00:00.000Z,0.0000108,0.0000107,0.0000104,0.0000108,1124540,,BTS-BTC
41,2019-02-12T00:00:00.000Z,0.0000107,0.000011054,0.0000106,0.0000118,240586,,BTS-BTC
42,2019-02-13T00:00:00.000Z,0.000011142,0.000011141,0.000010892,0.000011599,1003367,,BTS-BTC
43,2019-02-14T00:00:00.000Z,0.000011095,0.000010985,0.000010883,0.000011163,1141154,,BTS-BTC
44,2019-02-15T00:00:00.000Z,0.000011024,0.000011093,0.000010889,0.000011263,1617152,,BTS-BTC
45,2019-02-16T00:00:00.000Z,0.000011096,0.000011367,0.000011,0.000011517,2090448,,BTS-BTC
46,2019-02-17T00:00:00.000Z,0.000011327,0.000011434,0.000011253,0.0000115,1531606,,BTS-BTC
47,2019-02-18T00:00:00.000Z,0.000011421,0.000011289,0.00001107,0.000011526,1790965,,BTS-BTC
48,2019-02-19T00:00:00.000Z,0.000011308,0.000011655,0.000011174,0.000011966,1553733,,BTS-BTC
49,2019-02-20T00:00:00.000Z,0.000011681,0.000011552,0.000011151,0.0000118,1337633,,BTS-BTC
50,2019-02-21T00:00:00.000Z,0.000011586,0.000011316,0.00001107,0.000011639,1639407,,BTS-BTC
51,2019-02-22T00:00:00.000Z,0.000011371,0.000011554,0.000011241,0.000011646,767243,,BTS-BTC
52,2019-02-23T00:00:00.000Z,0.000011568,0.000011868,0.000011167,0.000012398,1796891,,BTS-BTC
53,2019-02-24T00:00:00.000Z,0.000011896,0.000011971,0.000011739,0.0000128,1626410,,BTS-BTC
54,2019-02-25T00:00:00.000Z,0.000011913,0.000012317,0.000011479,0.000012331,1681287,,BTS-BTC
55,2019-02-26T00:00:00.000Z,0.000012322,0.000012181,0.000011812,0.000012426,1051760,,BTS-BTC
56,2019-02-27T00:00:00.000Z,0.000012184,0.000011887,0.000011695,0.00001227,1412340,,BTS-BTC
57,2019-02-28T00:00:00.000Z,0.000011892,0.000011981,0.00001166,0.000012032,1428912,,BTS-BTC
58,2019-03-01T00:00:00.000Z,0.000011989,0.000012007,0.000011877,0.000012105,1432667,,BTS-BTC
59,2019-03-02T00:00:00.000Z,0.000011995,0.000011928,0.000011631,0.000012071,1749478,,BTS-BTC
60,2019-03-03T00:00:00.000Z,0.000011932,0.000011803,0.000011637,0.00001198,437260,,BTS-BTC
61,2019-03-04T00:00:00.000Z,0.000011798,0.00001141,0.000011212,0.000011869,1648929,,BTS-BTC
62,2019-03-05T00:00:00.000Z,0.000011425,0.000011958,0.000011388,0.000012932,1132535,,BTS-BTC
63,2019-03-06T00:00:00.000Z,0.000011988,0.000011912,0.000011882,0.000012273,649924,,BTS-BTC
64,2019-03-07T00:00:00.000Z,0.000011937,0.000012153,0.000011906,0.000012214,3740398,,BTS-BTC
65,2019-03-08T00:00:00.000Z,0.000012131,0.000011796,0.000011751,0.000012137,4250324,,BTS-BTC
66,2019-03-09T00:00:00.000Z,0.000011839,0.000012049,0.000011809,0.000012249,4716156,,BTS-BTC
67,2019-03-10T00:00:00.000Z,0.000012073,0.00001187,0.000011775,0.000012134,2978482,,BTS-BTC
68,2019-03-11T00:00:00.000Z,0.000011874,0.00001205,0.000011728,0.00001225,5112799,,BTS-BTC
69,2019-03-12T00:00:00.000Z,0.000012061,0.000012696,0.000011832,0.000012899,2370479,,BTS-BTC
70,2019-03-13T00:00:00.000Z,0.000012685,0.000012458,0.000012312,0.000012943,3873458,,BTS-BTC
71,2019-03-14T00:00:00.000Z,0.000012488,0.000013051,0.000012401,0.000013166,2394260,,BTS-BTC
72,2019-03-15T00:00:00.000Z,0.000013036,0.000012997,0.000012842,0.000013102,5113158,,BTS-BTC
73,2019-03-16T00:00:00.000Z,0.000012997,0.000012755,0.000012671,0.000013119,2793626,,BTS-BTC
74,2019-03-17T00:00:00.000Z,0.000012738,0.000012741,0.000012386,0.000012774,2989067,,BTS-BTC
75,2019-03-18T00:00:00.000Z,0.000012723,0.000012618,0.000012451,0.000012785,2850505,,BTS-BTC
76,2019-03-19T00:00:00.000Z,0.00001262,0.000012461,0.000012352,0.000012643,2040080,,BTS-BTC
77,2019-03-20T00:00:00.000Z,0.000012498,0.000012323,0.000012292,0.000012498,3804892,,BTS-BTC
78,2019-03-21T00:00:00.000Z,0.000012323,0.000012223,0.000012062,0.000012543,3816956,,BTS-BTC
79,2019-03-22T00:00:00.000Z,0.000012229,0.000012628,0.000012189,0.000012728,2384432,,BTS-BTC
80,2019-03-23T00:00:00.000Z,0.000012664,0.000013332,0.00001265,0.000013345,2318298,,BTS-BTC
81,2019-03-24T00:00:00.000Z,0.000013283,0.000013002,0.000012791,0.000013292,2732755,,BTS-BTC
82,2019-03-25T00:00:00.000Z,0.000013004,0.000014931,0.000012916,0.000017346,3363754,,BTS-BTC
83,2019-03-26T00:00:00.000Z,0.000014978,0.000014871,0.00001381,0.000015653,3290597,,BTS-BTC
84,2019-03-27T00:00:00.000Z,0.00001488,0.000015043,0.000014686,0.000015217,3224085,,BTS-BTC
85,2019-03-28T00:00:00.000Z,0.000014997,0.000014444,0.000014261,0.000015125,5191760,,BTS-BTC
86,2019-03-29T00:00:00.000Z,0.000014435,0.000014636,0.000014129,0.000014704,2087220,,BTS-BTC
87,2019-03-30T00:00:00.000Z,0.000014643,0.00001449,0.000014462,0.000015024,3049211,,BTS-BTC
88,2019-03-31T00:00:00.000Z,0.000014536,0.000014468,0.00001381,0.000014553,2015604,,BTS-BTC
89,2019-04-01T00:00:00.000Z,0.000014529,0.000014826,0.000014307,0.000014966,5399577,,BTS-BTC
90,2019-04-02T00:00:00.000Z,0.000014902,0.000013924,0.00001253,0.00001507,3340218,,BTS-BTC
91,2019-04-03T00:00:00.000Z,0.000013887,0.000014356,0.000013787,0.000015165,2549618,,BTS-BTC
92,2019-04-04T00:00:00.000Z,0.000014296,0.000014223,0.000012848,0.000014534,4697184,,BTS-BTC
93,2019-04-05T00:00:00.000Z,0.000014202,0.000014625,0.000013918,0.00001466,2143909,,BTS-BTC
94,2019-04-06T00:00:00.000Z,0.000014623,0.000014356,0.00001404,0.000015036,3251415,,BTS-BTC
95,2019-04-07T00:00:00.000Z,0.000014346,0.000014156,0.000014037,0.000014375,3922087,,BTS-BTC
96,2019-04-08T00:00:00.000Z,0.000014116,0.000013747,0.000013415,0.00001419,2934327,,BTS-BTC
97,2019-04-09T00:00:00.000Z,0.000013742,0.000013255,0.000013156,0.000013751,3392905,,BTS-BTC
98,2019-04-10T00:00:00.000Z,0.000013271,0.000013363,0.000013246,0.000013711,3089983,,BTS-BTC
99,2019-04-11T00:00:00.000Z,0.000013431,0.000012463,0.000011815,0.000013431,4417679,,BTS-BTC
100,2019-04-12T00:00:00.000Z,0.000012466,0.000012496,0.000012135,0.000012702,4403292,,BTS-BTC
101,2019-04-13T00:00:00.000Z,0.000012462,0.00001228,0.000012144,0.000012638,3309958,,BTS-BTC
102,2019-04-14T00:00:00.000Z,0.000012282,0.000012373,0.000012034,0.000012394,6417254,,BTS-BTC
103,2019-04-15T00:00:00.000Z,0.000012356,0.000012151,0.00001196,0.000012583,4596104,,BTS-BTC
104,2019-04-16T00:00:00.000Z,0.000012146,0.00001184,0.000009199,0.000012177,4623860,,BTS-BTC
105,2019-04-17T00:00:00.000Z,0.000011828,0.000011805,0.000011555,0.00001196,3602454,,BTS-BTC
106,2019-04-18T00:00:00.000Z,0.000011808,0.000011931,0.000011672,0.000012064,3627680,,BTS-BTC
107,2019-04-19T00:00:00.000Z,0.000011969,0.000011981,0.000011688,0.000011989,4879721,,BTS-BTC
108,2019-04-20T00:00:00.000Z,0.00001197,0.000011679,0.000011622,0.000012006,5341004,,BTS-BTC
109,2019-04-21T00:00:00.000Z,0.000011685,0.000011589,0.000011313,0.000012326,2811599,,BTS-BTC
110,2019-04-22T00:00:00.000Z,0.000011582,0.000011276,0.000011157,0.000011621,4664298,,BTS-BTC
111,2019-04-23T00:00:00.000Z,0.000011327,0.000010883,0.000010733,0.000011356,4462587,,BTS-BTC
112,2019-04-24T00:00:00.000Z,0.000010841,0.000010071,0.000009832,0.000010911,4743335,,BTS-BTC
113,2019-04-25T00:00:00.000Z,0.000010067,0.000009957,0.000009897,0.000010158,7533045,,BTS-BTC
114,2019-04-26T00:00:00.000Z,0.000009961,0.000010045,0.000009634,0.000010143,3851579,,BTS-BTC
115,2019-04-27T00:00:00.000Z,0.000010039,0.00001014,0.00000995,0.000010201,5190669,,BTS-BTC
116,2019-04-28T00:00:00.000Z,0.000010118,0.000009919,0.000009883,0.000010247,3444098,,BTS-BTC
117,2019-04-29T00:00:00.000Z,0.00000993,0.000009653,0.00000952,0.00000997,8718637,,BTS-BTC
118,2019-04-30T00:00:00.000Z,0.000009645,0.000009869,0.000009534,0.000009876,6432611,,BTS-BTC
119,2019-05-01T00:00:00.000Z,0.000009878,0.000009779,0.000009663,0.000010009,5293580,,BTS-BTC
120,2019-05-02T00:00:00.000Z,0.000009752,0.000009683,0.000009469,0.00000987,5867949,,BTS-BTC
121,2019-05-03T00:00:00.000Z,0.000009645,0.000009586,0.000009268,0.0000097,2475807,,BTS-BTC
122,2019-05-04T00:00:00.000Z,0.000009533,0.000009196,0.000009156,0.000009798,6021617,,BTS-BTC
123,2019-05-05T00:00:00.000Z,0.000009165,0.000009177,0.000009111,0.000009315,3334377,,BTS-BTC
124,2019-05-06T00:00:00.000Z,0.00000918,0.000009187,0.00000908,0.00000928,5679081,,BTS-BTC
125,2019-05-07T00:00:00.000Z,0.000009191,0.000008798,0.000008768,0.000009317,4710748,,BTS-BTC
126,2019-05-08T00:00:00.000Z,0.000008785,0.000008784,0.000008745,0.000008903,4709702,,BTS-BTC
127,2019-05-09T00:00:00.000Z,0.000008787,0.00000811,0.00000811,0.000008787,4900420,,BTS-BTC
128,2019-05-10T00:00:00.000Z,0.000008129,0.000007935,0.000007326,0.000008201,7563555,,BTS-BTC
129,2019-05-11T00:00:00.000Z,0.000007877,0.000007876,0.000007225,0.000008099,4698007,,BTS-BTC
130,2019-05-12T00:00:00.000Z,0.000007878,0.000007649,0.000007553,0.000008123,5446072,,BTS-BTC
131,2019-05-13T00:00:00.000Z,0.000007647,0.000007092,0.000007022,0.000007746,4403638,,BTS-BTC
132,2019-05-14T00:00:00.000Z,0.000007097,0.000007572,0.00000707,0.000007651,5212974,,BTS-BTC
133,2019-05-15T00:00:00.000Z,0.000007532,0.000008445,0.000007515,0.000008503,5158947,,BTS-BTC
134,2019-05-16T00:00:00.000Z,0.000008457,0.000008948,0.000008419,0.00000955,5650706,,BTS-BTC
135,2019-05-17T00:00:00.000Z,0.000008945,0.000008731,0.000008412,0.000009,8624886,,BTS-BTC
136,2019-05-18T00:00:00.000Z,0.000008749,0.000008694,0.0000086,0.000008835,5970103,,BTS-BTC
137,2019-05-19T00:00:00.000Z,0.000008701,0.000008427,0.000008392,0.000008703,5058528,,BTS-BTC
138,2019-05-20T00:00:00.000Z,0.000008434,0.00000832,0.000008079,0.000008445,6675003,,BTS-BTC
139,2019-05-21T00:00:00.000Z,0.000008368,0.000008296,0.000008,0.000008444,3343440,,BTS-BTC
140,2019-05-22T00:00:00.000Z,0.000008272,0.000008264,0.000008092,0.000008395,6885331,,BTS-BTC
141,2019-05-23T00:00:00.000Z,0.000008273,0.000008032,0.000007894,0.000008315,2678583,,BTS-BTC
142,2019-05-24T00:00:00.000Z,0.000007991,0.000008043,0.000007735,0.000008097,10250828,,BTS-BTC
143,2019-05-25T00:00:00.000Z,0.000008032,0.000008171,0.000007984,0.000008401,6394673,,BTS-BTC
144,2019-05-26T00:00:00.000Z,0.000008152,0.000007942,0.000007872,0.000008207,7589683,,BTS-BTC
145,2019-05-27T00:00:00.000Z,0.000007929,0.000008043,0.000007717,0.000008107,5276608,,BTS-BTC
146,2019-05-28T00:00:00.000Z,0.000008017,0.000008001,0.000007878,0.00000817,5645973,,BTS-BTC
147,2019-05-29T00:00:00.000Z,0.000007986,0.000007983,0.000007769,0.000008147,7465372,,BTS-BTC
148,2019-05-30T00:00:00.000Z,0.000007972,0.000007952,0.000007744,0.000008263,3309134,,BTS-BTC
149,2019-05-31T00:00:00.000Z,0.000007946,0.000008056,0.000007845,0.000008088,7314085,,BTS-BTC
150,2019-06-01T00:00:00.000Z,0.00000806,0.000007939,0.000007877,0.000008203,5759947,,BTS-BTC
151,2019-06-02T00:00:00.000Z,0.000007951,0.000007873,0.000007816,0.000008032,4141629,,BTS-BTC
152,2019-06-03T00:00:00.000Z,0.000007874,0.000007764,0.000007577,0.000007994,8956049,,BTS-BTC
153,2019-06-04T00:00:00.000Z,0.000007671,0.000007529,0.000007455,0.000007751,2708354,,BTS-BTC
154,2019-06-05T00:00:00.000Z,0.00000752,0.000007669,0.000007499,0.00000773,4033961,,BTS-BTC
155,2019-06-06T00:00:00.000Z,0.000007656,0.000007804,0.000007627,0.000007883,6834522,,BTS-BTC
156,2019-06-07T00:00:00.000Z,0.000007802,0.000007898,0.000007558,0.000007984,4389662,,BTS-BTC
157,2019-06-08T00:00:00.000Z,0.0000079,0.000007809,0.000007758,0.000007974,6539652,,BTS-BTC
158,2019-06-09T00:00:00.000Z,0.000007788,0.000007745,0.000007619,0.000007903,4753737,,BTS-BTC
159,2019-06-10T00:00:00.000Z,0.000007745,0.000007746,0.000007636,0.00000803,8655071,,BTS-BTC
160,2019-06-11T00:00:00.000Z,0.000007749,0.000007751,0.000007696,0.000007781,7103659,,BTS-BTC
161,2019-06-12T00:00:00.000Z,0.000007749,0.000007644,0.0000075,0.000007755,6044959,,BTS-BTC
162,2019-06-13T00:00:00.000Z,0.000007645,0.000007569,0.000007501,0.000007731,7407180,,BTS-BTC
163,2019-06-14T00:00:00.000Z,0.000007573,0.000007188,0.000007043,0.000007616,6424587,,BTS-BTC
164,2019-06-15T00:00:00.000Z,0.000007189,0.000007174,0.000007056,0.000007281,7111617,,BTS-BTC
165,2019-06-16T00:00:00.000Z,0.000007171,0.000007025,0.000006875,0.000007213,3414983,,BTS-BTC
166,2019-06-17T00:00:00.000Z,0.000007032,0.000006884,0.00000685,0.000007065,5157206,,BTS-BTC
167,2019-06-18T00:00:00.000Z,0.000006883,0.000006859,0.000006699,0.000006909,8993841,,BTS-BTC
168,2019-06-19T00:00:00.000Z,0.00000685,0.000006856,0.000006751,0.000007043,5666589,,BTS-BTC
169,2019-06-20T00:00:00.000Z,0.000006858,0.000006476,0.000006316,0.000006886,7331551,,BTS-BTC
170,2019-06-21T00:00:00.000Z,0.000006493,0.000006294,0.000006098,0.000006534,2280854,,BTS-BTC
171,2019-06-22T00:00:00.000Z,0.000006296,0.000005975,0.000005768,0.000006302,5728566,,BTS-BTC
172,2019-06-23T00:00:00.000Z,0.000005976,0.000005969,0.000005913,0.000006185,6759971,,BTS-BTC
173,2019-06-24T00:00:00.000Z,0.000005957,0.000006556,0.000005951,0.000006615,10051951,,BTS-BTC
174,2019-06-25T00:00:00.000Z,0.000006562,0.000005932,0.000005895,0.000006573,8736093,,BTS-BTC
175,2019-06-26T00:00:00.000Z,0.000005932,0.000005451,0.000005356,0.000006269,10932193,,BTS-BTC
176,2019-06-27T00:00:00.000Z,0.000005394,0.000005679,0.000005323,0.000005863,6788947,,BTS-BTC
177,2019-06-28T00:00:00.000Z,0.000005675,0.000005481,0.000005374,0.000005777,6353155,,BTS-BTC
178,2019-06-29T00:00:00.000Z,0.000005483,0.000005555,0.000005311,0.000005663,4971726,,BTS-BTC
179,2019-06-30T00:00:00.000Z,0.000005601,0.00000566,0.000005515,0.00000566,8775102,,BTS-BTC
180,2019-07-01T00:00:00.000Z,0.000005638,0.000005698,0.000005555,0.00000575,8573620,,BTS-BTC
181,2019-07-02T00:00:00.000Z,0.000005711,0.000005445,0.000005306,0.000005845,8806994,,BTS-BTC
182,2019-07-03T00:00:00.000Z,0.000005454,0.000005099,0.000005082,0.000005477,4433687,,BTS-BTC
183,2019-07-04T00:00:00.000Z,0.000005104,0.00000514,0.000005014,0.000005329,11117323,,BTS-BTC
184,2019-07-05T00:00:00.000Z,0.000005129,0.000005392,0.000005106,0.000005461,4784398,,BTS-BTC
185,2019-07-06T00:00:00.000Z,0.000005385,0.000005291,0.00000516,0.000005407,5574556,,BTS-BTC
186,2019-07-07T00:00:00.000Z,0.000005317,0.000005192,0.000005053,0.00000535,9024188,,BTS-BTC
187,2019-07-08T00:00:00.000Z,0.000005199,0.000004991,0.000004858,0.000005231,9079315,,BTS-BTC
188,2019-07-09T00:00:00.000Z,0.000005007,0.000004691,0.00000466,0.000005049,9732857,,BTS-BTC
189,2019-07-10T00:00:00.000Z,0.00000472,0.000004426,0.000004226,0.000004761,11265961,,BTS-BTC
190,2019-07-11T00:00:00.000Z,0.000004425,0.000004394,0.000004158,0.000004557,9146023,,BTS-BTC
191,2019-07-12T00:00:00.000Z,0.000004386,0.000004326,0.000004282,0.000004413,6288169,,BTS-BTC
192,2019-07-13T00:00:00.000Z,0.000004327,0.000004327,0.00000427,0.000004409,7224460,,BTS-BTC
193,2019-07-14T00:00:00.000Z,0.000004329,0.000004117,0.000004098,0.00000439,4211072,,BTS-BTC
194,2019-07-15T00:00:00.000Z,0.000004118,0.000003903,0.000003834,0.000004131,11018608,,BTS-BTC
195,2019-07-16T00:00:00.000Z,0.000003923,0.000004231,0.000003898,0.00000424,8995433,,BTS-BTC
196,2019-07-17T00:00:00.000Z,0.00000423,0.000004325,0.00000421,0.000004457,8028804,,BTS-BTC
197,2019-07-18T00:00:00.000Z,0.000004319,0.000004206,0.000004065,0.000004415,12486083,,BTS-BTC
198,2019-07-19T00:00:00.000Z,0.0000042,0.000004252,0.000004086,0.000004415,6725530,,BTS-BTC
199,2019-07-20T00:00:00.000Z,0.000004226,0.000004357,0.000004182,0.000004503,8521700,,BTS-BTC
200,2019-07-21T00:00:00.000Z,0.000004357,0.000004316,0.000004197,0.000004372,4099294,,BTS-BTC
201,2019-07-22T00:00:00.000Z,0.00000432,0.00000437,0.000004267,0.000004423,11382928,,BTS-BTC
202,2019-07-23T00:00:00.000Z,0.000004396,0.000004337,0.000004155,0.000004419,9587526,,BTS-BTC
203,2019-07-24T00:00:00.000Z,0.000004347,0.000004492,0.000004218,0.000004556,5437453,,BTS-BTC
204,2019-07-25T00:00:00.000Z,0.000004502,0.000004413,0.000004273,0.000004504,4842880,,BTS-BTC
205,2019-07-26T00:00:00.000Z,0.000004411,0.00000458,0.000004328,0.000004619,7564926,,BTS-BTC
206,2019-07-27T00:00:00.000Z,0.000004571,0.00000457,0.000004368,0.00000461,9492395,,BTS-BTC
207,2019-07-28T00:00:00.000Z,0.000004573,0.0000046,0.000004356,0.000004637,4931107,,BTS-BTC
208,2019-07-29T00:00:00.000Z,0.000004599,0.000004656,0.000004593,0.000004688,6506278,,BTS-BTC
209,2019-07-30T00:00:00.000Z,0.000004646,0.000004619,0.000004604,0.000004699,5535015,,BTS-BTC
210,2019-07-31T00:00:00.000Z,0.000004604,0.000004536,0.000004519,0.000004631,3501852,,BTS-BTC
211,2019-08-01T00:00:00.000Z,0.000004536,0.000004273,0.000004213,0.00000454,8709190,,BTS-BTC
212,2019-08-02T00:00:00.000Z,0.000004267,0.000004247,0.000004195,0.000004346,12157843,,BTS-BTC
213,2019-08-03T00:00:00.000Z,0.000004253,0.000004099,0.00000407,0.000004277,9935024,,BTS-BTC
214,2019-08-04T00:00:00.000Z,0.000004103,0.000004104,0.000004016,0.000004193,8390952,,BTS-BTC
215,2019-08-05T00:00:00.000Z,0.000004102,0.000003859,0.000003694,0.000004109,7509288,,BTS-BTC
216,2019-08-06T00:00:00.000Z,0.000003866,0.000003884,0.000003698,0.000003898,6293058,,BTS-BTC
217,2019-08-07T00:00:00.000Z,0.00000389,0.000003641,0.00000317,0.000003898,10069359,,BTS-BTC
218,2019-08-08T00:00:00.000Z,0.000003651,0.000003709,0.000003592,0.00000381,6489274,,BTS-BTC
219,2019-08-09T00:00:00.000Z,0.000003716,0.00000363,0.000003562,0.000003793,4952402,,BTS-BTC
220,2019-08-10T00:00:00.000Z,0.000003637,0.000003755,0.000003625,0.000003789,11306028,,BTS-BTC
221,2019-08-11T00:00:00.000Z,0.000003729,0.000003643,0.000003641,0.000003799,10160091,,BTS-BTC
222,2019-08-12T00:00:00.000Z,0.000003645,0.000003734,0.000003632,0.000003819,16223549,,BTS-BTC
223,2019-08-13T00:00:00.000Z,0.000003741,0.000003883,0.000003632,0.000003887,8672842,,BTS-BTC
224,2019-08-14T00:00:00.000Z,0.000003872,0.000003907,0.00000386,0.000004042,10956949,,BTS-BTC
225,2019-08-15T00:00:00.000Z,0.000003906,0.000003773,0.000003661,0.00000396,8063176,,BTS-BTC
226,2019-08-16T00:00:00.000Z,0.000003771,0.000003738,0.000003624,0.000003864,11093340,,BTS-BTC
227,2019-08-17T00:00:00.000Z,0.00000373,0.000003809,0.000003651,0.000003931,4616352,,BTS-BTC
228,2019-08-18T00:00:00.000Z,0.00000382,0.000003893,0.000003702,0.00000396,5664134,,BTS-BTC
229,2019-08-19T00:00:00.000Z,0.000003898,0.00000385,0.000003709,0.00000392,7752779,,BTS-BTC
230,2019-08-20T00:00:00.000Z,0.000003824,0.000003811,0.000003662,0.000003847,4948641,,BTS-BTC
231,2019-08-21T00:00:00.000Z,0.000003812,0.000003861,0.000003799,0.000003969,12573971,,BTS-BTC
232,2019-08-22T00:00:00.000Z,0.000003915,0.00000399,0.000003857,0.000004017,11102229,,BTS-BTC
233,2019-08-23T00:00:00.000Z,0.000003988,0.000003913,0.00000386,0.000004003,3581840,,BTS-BTC
234,2019-08-24T00:00:00.000Z,0.00000393,0.000003998,0.000003901,0.000004029,3158166,,BTS-BTC
235,2019-08-25T00:00:00.000Z,0.000004002,0.000003926,0.00000383,0.00000402,9024499,,BTS-BTC
236,2019-08-26T00:00:00.000Z,0.000003909,0.000003784,0.000003584,0.00000395,7934296,,BTS-BTC
237,2019-08-27T00:00:00.000Z,0.0000038,0.000003756,0.000003698,0.000003857,9056062,,BTS-BTC
238,2019-08-28T00:00:00.000Z,0.000003745,0.000003604,0.000003543,0.000003881,9202251,,BTS-BTC
239,2019-08-29T00:00:00.000Z,0.000003603,0.000003411,0.000003376,0.000003672,7091840,,BTS-BTC
240,2019-08-30T00:00:00.000Z,0.000003406,0.000003493,0.000003295,0.000003589,7847211,,BTS-BTC
241,2019-08-31T00:00:00.000Z,0.00000349,0.00000346,0.000003448,0.000003512,3677533,,BTS-BTC
242,2019-09-01T00:00:00.000Z,0.000003456,0.000003369,0.000003203,0.000003497,1610762,,BTS-BTC
243,2019-09-02T00:00:00.000Z,0.000003367,0.000003165,0.000003136,0.00000337,6754945,,BTS-BTC
244,2019-09-03T00:00:00.000Z,0.000003172,0.000003034,0.000002917,0.00000322,4947511,,BTS-BTC
245,2019-09-04T00:00:00.000Z,0.000003029,0.000003035,0.00000285,0.000003136,3673221,,BTS-BTC
246,2019-09-05T00:00:00.000Z,0.00000305,0.000003084,0.000002973,0.000003108,6830321,,BTS-BTC
247,2019-09-06T00:00:00.000Z,0.000003088,0.00000302,0.000002907,0.000003116,2279439,,BTS-BTC
248,2019-09-07T00:00:00.000Z,0.000003018,0.000003053,0.000002891,0.000003115,2408995,,BTS-BTC
249,2019-09-08T00:00:00.000Z,0.000003052,0.00000314,0.000003013,0.000003172,1022833,,BTS-BTC
250,2019-09-09T00:00:00.000Z,0.000003133,0.000003286,0.000003093,0.000003329,2226762,,BTS-BTC
251,2019-09-10T00:00:00.000Z,0.000003289,0.000003349,0.000003261,0.000003399,1390108,,BTS-BTC
252,2019-09-11T00:00:00.000Z,0.000003346,0.000003363,0.000003328,0.000003518,1237910,,BTS-BTC
253,2019-09-12T00:00:00.000Z,0.000003362,0.000003197,0.000003135,0.000003362,1707660,,BTS-BTC
254,2019-09-13T00:00:00.000Z,0.000003198,0.000003238,0.00000318,0.000003266,2953968,,BTS-BTC
255,2019-09-14T00:00:00.000Z,0.000003235,0.00000326,0.000003205,0.000003288,2460521,,BTS-BTC
256,2019-09-15T00:00:00.000Z,0.000003248,0.000003267,0.000003212,0.000003308,953612,,BTS-BTC
257,2019-09-16T00:00:00.000Z,0.000003269,0.000003276,0.000003215,0.000003302,2005393,,BTS-BTC
258,2019-09-17T00:00:00.000Z,0.000003251,0.000003275,0.000003217,0.000003378,2239210,,BTS-BTC
259,2019-09-18T00:00:00.000Z,0.000003278,0.000003468,0.000003278,0.000003555,2364353,,BTS-BTC
260,2019-09-19T00:00:00.000Z,0.000003472,0.000003344,0.000003289,0.000003505,2454694,,BTS-BTC
261,2019-09-20T00:00:00.000Z,0.000003335,0.000003315,0.000003231,0.00000341,2578427,,BTS-BTC
262,2019-09-21T00:00:00.000Z,0.000003319,0.000003338,0.000003242,0.000003412,2501598,,BTS-BTC
263,2019-09-22T00:00:00.000Z,0.00000331,0.000003337,0.000003257,0.000003415,2944728,,BTS-BTC
264,2019-09-23T00:00:00.000Z,0.000003327,0.000003366,0.000003147,0.000003462,1749791,,BTS-BTC
265,2019-09-24T00:00:00.000Z,0.000003377,0.000002859,0.000002709,0.00000338,2584383,,BTS-BTC
266,2019-09-25T00:00:00.000Z,0.000002863,0.00000306,0.000002802,0.000003109,4388965,,BTS-BTC
267,2019-09-26T00:00:00.000Z,0.000003069,0.000003155,0.000003034,0.000003288,2383607,,BTS-BTC
268,2019-09-27T00:00:00.000Z,0.000003156,0.000003554,0.000003145,0.00000365,3432519,,BTS-BTC
269,2019-09-28T00:00:00.000Z,0.000003551,0.000003448,0.0000034,0.000003608,3282941,,BTS-BTC
270,2019-09-29T00:00:00.000Z,0.000003448,0.000003506,0.00000342,0.000003589,1614532,,BTS-BTC
271,2019-09-30T00:00:00.000Z,0.000003507,0.000003509,0.00000328,0.00000357,770551,,BTS-BTC
272,2019-10-01T00:00:00.000Z,0.000003509,0.000003386,0.000003331,0.000003509,1956746,,BTS-BTC
273,2019-10-02T00:00:00.000Z,0.000003386,0.000003402,0.000003348,0.000003429,3155345,,BTS-BTC
274,2019-10-03T00:00:00.000Z,0.000003401,0.000003345,0.000003339,0.000003413,1872556,,BTS-BTC
275,2019-10-04T00:00:00.000Z,0.000003346,0.000003542,0.000003332,0.000003588,6008091,,BTS-BTC
276,2019-10-05T00:00:00.000Z,0.00000354,0.000003528,0.000003494,0.000003561,5836957,,BTS-BTC
277,2019-10-06T00:00:00.000Z,0.000003529,0.000003491,0.000003451,0.000003538,2506238,,BTS-BTC
278,2019-10-07T00:00:00.000Z,0.000003504,0.000003487,0.000003483,0.000003554,3380563,,BTS-BTC
279,2019-10-08T00:00:00.000Z,0.0000035,0.000003498,0.000003416,0.000003508,2003374,,BTS-BTC
280,2019-10-09T00:00:00.000Z,0.000003495,0.000003369,0.000003335,0.000003578,2550901,,BTS-BTC
281,2019-10-10T00:00:00.000Z,0.000003364,0.00000325,0.000003239,0.000003381,2419637,,BTS-BTC
282,2019-10-11T00:00:00.000Z,0.00000323,0.00000331,0.00000323,0.000003355,1695883,,BTS-BTC
283,2019-10-12T00:00:00.000Z,0.000003306,0.0000033,0.0000033,0.000003348,1749995,,BTS-BTC
284,2019-10-13T00:00:00.000Z,0.0000033,0.000003281,0.000003212,0.000003328,1693832,,BTS-BTC
285,2019-10-14T00:00:00.000Z,0.000003276,0.000003283,0.000003213,0.000003328,2876857,,BTS-BTC
286,2019-10-15T00:00:00.000Z,0.000003289,0.000003164,0.000003164,0.000003304,1434795,,BTS-BTC
287,2019-10-16T00:00:00.000Z,0.000003164,0.000003192,0.000003082,0.000003231,1347452,,BTS-BTC
288,2019-10-17T00:00:00.000Z,0.000003198,0.000003225,0.00000319,0.000003285,1349786,,BTS-BTC
289,2019-10-18T00:00:00.000Z,0.000003219,0.000003182,0.000003172,0.00000326,1803565,,BTS-BTC
290,2019-10-19T00:00:00.000Z,0.000003186,0.000003188,0.000003175,0.00000323,2454979,,BTS-BTC
291,2019-10-20T00:00:00.000Z,0.000003171,0.000003177,0.000003171,0.000003262,1935019,,BTS-BTC
292,2019-10-21T00:00:00.000Z,0.000003171,0.000003178,0.00000317,0.000003226,1068471,,BTS-BTC
293,2019-10-22T00:00:00.000Z,0.00000317,0.000003228,0.000003105,0.00000326,2181910,,BTS-BTC
294,2019-10-23T00:00:00.000Z,0.00000321,0.000003224,0.00000296,0.000003247,3165537,,BTS-BTC
295,2019-10-24T00:00:00.000Z,0.000003217,0.000003263,0.000003217,0.000003285,1003179,,BTS-BTC
296,2019-10-25T00:00:00.000Z,0.00000325,0.00000306,0.000003057,0.000003272,2977392,,BTS-BTC
297,2019-10-26T00:00:00.000Z,0.000003063,0.000003001,0.000002832,0.000003141,4854259,,BTS-BTC
298,2019-10-27T00:00:00.000Z,0.000003004,0.000003026,0.000002917,0.000003093,1827267,,BTS-BTC
299,2019-10-28T00:00:00.000Z,0.00000295,0.000003165,0.00000295,0.000003278,1360551,,BTS-BTC
300,2019-10-29T00:00:00.000Z,0.000003174,0.000003064,0.000003027,0.000003239,1173003,,BTS-BTC
301,2019-10-30T00:00:00.000Z,0.000003067,0.000003061,0.000003006,0.00000311,1568633,,BTS-BTC
302,2019-10-31T00:00:00.000Z,0.000003059,0.000003123,0.000003056,0.000003181,3247352,,BTS-BTC
303,2019-11-01T00:00:00.000Z,0.000003119,0.000003142,0.000003095,0.000003221,2568793,,BTS-BTC
304,2019-11-02T00:00:00.000Z,0.000003147,0.0000031,0.000003093,0.000003186,2096472,,BTS-BTC
305,2019-11-03T00:00:00.000Z,0.000003105,0.000003115,0.000003073,0.000003138,1891578,,BTS-BTC
306,2019-11-04T00:00:00.000Z,0.000003123,0.000003125,0.000003082,0.000003143,1649935,,BTS-BTC
307,2019-11-05T00:00:00.000Z,0.00000312,0.000003146,0.000003113,0.000003153,1910386,,BTS-BTC
308,2019-11-06T00:00:00.000Z,0.000003145,0.000003174,0.000003132,0.000003197,1555787,,BTS-BTC
309,2019-11-07T00:00:00.000Z,0.000003181,0.000003159,0.000003121,0.000003201,2317991,,BTS-BTC
310,2019-11-08T00:00:00.000Z,0.000003158,0.000003164,0.000003116,0.000003175,2496312,,BTS-BTC
311,2019-11-09T00:00:00.000Z,0.000003157,0.000003154,0.000003145,0.000003181,2698937,,BTS-BTC
312,2019-11-10T00:00:00.000Z,0.000003159,0.000003124,0.000003079,0.000003176,2688914,,BTS-BTC
313,2019-11-11T00:00:00.000Z,0.000003119,0.000003089,0.000003067,0.000003131,2556787,,BTS-BTC
314,2019-11-12T00:00:00.000Z,0.000003087,0.000003057,0.000003014,0.000003093,2633023,,BTS-BTC
315,2019-11-13T00:00:00.000Z,0.00000305,0.00000304,0.00000303,0.000003061,2637274,,BTS-BTC
316,2019-11-14T00:00:00.000Z,0.000003043,0.000003037,0.000003021,0.000003052,3326221,,BTS-BTC
317,2019-11-15T00:00:00.000Z,0.000003037,0.000003059,0.000003025,0.000003061,2784148,,BTS-BTC
318,2019-11-16T00:00:00.000Z,0.000003057,0.0000031,0.000003056,0.000003113,2277007,,BTS-BTC
319,2019-11-17T00:00:00.000Z,0.000003103,0.000003094,0.000003074,0.000003107,3161972,,BTS-BTC
320,2019-11-18T00:00:00.000Z,0.000003095,0.000003044,0.000003033,0.000003107,3428897,,BTS-BTC
321,2019-11-19T00:00:00.000Z,0.000003045,0.00000295,0.000002918,0.000003047,5105713,,BTS-BTC
322,2019-11-20T00:00:00.000Z,0.000002946,0.000002932,0.000002902,0.000002974,2664183,,BTS-BTC
323,2019-11-21T00:00:00.000Z,0.000002932,0.000002912,0.000002902,0.000002934,2477541,,BTS-BTC
324,2019-11-22T00:00:00.000Z,0.000002912,0.000002838,0.000002808,0.000002945,4136190,,BTS-BTC
325,2019-11-23T00:00:00.000Z,0.000002856,0.000002839,0.0000028,0.000002911,3397338,,BTS-BTC
326,2019-11-24T00:00:00.000Z,0.000002836,0.000002833,0.000002805,0.000002899,2335656,,BTS-BTC
327,2019-11-25T00:00:00.000Z,0.000002825,0.000002799,0.0000025,0.000002907,2942775,,BTS-BTC
328,2019-11-26T00:00:00.000Z,0.000002806,0.000002827,0.000002733,0.000002899,4874305,,BTS-BTC
329,2019-11-27T00:00:00.000Z,0.000002795,0.000002814,0.000002721,0.000002867,1832326,,BTS-BTC
330,2019-11-28T00:00:00.000Z,0.00000281,0.000002795,0.000002713,0.000002841,3135854,,BTS-BTC
331,2019-11-29T00:00:00.000Z,0.000002802,0.000002793,0.000002716,0.00000284,7852426,,BTS-BTC
332,2019-11-30T00:00:00.000Z,0.000002791,0.000002746,0.000002734,0.000002842,9485130,,BTS-BTC
333,2019-12-01T00:00:00.000Z,0.000002755,0.000002771,0.000002722,0.000002801,7751563,,BTS-BTC
334,2019-12-02T00:00:00.000Z,0.000002768,0.000002728,0.000002704,0.000002802,5519667,,BTS-BTC
335,2019-12-03T00:00:00.000Z,0.000002716,0.000002707,0.000002545,0.000002744,4304925,,BTS-BTC
336,2019-12-04T00:00:00.000Z,0.000002672,0.000002671,0.000002516,0.0000028,1568272,,BTS-BTC
337,2019-12-05T00:00:00.000Z,0.00000266,0.000002664,0.00000258,0.000002715,3178702,,BTS-BTC
338,2019-12-06T00:00:00.000Z,0.000002664,0.00000266,0.00000256,0.00000269,251035,,BTS-BTC
339,2019-12-07T00:00:00.000Z,0.000002651,0.000002658,0.00000254,0.000002691,5072383,,BTS-BTC
340,2019-12-08T00:00:00.000Z,0.000002658,0.000002673,0.000002614,0.000002711,2473725,,BTS-BTC
341,2019-12-09T00:00:00.000Z,0.000002673,0.000002684,0.000002667,0.000002699,4110962,,BTS-BTC
342,2019-12-10T00:00:00.000Z,0.000002686,0.000002633,0.000002421,0.000002701,4861372,,BTS-BTC
343,2019-12-11T00:00:00.000Z,0.000002634,0.000002656,0.000002621,0.000002681,5468456,,BTS-BTC
344,2019-12-12T00:00:00.000Z,0.000002658,0.000002603,0.0000026,0.00000267,6229240,,BTS-BTC
345,2019-12-13T00:00:00.000Z,0.000002601,0.000002556,0.000002431,0.000002605,5424713,,BTS-BTC
346,2019-12-14T00:00:00.000Z,0.000002557,0.00000254,0.000002521,0.000002581,1007502,,BTS-BTC
347,2019-12-15T00:00:00.000Z,0.000002546,0.00000256,0.00000251,0.000002579,5988838,,BTS-BTC
348,2019-12-16T00:00:00.000Z,0.000002552,0.000002496,0.000002465,0.00000257,3269456,,BTS-BTC
349,2019-12-17T00:00:00.000Z,0.00000247,0.000002337,0.0000023,0.00000251,5314656,,BTS-BTC
350,2019-12-18T00:00:00.000Z,0.000002345,0.000002189,0.000002156,0.000002349,2900216,,BTS-BTC
351,2019-12-19T00:00:00.000Z,0.000002189,0.000002195,0.000002031,0.000002223,4253712,,BTS-BTC
352,2019-12-20T00:00:00.000Z,0.00000218,0.000002199,0.00000218,0.000002259,3109145,,BTS-BTC
353,2019-12-21T00:00:00.000Z,0.000002201,0.00000214,0.00000205,0.000002203,2366006,,BTS-BTC
354,2019-12-22T00:00:00.000Z,0.000002144,0.000002121,0.00000207,0.000002189,4956640,,BTS-BTC
355,2019-12-23T00:00:00.000Z,0.000002127,0.000002099,0.000002051,0.000002168,4040969,,BTS-BTC
356,2019-12-24T00:00:00.000Z,0.000002104,0.000002084,0.000002055,0.000002147,4393434,,BTS-BTC
357,2019-12-25T00:00:00.000Z,0.000002077,0.000002075,0.000002041,0.00000211,5336470,,BTS-BTC
358,2019-12-26T00:00:00.000Z,0.000002078,0.000002041,0.000002027,0.0000021,4539634,,BTS-BTC
359,2019-12-27T00:00:00.000Z,0.000002034,0.00000197,0.000001954,0.000002046,8246555,,BTS-BTC
360,2019-12-28T00:00:00.000Z,0.000001973,0.000002012,0.000001967,0.000002052,8433111,,BTS-BTC
361,2019-12-29T00:00:00.000Z,0.000002012,0.000002003,0.000001991,0.000002092,6809914,,BTS-BTC
362,2019-12-30T00:00:00.000Z,0.000002005,0.000002018,0.000001985,0.000002039,6160430,,BTS-BTC
363,2019-12-31T00:00:00.000Z,0.000002022,0.000002029,0.000001993,0.000002091,6489406,,BTS-BTC
364,2020-01-01T00:00:00.000Z,0.00000203,0.00000207,0.000002016,0.000002113,7009714,,BTS-BTC
365,2020-01-02T00:00:00.000Z,0.000002065,0.000002102,0.000002006,0.000002121,7903905,,BTS-BTC
366,2020-01-03T00:00:00.000Z,0.0000021,0.000002041,0.000002007,0.000002172,8266055,,BTS-BTC
367,2020-01-04T00:00:00.000Z,0.000002037,0.000002096,0.000002033,0.000002124,5141652,,BTS-BTC
368,2020-01-05T00:00:00.000Z,0.000002085,0.000002082,0.00000205,0.000002095,3668992,,BTS-BTC
369,2020-01-06T00:00:00.000Z,0.000002078,0.000002162,0.000002046,0.000002254,9913443,,BTS-BTC
370,2020-01-07T00:00:00.000Z,0.000002166,0.000002092,0.000002074,0.000002204,11443027,,BTS-BTC
371,2020-01-08T00:00:00.000Z,0.000002105,0.000002008,0.000002003,0.000002105,7724211,,BTS-BTC
372,2020-01-09T00:00:00.000Z,0.000002008,0.000002002,0.000001926,0.000002022,9391244,,BTS-BTC
373,2020-01-10T00:00:00.000Z,0.000002007,0.000001913,0.000001902,0.000002019,8535584,,BTS-BTC
374,2020-01-11T00:00:00.000Z,0.000001916,0.00000199,0.00000188,0.000001991,9656759,,BTS-BTC
375,2020-01-12T00:00:00.000Z,0.00000198,0.000001971,0.000001956,0.00000199,3520831,,BTS-BTC
376,2020-01-13T00:00:00.000Z,0.000001975,0.000001956,0.000001948,0.000001982,2414652,,BTS-BTC
377,2020-01-14T00:00:00.000Z,0.000001962,0.000001987,0.000001901,0.000002001,8475264,,BTS-BTC
378,2020-01-15T00:00:00.000Z,0.000001988,0.000002133,0.000001963,0.000002301,17024568,,BTS-BTC
379,2020-01-16T00:00:00.000Z,0.000002127,0.000002139,0.000002034,0.000002144,13811254,,BTS-BTC
380,2020-01-17T00:00:00.000Z,0.000002133,0.00000218,0.000002112,0.000002228,8784560,,BTS-BTC
381,2020-01-18T00:00:00.000Z,0.000002187,0.000002201,0.000002171,0.000002315,4638344,,BTS-BTC
382,2020-01-19T00:00:00.000Z,0.000002201,0.000002148,0.000002103,0.000002241,7038395,,BTS-BTC
383,2020-01-20T00:00:00.000Z,0.000002151,0.000002132,0.0000021,0.000002157,5565679,,BTS-BTC
384,2020-01-21T00:00:00.000Z,0.000002124,0.000002102,0.000002102,0.000002179,3848693,,BTS-BTC
385,2020-01-22T00:00:00.000Z,0.000002103,0.000002258,0.000002102,0.000002289,5709860,,BTS-BTC
386,2020-01-23T00:00:00.000Z,0.000002257,0.000002186,0.000002169,0.000002258,4607471,,BTS-BTC
387,2020-01-24T00:00:00.000Z,0.000002185,0.000002184,0.000002129,0.000002202,3675290,,BTS-BTC
388,2020-01-25T00:00:00.000Z,0.000002182,0.000002187,0.000002171,0.000002228,2878950,,BTS-BTC
389,2020-01-26T00:00:00.000Z,0.000002177,0.000002169,0.000002132,0.000002203,2584792,,BTS-BTC
390,2020-01-27T00:00:00.000Z,0.000002165,0.00000213,0.000002129,0.000002206,4151367,,BTS-BTC
391,2020-01-28T00:00:00.000Z,0.000002129,0.0000021,0.0000021,0.000002153,3132703,,BTS-BTC
392,2020-01-29T00:00:00.000Z,0.000002087,0.000002201,0.000002086,0.000002245,4824857,,BTS-BTC
393,2020-01-30T00:00:00.000Z,0.00000218,0.00000223,0.00000215,0.000002235,5388193,,BTS-BTC
394,2020-01-31T00:00:00.000Z,0.00000222,0.000002246,0.000002209,0.000002283,4832762,,BTS-BTC
395,2020-02-01T00:00:00.000Z,0.000002242,0.000003458,0.000002237,0.000003511,24216981,,BTS-BTC
396,2020-02-02T00:00:00.000Z,0.000003465,0.00000324,0.000003209,0.00000422,78579192,,BTS-BTC
397,2020-02-03T00:00:00.000Z,0.000003251,0.000003259,0.000003156,0.000003589,44139370,,BTS-BTC
398,2020-02-04T00:00:00.000Z,0.000003266,0.000003215,0.000003051,0.000003367,25104259,,BTS-BTC
399,2020-02-05T00:00:00.000Z,0.000003212,0.000003184,0.000003082,0.000003363,19416520,,BTS-BTC
400,2020-02-06T00:00:00.000Z,0.000003199,0.000003245,0.000003173,0.000003444,19067617,,BTS-BTC
401,2020-02-07T00:00:00.000Z,0.000003247,0.000003269,0.000003173,0.000003326,15804375,,BTS-BTC
402,2020-02-08T00:00:00.000Z,0.000003268,0.000003143,0.000003054,0.000003296,9795612,,BTS-BTC
403,2020-02-09T00:00:00.000Z,0.000003153,0.000003547,0.000003147,0.000003737,15218428,,BTS-BTC
404,2020-02-10T00:00:00.000Z,0.000003587,0.000003456,0.00000336,0.000003631,20714545,,BTS-BTC
405,2020-02-11T00:00:00.000Z,0.000003487,0.000003518,0.00000334,0.000003572,10110175,,BTS-BTC
406,2020-02-12T00:00:00.000Z,0.000003515,0.000003455,0.000003419,0.000003557,8973068,,BTS-BTC
407,2020-02-13T00:00:00.000Z,0.000003461,0.000003844,0.000003453,0.000004052,21395625,,BTS-BTC
408,2020-02-14T00:00:00.000Z,0.000003809,0.000003834,0.000003718,0.000003953,18265309,,BTS-BTC
409,2020-02-15T00:00:00.000Z,0.000003838,0.000003541,0.000003369,0.000003871,10730997,,BTS-BTC
410,2020-02-16T00:00:00.000Z,0.000003509,0.000003302,0.000003108,0.000003676,12429859,,BTS-BTC
411,2020-02-17T00:00:00.000Z,0.000003304,0.000003382,0.000003064,0.000003465,8266318,,BTS-BTC
412,2020-02-18T00:00:00.000Z,0.000003387,0.00000331,0.000003265,0.000003465,6114584,,BTS-BTC
413,2020-02-19T00:00:00.000Z,0.000003295,0.000003207,0.000003207,0.000003358,5787570,,BTS-BTC
414,2020-02-20T00:00:00.000Z,0.000003209,0.000003225,0.000003149,0.000003276,3424333,,BTS-BTC
415,2020-02-21T00:00:00.000Z,0.000003228,0.00000327,0.000003211,0.00000337,4155886,,BTS-BTC
416,2020-02-22T00:00:00.000Z,0.000003267,0.000003255,0.000003227,0.000003335,3701656,,BTS-BTC
417,2020-02-23T00:00:00.000Z,0.000003263,0.000003284,0.000003253,0.000003347,2446567,,BTS-BTC
418,2020-02-24T00:00:00.000Z,0.000003297,0.000003234,0.000003209,0.00000332,2632493,,BTS-BTC
419,2020-02-25T00:00:00.000Z,0.000003239,0.000003078,0.000003064,0.000003249,3882221,,BTS-BTC
420,2020-02-26T00:00:00.000Z,0.000003068,0.000002735,0.000002579,0.000003094,8878537,,BTS-BTC
421,2020-02-27T00:00:00.000Z,0.000002725,0.00000279,0.000002617,0.000002891,6931611,,BTS-BTC
422,2020-02-28T00:00:00.000Z,0.000002787,0.000002784,0.000002737,0.000002869,4106429,,BTS-BTC
423,2020-02-29T00:00:00.000Z,0.000002782,0.000002831,0.000002769,0.000002912,3668818,,BTS-BTC
424,2020-03-01T00:00:00.000Z,0.000002842,0.000002845,0.000002806,0.000002896,3967877,,BTS-BTC
425,2020-03-02T00:00:00.000Z,0.000002844,0.000002874,0.000002839,0.000002949,4189903,,BTS-BTC
426,2020-03-03T00:00:00.000Z,0.000002863,0.000002922,0.000002844,0.00000295,5174436,,BTS-BTC
427,2020-03-04T00:00:00.000Z,0.000002927,0.000002912,0.000002877,0.000002953,3018651,,BTS-BTC
428,2020-03-05T00:00:00.000Z,0.000002899,0.000002946,0.000002892,0.000003017,3553618,,BTS-BTC
429,2020-03-06T00:00:00.000Z,0.00000295,0.000002903,0.000002853,0.000003027,7241056,,BTS-BTC
430,2020-03-07T00:00:00.000Z,0.000002903,0.000002885,0.000002879,0.000002972,4477647,,BTS-BTC
431,2020-03-08T00:00:00.000Z,0.000002884,0.000002661,0.000002578,0.000002884,6032508,,BTS-BTC
432,2020-03-09T00:00:00.000Z,0.000002657,0.000002712,0.000002632,0.000002785,6058143,,BTS-BTC
433,2020-03-10T00:00:00.000Z,0.000002711,0.000002699,0.000002639,0.000002736,4198752,,BTS-BTC
434,2020-03-11T00:00:00.000Z,0.000002714,0.000002525,0.000002463,0.000002729,4995988,,BTS-BTC
435,2020-03-12T00:00:00.000Z,0.000002525,0.000002514,0.000002316,0.000002656,7940826,,BTS-BTC
436,2020-03-13T00:00:00.000Z,0.000002511,0.000002771,0.0000022,0.00000288,14181927,,BTS-BTC
437,2020-03-14T00:00:00.000Z,0.000002776,0.00000282,0.000002717,0.000002872,7106229,,BTS-BTC
438,2020-03-15T00:00:00.000Z,0.000002827,0.000002799,0.000002678,0.000002849,3673762,,BTS-BTC
439,2020-03-16T00:00:00.000Z,0.000002822,0.000002624,0.000002623,0.000002824,3676850,,BTS-BTC
440,2020-03-17T00:00:00.000Z,0.000002623,0.000002687,0.000002602,0.000002712,3173511,,BTS-BTC
441,2020-03-18T00:00:00.000Z,0.000002674,0.000002708,0.000002646,0.000002757,2599870,,BTS-BTC
442,2020-03-19T00:00:00.000Z,0.000002715,0.000002724,0.000002714,0.0000032,10306230,,BTS-BTC
443,2020-03-20T00:00:00.000Z,0.000002716,0.000002737,0.000002604,0.000002823,8721484,,BTS-BTC
444,2020-03-21T00:00:00.000Z,0.000002737,0.000002727,0.000002649,0.00000278,4794447,,BTS-BTC
445,2020-03-22T00:00:00.000Z,0.000002731,0.000002698,0.000002636,0.000002898,5831580,,BTS-BTC
446,2020-03-23T00:00:00.000Z,0.000002687,0.000002683,0.000002658,0.00000279,6345356,,BTS-BTC
447,2020-03-24T00:00:00.000Z,0.000002696,0.000002552,0.000002533,0.000002696,2448199,,BTS-BTC
448,2020-03-25T00:00:00.000Z,0.000002551,0.000002453,0.000002434,0.000002568,3718271,,BTS-BTC
449,2020-03-26T00:00:00.000Z,0.000002445,0.000002464,0.000002435,0.0000026,3036399,,BTS-BTC
450,2020-03-27T00:00:00.000Z,0.000002465,0.000002495,0.000002437,0.000002526,4330195,,BTS-BTC
451,2020-03-28T00:00:00.000Z,0.000002515,0.000002572,0.000002442,0.000002657,6681151,,BTS-BTC
452,2020-03-29T00:00:00.000Z,0.000002568,0.000002556,0.000002502,0.000002694,11825868,,BTS-BTC
453,2020-03-30T00:00:00.000Z,0.000002558,0.000002489,0.000002481,0.000002631,10005454,,BTS-BTC
454,2020-03-31T00:00:00.000Z,0.000002492,0.000002506,0.000002474,0.000002548,3960090,,BTS-BTC
455,2020-04-01T00:00:00.000Z,0.000002506,0.0000025,0.000002477,0.000002559,3780101,,BTS-BTC
456,2020-04-02T00:00:00.000Z,0.000002492,0.000002514,0.000002443,0.000002553,3001468,,BTS-BTC
457,2020-04-03T00:00:00.000Z,0.000002509,0.000002505,0.00000247,0.00000252,3470912,,BTS-BTC
458,2020-04-04T00:00:00.000Z,0.000002498,0.000002583,0.000002488,0.000002587,6877310,,BTS-BTC
459,2020-04-05T00:00:00.000Z,0.000002588,0.000002557,0.000002518,0.000002669,7486582,,BTS-BTC
460,2020-04-06T00:00:00.000Z,0.000002558,0.000002552,0.000002479,0.000002581,7870071,,BTS-BTC
461,2020-04-07T00:00:00.000Z,0.00000255,0.000002516,0.000002503,0.00000258,3788115,,BTS-BTC
462,2020-04-08T00:00:00.000Z,0.000002514,0.000002534,0.000002485,0.000002554,4642527,,BTS-BTC
463,2020-04-09T00:00:00.000Z,0.000002541,0.000002539,0.000002523,0.000002567,4259139,,BTS-BTC
464,2020-04-10T00:00:00.000Z,0.000002541,0.000002498,0.000002447,0.000002545,5389105,,BTS-BTC
465,2020-04-11T00:00:00.000Z,0.000002499,0.000002484,0.000002472,0.000002547,5756381,,BTS-BTC
466,2020-04-12T00:00:00.000Z,0.000002485,0.000002472,0.000002441,0.000002502,3943679,,BTS-BTC
467,2020-04-13T00:00:00.000Z,0.000002468,0.000002477,0.000002451,0.000002523,3885637,,BTS-BTC
468,2020-04-14T00:00:00.000Z,0.000002475,0.000002464,0.000002445,0.000002486,2266523,,BTS-BTC
469,2020-04-15T00:00:00.000Z,0.000002464,0.000002447,0.00000244,0.000002489,3904081,,BTS-BTC
470,2020-04-16T00:00:00.000Z,0.000002452,0.000002397,0.000002352,0.000002465,5206636,,BTS-BTC
471,2020-04-17T00:00:00.000Z,0.000002402,0.000002438,0.000002381,0.000002455,3350352,,BTS-BTC
472,2020-04-18T00:00:00.000Z,0.000002443,0.000002443,0.000002411,0.000002457,3035801,,BTS-BTC
473,2020-04-19T00:00:00.000Z,0.000002442,0.000002398,0.000002371,0.000002449,5218752,,BTS-BTC
474,2020-04-20T00:00:00.000Z,0.000002406,0.000002367,0.000002351,0.000002414,3970861,,BTS-BTC
475,2020-04-21T00:00:00.000Z,0.000002372,0.000002341,0.000002335,0.000002399,3681745,,BTS-BTC
476,2020-04-22T00:00:00.000Z,0.000002349,0.000002374,0.000002321,0.000002429,4635834,,BTS-BTC
477,2020-04-23T00:00:00.000Z,0.000002373,0.000002341,0.000002305,0.000002390,3553190,,BTS-BTC
478,2020-04-24T00:00:00.000Z,0.000002336,0.000002320,0.000002276,0.000002340,4383888,,BTS-BTC
479,2020-04-25T00:00:00.000Z,0.000002330,0.000002316,0.000002310,0.000002368,4132603,,BTS-BTC
480,2020-04-26T00:00:00.000Z,0.000002321,0.000002359,0.000002283,0.000002395,5746244,,BTS-BTC
481,2020-04-27T00:00:00.000Z,0.000002360,0.000002309,0.000002241,0.000002529,14326658,,BTS-BTC
482,2020-04-28T00:00:00.000Z,0.000002317,0.000002411,0.000002299,0.000002458,9077394,,BTS-BTC
483,2020-04-29T00:00:00.000Z,0.000002390,0.000002291,0.000002245,0.000002474,7580419,,BTS-BTC
484,2020-04-30T00:00:00.000Z,0.000002288,0.000002255,0.000002201,0.000002361,8156821,,BTS-BTC
485,2020-05-01T00:00:00.000Z,0.000002257,0.000002400,0.000002237,0.000002438,7186324,,BTS-BTC
486,2020-05-02T00:00:00.000Z,0.000002398,0.000002326,0.000002305,0.000002414,4748757,,BTS-BTC
487,2020-05-03T00:00:00.000Z,0.000002323,0.000002285,0.000002255,0.000002348,5520967,,BTS-BTC
488,2020-05-04T00:00:00.000Z,0.000002280,0.000002241,0.000002211,0.000002285,5476524,,BTS-BTC
489,2020-05-05T00:00:00.000Z,0.000002235,0.000002304,0.000002202,0.000002431,7966905,,BTS-BTC
490,2020-05-06T00:00:00.000Z,0.000002306,0.000002193,0.000002175,0.000002313,12032532,,BTS-BTC
491,2020-05-07T00:00:00.000Z,0.000002189,0.000002051,0.000002014,0.000002206,6661200,,BTS-BTC
492,2020-05-08T00:00:00.000Z,0.000002071,0.000002074,0.000002013,0.000002106,5663673,,BTS-BTC
493,2020-05-09T00:00:00.000Z,0.000002072,0.000002136,0.000002055,0.000002188,4899053,,BTS-BTC
494,2020-05-10T00:00:00.000Z,0.000002142,0.000002158,0.000002076,0.000002195,5973898,,BTS-BTC
495,2020-05-11T00:00:00.000Z,0.000002122,0.000002065,0.000002047,0.000002168,1608313,,BTS-BTC
496,2020-05-12T00:00:00.000Z,0.000002064,0.000002062,0.000002034,0.000002077,7958075,,BTS-BTC
497,2020-05-13T00:00:00.000Z,0.000002062,0.000002020,0.000002007,0.000002068,3633524,,BTS-BTC
498,2020-05-14T00:00:00.000Z,0.000002020,0.000001962,0.000001929,0.000002028,1055518,,BTS-BTC
499,2020-05-15T00:00:00.000Z,0.000001949,0.000001981,0.000001931,0.000002036,2764606,,BTS-BTC
