,time,open,close,high,low,volume,turnover,market_name
0,1593043200,0.00000162,0.00000158,0.00000163,0.00000139,5309153.9175,7.741815858862,MTV-ETH
1,1592956800,0.00000198,0.00000158,0.00000198,0.0000015,14040722.98927512,24.1411730565229816,MTV-ETH
2,1592870400,0.0000016,0.00000196,0.00000214,0.00000144,13607270.61835238,25.374843912820998,MTV-ETH
3,1592784000,0.00000176,0.0000016,0.00000176,0.00000157,3200561.5954,5.378230759108,MTV-ETH
4,1592697600,0.0000018,0.00000174,0.00000187,0.00000164,12064871.89155221,20.897350190045978,MTV-ETH
5,1592611200,0.00000192,0.00000182,0.00000192,0.00000177,865060.3101,1.586084294896,MTV-ETH
6,1592524800,0.00000187,0.00000195,0.00000195,0.00000179,962386.73,1.775832282451,MTV-ETH
7,1592438400,0.00000192,0.00000186,0.00000196,0.00000186,1698829.8393,3.224690627078,MTV-ETH
8,1592352000,0.00000192,0.00000192,0.00000211,0.00000192,1901835.60899154,3.7698469719289954,MTV-ETH
9,1592265600,0.00000196,0.00000192,0.00000201,0.00000187,3063800.8474,5.896131943973,MTV-ETH
10,1592179200,0.00000192,0.00000192,0.00000207,0.00000189,4453914.8468,8.623722715307,MTV-ETH
11,1592092800,0.00000195,0.00000191,0.000002,0.00000191,769414.1074,1.513745706282,MTV-ETH
12,1592006400,0.00000227,0.00000199,0.00000231,0.00000185,18414224.7259636,38.3813282349589556,MTV-ETH
13,1591920000,0.00000207,0.00000218,0.0000028,0.00000195,22952651.78298555,51.1434538446099722,MTV-ETH
14,1591833600,0.00000163,0.000002,0.00000267,0.00000161,15822267.22169493,31.1023590267689916,MTV-ETH
15,1591747200,0.0000017,0.00000163,0.00000177,0.00000157,8549846.72564375,14.036334236862,MTV-ETH
16,1591660800,0.00000174,0.00000173,0.00000187,0.00000169,1511747.7634,2.671948025069,MTV-ETH
17,1591574400,0.00000181,0.00000175,0.00000183,0.00000168,2382564.15278181,4.1586687044469856,MTV-ETH
18,1591488000,0.00000183,0.00000181,0.00000225,0.00000174,3566244.92884429,6.6643555812289788,MTV-ETH
19,1591401600,0.00000184,0.00000183,0.00000186,0.0000018,1719428.7347,3.150444709888,MTV-ETH
20,1591315200,0.00000209,0.00000184,0.00000209,0.0000018,2058988.1539,3.894002599368,MTV-ETH
21,1591228800,0.00000164,0.00000207,0.00000211,0.00000158,7602757.38926551,14.3914807572039853,MTV-ETH
22,1591142400,0.0000017,0.00000164,0.0000018,0.00000157,5953606.6792,9.95669559377,MTV-ETH
23,1591056000,0.00000209,0.00000172,0.00000209,0.00000161,16213396.58354048,28.63542130432098,MTV-ETH
24,1590969600,0.00000192,0.00000206,0.00000248,0.00000187,9274976.55837406,20.1868402679079696,MTV-ETH
25,1590883200,0.00000197,0.00000191,0.00000219,0.00000178,28955579.06168947,55.857861328378993,MTV-ETH
26,1590796800,0.00000211,0.00000195,0.00000251,0.00000181,15381473.93650701,32.8691517473679672,MTV-ETH
27,1590710400,0.00000168,0.00000213,0.00000232,0.00000159,21569394.27041635,43.678850431135927,MTV-ETH
28,1590624000,0.0000013,0.00000169,0.00000175,0.00000117,39492076.85482306,58.5245594189629758,MTV-ETH
29,1590537600,0.00000122,0.00000126,0.00000134,0.00000113,4120013.4533,5.192453687924,MTV-ETH
30,1590451200,0.00000127,0.00000123,0.00000134,0.00000113,18823006.87223023,23.0178730034169967,MTV-ETH
31,1590364800,0.00000144,0.00000127,0.00000144,0.00000115,8752884.2787,11.334503533726,MTV-ETH
32,1590278400,0.00000136,0.00000141,0.00000146,0.00000116,29360018.27339793,38.4255510927529778,MTV-ETH
33,1590192000,0.00000093,0.00000136,0.00000158,0.00000093,38023595.59862351,47.4779083096649479,MTV-ETH
34,1590105600,0.00000092,0.00000094,0.00000098,0.00000089,2673749.5795,2.445425019721,MTV-ETH
35,1590019200,0.00000093,0.00000092,0.00000099,0.00000091,2181378.46044468,2.0362872829979884,MTV-ETH
36,1589932800,0.00000097,0.00000093,0.00000097,0.00000088,6578730.1027,6.032339568431,MTV-ETH
37,1589846400,0.00000094,0.00000095,0.00000103,0.00000094,1573349.816,1.560265750116,MTV-ETH
38,1589760000,0.00000106,0.00000093,0.0000011,0.00000091,7670809.38876804,7.4660051056909988,MTV-ETH
39,1589673600,0.00000096,0.00000103,0.00000117,0.00000092,19042119.82654793,19.5765160728270092,MTV-ETH
40,1589587200,0.00000094,0.00000098,0.00000098,0.00000089,2823504.47031224,2.5955773334259952,MTV-ETH
41,1589500800,0.00000092,0.00000093,0.00000096,0.0000009,7606886.6349,7.17773439941,MTV-ETH
42,1589414400,0.00000093,0.00000092,0.000001,0.0000009,17307367.5101,16.607825886953,MTV-ETH
43,1589328000,0.00000098,0.00000094,0.000001,0.00000093,8009479.685814,7.689998103273,MTV-ETH
44,1589241600,0.00000098,0.00000099,0.00000102,0.00000094,3187942.1827,3.163089844786,MTV-ETH
45,1589155200,0.00000098,0.00000097,0.00000101,0.00000093,2269803.1947,2.215822326117,MTV-ETH
46,1589068800,0.00000086,0.00000099,0.00000105,0.00000084,7343029.35220573,7.2557888678479753,MTV-ETH
47,1588982400,0.00000087,0.00000084,0.00000089,0.00000084,5387944.4246,4.671939745988,MTV-ETH
48,1588896000,0.00000093,0.00000087,0.00000098,0.00000084,5260185.71,4.683772989652,MTV-ETH
49,1588809600,0.00000094,0.00000092,0.00000108,0.00000088,33175099.45182038,32.8138273716959914,MTV-ETH
50,1588723200,0.00000099,0.00000094,0.00000101,0.00000084,7560532.7024,6.73993892016,MTV-ETH
51,1588636800,0.00000099,0.00000097,0.00000104,0.00000093,8317249.5201,8.09186058903,MTV-ETH
52,1588550400,0.00000085,0.000001,0.00000118,0.00000085,29577968.5042,30.707525428864,MTV-ETH
53,1588464000,0.00000081,0.00000084,0.00000087,0.0000008,4147621.4777,3.482829148788,MTV-ETH
54,1588377600,0.00000083,0.00000081,0.00000084,0.00000081,1102483.67,0.909417387174,MTV-ETH
55,1588291200,0.00000087,0.00000084,0.0000009,0.00000079,9400968.8096,7.937582374766,MTV-ETH
56,1588204800,0.00000086,0.00000087,0.00000105,0.0000008,17695642.2908,15.596024376878,MTV-ETH
57,1588118400,0.00000092,0.00000088,0.00000094,0.0000008,8787201.4655,7.713451791824,MTV-ETH
58,1588032000,0.000001,0.00000094,0.00000104,0.00000086,20348147.7187,19.290566776388,MTV-ETH
59,1587945600,0.00000107,0.00000098,0.00000109,0.00000096,24155356.8827,24.085500275483,MTV-ETH
60,1587859200,0.000001,0.00000102,0.00000165,0.000001,22679855.3976,27.810859884992,MTV-ETH
61,1587772800,0.00000107,0.00000098,0.00000107,0.00000095,3390452.6971,3.380040150245,MTV-ETH
62,1587686400,0.00000118,0.00000105,0.00000118,0.00000101,4136778.9599,4.366844883116,MTV-ETH
63,1587600000,0.00000118,0.0000012,0.0000012,0.00000108,6757153.20499067,7.7113962439749902,MTV-ETH
64,1587513600,0.0000011,0.00000119,0.00000145,0.00000108,6826706.0122,8.33099395286,MTV-ETH
65,1587427200,0.00000115,0.00000106,0.00000118,0.00000103,5476022.0529,5.817729195866,MTV-ETH
66,1587340800,0.00000115,0.00000114,0.00000118,0.00000109,1323570.3382,1.529049257167,MTV-ETH
67,1587254400,0.00000114,0.00000115,0.00000119,0.00000111,1691835.6453,1.937487524782,MTV-ETH
68,1587168000,0.00000127,0.00000114,0.00000131,0.00000111,4613720.229,5.667060291568,MTV-ETH
69,1587081600,0.0000014,0.00000127,0.00000171,0.0000012,6041825.6465,7.970943641328,MTV-ETH
70,1586995200,0.0000014,0.00000126,0.00000141,0.00000122,3466144.9317,4.516710042107,MTV-ETH
71,1586908800,0.00000138,0.00000136,0.00000186,0.00000136,2606020.32721318,3.8282021082149876,MTV-ETH
72,1586822400,0.00000151,0.00000138,0.00000151,0.00000138,407866.8512,0.583837824292,MTV-ETH
73,1586736000,0.00000152,0.00000142,0.00000152,0.00000135,434290.526,0.604650988002,MTV-ETH
74,1586649600,0.00000153,0.00000138,0.00000156,0.00000138,195539.6603,0.278198048744,MTV-ETH
75,1586563200,0.00000152,0.00000156,0.00000156,0.00000151,566516.5691,0.878950777731,MTV-ETH
76,1586476800,0.00000144,0.00000151,0.00000156,0.00000143,1079928.9057,1.570602856478,MTV-ETH
77,1586390400,0.00000151,0.00000149,0.00000153,0.00000135,2331388.0129,3.366754192436,MTV-ETH
78,1586304000,0.00000151,0.00000151,0.00000154,0.00000145,347827.8603,0.527625582878,MTV-ETH
79,1586217600,0.0000015,0.00000155,0.00000159,0.00000146,1255015.558,1.907056616229,MTV-ETH
80,1586131200,0.00000168,0.00000154,0.00000168,0.00000144,4076272.8105,6.41586979903,MTV-ETH
81,1586044800,0.00000168,0.00000167,0.00000175,0.00000164,1054625.3959,1.789005173514,MTV-ETH
82,1585958400,0.0000016,0.00000168,0.00000168,0.00000159,417809.5481,0.689321775273,MTV-ETH
83,1585872000,0.00000158,0.00000165,0.00000166,0.00000157,769411.2113,1.242860734448,MTV-ETH
84,1585785600,0.00000177,0.0000016,0.00000178,0.00000151,954079.8534,1.6186910978,MTV-ETH
85,1585699200,0.00000173,0.00000178,0.0000018,0.00000173,148244.7037,0.260133527165,MTV-ETH
86,1585612800,0.00000175,0.00000174,0.00000178,0.00000174,90278.9666,0.159787824819,MTV-ETH
87,1585526400,0.00000175,0.00000176,0.0000018,0.0000017,1321191.56,2.291014222081,MTV-ETH
88,1585440000,0.00000182,0.00000173,0.00000186,0.00000172,147179.6573,0.264937482181,MTV-ETH
89,1585353600,0.00000181,0.00000182,0.00000203,0.00000176,2244822.87943087,4.1542567018239617,MTV-ETH
90,1585267200,0.00000164,0.00000182,0.00000184,0.00000161,1068227.4519,1.785084938554,MTV-ETH
91,1585180800,0.00000178,0.00000166,0.00000178,0.0000016,12802350.7654,22.058609412412,MTV-ETH
92,1585094400,0.0000017,0.00000178,0.0000018,0.0000017,234090.42,0.416563049257,MTV-ETH
93,1585008000,0.00000174,0.00000179,0.00000199,0.00000162,4884427.39918592,8.4679357374699808,MTV-ETH
94,1584921600,0.00000188,0.00000182,0.00000195,0.00000172,3753647.04153516,6.7981090529909912,MTV-ETH
95,1584835200,0.00000177,0.0000019,0.0000019,0.0000017,876316.15494689,1.5643839218609953,MTV-ETH
96,1584748800,0.00000163,0.00000163,0.00000178,0.00000163,1168072.7065,1.96225321771,MTV-ETH
97,1584662400,0.00000192,0.00000181,0.00000193,0.00000165,4052588.6763,7.064367785649,MTV-ETH
98,1584576000,0.00000198,0.00000185,0.00000204,0.00000179,1375927.5145,2.652789555003,MTV-ETH
99,1584489600,0.00000199,0.00000203,0.00000218,0.0000019,743740.5373,1.508416684529,MTV-ETH
100,1584403200,0.000002,0.0000021,0.00000244,0.00000187,8057337.1612,17.724097621203,MTV-ETH
101,1584316800,0.00000217,0.00000201,0.00000225,0.00000163,3827830.41098522,7.5674019911119966,MTV-ETH
102,1584230400,0.00000182,0.00000204,0.00000216,0.00000182,610616.1633,1.180028889263,MTV-ETH
103,1584144000,0.00000187,0.00000185,0.00000199,0.00000171,3615514.1088,6.637464301184,MTV-ETH
104,1584057600,0.00000203,0.00000187,0.00000207,0.00000167,4881066.8068,8.799786039981,MTV-ETH
105,1583971200,0.00000214,0.00000204,0.00000232,0.00000187,8065791.857,16.789106583251,MTV-ETH
106,1583884800,0.00000214,0.00000214,0.00000228,0.00000207,436766.9723,0.941377077015,MTV-ETH
107,1583798400,0.00000222,0.00000215,0.00000233,0.0000021,420951.4427,0.919713523879,MTV-ETH
108,1583712000,0.00000229,0.00000223,0.00000244,0.00000208,332567.01546352,0.7451995018029888,MTV-ETH
109,1583625600,0.00000224,0.00000232,0.00000239,0.00000196,1730562.8966,3.760435143522,MTV-ETH
110,1583539200,0.00000223,0.00000223,0.00000227,0.00000219,497881.5135,1.114329511404,MTV-ETH
111,1583452800,0.00000237,0.00000224,0.00000243,0.0000022,1863011.0324,4.23539785635,MTV-ETH
112,1583366400,0.00000224,0.00000236,0.00000241,0.00000224,1152817.88492904,2.6990158626079864,MTV-ETH
113,1583280000,0.00000231,0.00000226,0.00000242,0.00000223,1420262.9433,3.277770441516,MTV-ETH
114,1583193600,0.00000221,0.00000231,0.0000024,0.00000217,2782895.57,6.497096769042,MTV-ETH
115,1583107200,0.0000023,0.00000218,0.00000236,0.00000215,654662.4476,1.468216996865,MTV-ETH
116,1583020800,0.00000229,0.0000023,0.00000241,0.00000222,440630.3511,1.006619432814,MTV-ETH
117,1582934400,0.00000217,0.00000228,0.00000243,0.00000212,976798.14527078,2.2038395531889954,MTV-ETH
118,1582848000,0.00000217,0.0000022,0.00000296,0.00000212,2217513.5211,5.098655283822,MTV-ETH
119,1582761600,0.00000212,0.00000225,0.00000292,0.00000189,1978135.0855,4.217285507925,MTV-ETH
120,1582675200,0.00000224,0.00000209,0.00000225,0.0000018,6965599.1967,13.848167568958,MTV-ETH
121,1582588800,0.00000237,0.00000223,0.00000244,0.00000199,2168465.3006,4.629440959089,MTV-ETH
122,1582502400,0.00000244,0.00000243,0.00000257,0.0000023,2156281.99870946,5.2858666479689878,MTV-ETH
123,1582416000,0.00000245,0.00000244,0.0000028,0.00000226,9857568.0683,24.778598426807,MTV-ETH
124,1582329600,0.0000023,0.00000246,0.00000265,0.00000226,4362499.6588,10.635091245641,MTV-ETH
125,1582243200,0.00000225,0.00000227,0.00000244,0.00000221,241810.7617,0.546796148712,MTV-ETH
126,1582156800,0.00000232,0.00000228,0.00000239,0.00000224,2395695.6321,5.50778699533,MTV-ETH
127,1582070400,0.00000208,0.00000232,0.00000238,0.00000206,1913810.211,4.181220645806,MTV-ETH
128,1581984000,0.00000222,0.0000021,0.00000324,0.00000204,2157211.19530802,4.6877456228189848,MTV-ETH
129,1581897600,0.00000204,0.00000222,0.00000224,0.000002,3117553.6948,6.799352359229,MTV-ETH
130,1581811200,0.00000199,0.00000206,0.00000235,0.00000197,1747031.98932808,3.746846491810988,MTV-ETH
131,1581724800,0.00000211,0.00000197,0.00000235,0.00000193,3505002.6567,7.460321769609,MTV-ETH
132,1581638400,0.00000222,0.00000211,0.0000023,0.00000207,2846607.5746,6.136864200456,MTV-ETH
133,1581552000,0.00000195,0.0000022,0.00000236,0.00000195,4384947.1431,9.708097134525,MTV-ETH
134,1581465600,0.00000212,0.000002,0.00000221,0.00000192,1443327.7152,2.967649410601,MTV-ETH
135,1581379200,0.00000225,0.00000212,0.00000231,0.00000201,4280968.3885,8.995747181976,MTV-ETH
136,1581292800,0.00000233,0.00000224,0.00000237,0.00000213,2074444.056,4.665853655006,MTV-ETH
137,1581206400,0.00000228,0.00000232,0.0000029,0.00000221,4690113.98081793,10.781701807325997,MTV-ETH
138,1581120000,0.00000196,0.0000023,0.00000236,0.00000193,6772821.1252,15.24507475928,MTV-ETH
139,1581033600,0.00000203,0.00000196,0.00000211,0.00000194,1395958.8794,2.763301285708,MTV-ETH
140,1580947200,0.00000203,0.00000203,0.0000022,0.00000196,2426338.8502,4.950115489466,MTV-ETH
141,1580860800,0.00000211,0.00000202,0.00000215,0.00000195,1197096.9623,2.477814822109,MTV-ETH
142,1580774400,0.00000212,0.00000211,0.00000227,0.0000021,2718338.1517023,5.942096023846991,MTV-ETH
143,1580688000,0.00000208,0.00000213,0.00000262,0.00000202,2821307.65330866,6.0143433670259681,MTV-ETH
144,1580601600,0.0000021,0.00000208,0.0000021,0.00000199,4365536.8389,8.837878830344,MTV-ETH
145,1580515200,0.00000216,0.00000208,0.00000216,0.00000207,556181.2909,1.17183986551,MTV-ETH
146,1580428800,0.00000225,0.00000216,0.00000236,0.00000206,2473175.8247,5.437953391573,MTV-ETH
147,1580342400,0.00000237,0.00000224,0.00000245,0.00000215,2625428.1491,6.118169556763,MTV-ETH
148,1580256000,0.00000228,0.00000236,0.00000251,0.00000225,808656.3563,1.855747844426,MTV-ETH
149,1580169600,0.00000232,0.0000023,0.00000233,0.00000227,1168754.7979,2.687090174638,MTV-ETH
150,1580083200,0.00000251,0.00000233,0.00000254,0.00000224,1906570.3936,4.62150208326,MTV-ETH
151,1579996800,0.00000271,0.00000248,0.00000315,0.00000246,2529711.0589,6.526610171304,MTV-ETH
152,1579910400,0.00000264,0.00000271,0.00000337,0.00000251,2885663.9356,8.218441233514,MTV-ETH
153,1579824000,0.00000245,0.00000265,0.00000285,0.00000242,2711367.2093,6.971945528516,MTV-ETH
154,1579737600,0.00000233,0.00000242,0.0000026,0.00000229,6275453.8289,15.192394787074,MTV-ETH
155,1579651200,0.00000236,0.00000222,0.00000236,0.00000222,1661299.0571,3.739260154463,MTV-ETH
156,1579564800,0.00000239,0.00000233,0.00000239,0.00000232,781046.8233,1.824699698249,MTV-ETH
157,1579478400,0.00000238,0.00000234,0.00000246,0.00000231,760980.7364,1.807969732989,MTV-ETH
158,1579392000,0.00000232,0.0000024,0.00000244,0.00000229,2145921.6065,5.112742306579,MTV-ETH
159,1579305600,0.00000223,0.00000229,0.00000331,0.0000022,1078021.4786,2.45071852749,MTV-ETH
160,1579219200,0.00000231,0.00000219,0.00000237,0.00000215,1948627.695,4.314292839789,MTV-ETH
161,1579132800,0.00000259,0.00000232,0.00000352,0.00000218,5881724.95276534,14.3977117542849968,MTV-ETH
162,1579046400,0.0000026,0.00000255,0.00000269,0.0000025,1887490.6544,4.780133330817,MTV-ETH
163,1578960000,0.00000302,0.00000257,0.00000326,0.00000256,6038806.0156,17.073874136334,MTV-ETH
164,1578873600,0.00000303,0.00000303,0.00000312,0.0000029,1953227.3043,5.936679200321,MTV-ETH
165,1578787200,0.00000296,0.00000307,0.00000317,0.00000284,2378439.0002,7.194370850777,MTV-ETH
166,1578700800,0.00000292,0.00000298,0.00000298,0.00000285,731597.9654,2.120309632803,MTV-ETH
167,1578614400,0.00000323,0.00000288,0.0000035,0.00000286,3865472.6456,12.432789463093,MTV-ETH
168,1578528000,0.00000319,0.00000322,0.00000322,0.00000307,3411853.8865,10.867333686965,MTV-ETH
169,1578441600,0.00000308,0.00000319,0.00000339,0.00000287,10810149.08686354,33.1145890709249846,MTV-ETH
170,1578355200,0.00000344,0.00000303,0.00000345,0.000003,10385212.9051,33.232513692646,MTV-ETH
171,1578268800,0.00000364,0.00000344,0.00000374,0.00000337,6453952.2211,22.197098905937,MTV-ETH
172,1578182400,0.00000387,0.00000368,0.00000388,0.00000364,1895070.3884,7.173542230263,MTV-ETH
173,1578096000,0.00000388,0.00000388,0.00000404,0.00000377,6067940.78071716,23.6106395909409832,MTV-ETH
174,1578009600,0.00000432,0.00000388,0.00000463,0.00000387,4509339.6913,19.079852360634,MTV-ETH
175,1577923200,0.00000441,0.00000432,0.00000446,0.0000043,308628.4003,1.345166534558,MTV-ETH
176,1577836800,0.00000457,0.0000044,0.00000457,0.00000435,655901.8572,2.898824874824,MTV-ETH
177,1577750400,0.00000457,0.00000457,0.00000457,0.00000436,699903.1542,3.116864926116,MTV-ETH
178,1577664000,0.00000445,0.00000452,0.00000453,0.0000044,257311.7835,1.16017086901,MTV-ETH
179,1577577600,0.0000047,0.0000044,0.00000472,0.0000044,2201481.1899,9.94451931501,MTV-ETH
180,1577491200,0.00000494,0.0000047,0.00000494,0.0000047,326004.2037,1.596834657033,MTV-ETH
181,1577404800,0.00000497,0.00000495,0.00000497,0.00000487,327125.9573,1.602911656509,MTV-ETH
182,1577318400,0.00000495,0.00000495,0.0000052,0.00000488,975156.6251,4.950976706558,MTV-ETH
183,1577232000,0.00000465,0.00000494,0.00000503,0.00000465,887694.0033,4.337463133174,MTV-ETH
184,1577145600,0.00000473,0.00000465,0.00000487,0.00000464,547026.3539,2.603039524568,MTV-ETH
185,1577059200,0.00000463,0.00000475,0.00000502,0.0000045,637155.8066,2.959171641749,MTV-ETH
186,1576972800,0.00000511,0.00000463,0.00000511,0.00000455,1072504.818,5.192980095685,MTV-ETH
187,1576886400,0.00000504,0.00000508,0.0000054,0.000005,813797.3851,4.218378351929,MTV-ETH
188,1576800000,0.00000491,0.00000501,0.00000545,0.00000491,1149587.4525,5.920733813549,MTV-ETH
189,1576713600,0.0000044,0.00000487,0.00000506,0.00000435,2760345.4406,12.942934916829,MTV-ETH
190,1576627200,0.00000465,0.00000438,0.00000466,0.0000043,792976.8121,3.52496483162,MTV-ETH
191,1576540800,0.00000447,0.00000467,0.00000479,0.00000427,2945985.0822,13.068272551952,MTV-ETH
192,1576454400,0.00000448,0.00000445,0.00000467,0.00000372,2840534.5923,12.514071796311,MTV-ETH
193,1576368000,0.00000451,0.00000449,0.00000466,0.00000447,1279692.2099,5.813961487744,MTV-ETH
194,1576281600,0.0000045,0.00000448,0.00000473,0.00000448,607586.8067,2.758561371955,MTV-ETH
195,1576195200,0.00000479,0.00000445,0.000005,0.00000433,6227346.6898,28.26718120992,MTV-ETH
196,1576108800,0.00000513,0.00000479,0.00000675,0.00000475,4881939.1051234,25.16183870508695,MTV-ETH
197,1576022400,0.00000559,0.00000513,0.00000673,0.00000468,4226228.7844,21.56280082051,MTV-ETH
198,1575936000,0.00000589,0.0000056,0.00000589,0.00000521,1166704.4843,6.523855792465,MTV-ETH
199,1575849600,0.00000578,0.00000602,0.00000622,0.00000552,1375781.8735,8.071618357788,MTV-ETH
200,1575763200,0.0000049,0.00000578,0.00000635,0.00000486,3084461.3032,17.627568152247,MTV-ETH
201,1575676800,0.00000507,0.00000489,0.00000507,0.00000451,5357212.51997241,25.7655308029389813,MTV-ETH
202,1575590400,0.00000536,0.00000512,0.00000575,0.00000502,2458010.8073,12.889165142257,MTV-ETH
203,1575504000,0.00000572,0.00000538,0.00000633,0.00000491,3695678.1678,19.784802188376,MTV-ETH
204,1575417600,0.0000057,0.00000578,0.00000662,0.00000563,8866534.379487,54.1232900307371,MTV-ETH
205,1575331200,0.00000423,0.00000565,0.0000063,0.00000423,7750009.81028042,42.4904954506493292,MTV-ETH
206,1575244800,0.00000398,0.00000428,0.00000445,0.00000398,1871775.6143,7.86911156630434,MTV-ETH
207,1575158400,0.000004,0.00000395,0.00000436,0.00000381,2076402.1684,8.294130973617,MTV-ETH
208,1575072000,0.00000391,0.00000401,0.00000402,0.00000381,646598.1033,2.524695693282,MTV-ETH
209,1574985600,0.0000041,0.00000391,0.00000416,0.00000353,1919796.2181,7.450623786403,MTV-ETH
210,1574899200,0.00000402,0.00000415,0.00000441,0.00000388,2665287.951817,10.61214873412397,MTV-ETH
211,1574812800,0.00000415,0.00000405,0.00000441,0.00000401,1742665.2394,7.193562147246,MTV-ETH
212,1574726400,0.00000415,0.00000422,0.00000427,0.00000409,926265.7509,3.893055412566,MTV-ETH
213,1574640000,0.00000443,0.00000407,0.00000443,0.00000404,1548308.1945,6.401265218969,MTV-ETH
214,1574553600,0.00000418,0.00000443,0.00000445,0.00000406,2196909.1073,9.419140161488,MTV-ETH
215,1574467200,0.00000413,0.00000418,0.00000426,0.00000404,651471.4246,2.697901814996,MTV-ETH
216,1574380800,0.00000405,0.00000413,0.00000499,0.00000403,2651306.07844558,11.3329709312159592,MTV-ETH
217,1574294400,0.00000433,0.00000411,0.00000441,0.00000401,2267690.8772,9.485852876387,MTV-ETH
218,1574208000,0.00000424,0.00000433,0.00000473,0.00000394,1333803.2612,5.820364586887,MTV-ETH
219,1574121600,0.00000455,0.0000042,0.00000456,0.00000411,2184057.2284,9.434180402448,MTV-ETH
220,1574035200,0.00000443,0.00000455,0.0000046,0.00000431,1297320.4829,5.730407481322,MTV-ETH
221,1573948800,0.00000453,0.00000443,0.00000475,0.00000422,1845901.9239,8.044181953266,MTV-ETH
222,1573862400,0.0000045,0.00000454,0.00000469,0.00000445,2690801.9323,12.271533758918,MTV-ETH
223,1573776000,0.00000436,0.0000045,0.00000488,0.00000426,5072862.21073626,23.031806590233361,MTV-ETH
224,1573689600,0.00000416,0.00000435,0.00000445,0.00000388,1811170.84136,7.851230104521,MTV-ETH
225,1573603200,0.00000414,0.00000415,0.00000425,0.00000395,949271.71798823,3.9430947656369775,MTV-ETH
226,1573516800,0.00000442,0.00000412,0.00000442,0.00000392,617696.4715,2.570306584351,MTV-ETH
227,1573430400,0.00000442,0.00000445,0.00000445,0.000004,2300540.8519,9.566526430726,MTV-ETH
228,1573344000,0.00000432,0.00000442,0.00000455,0.00000432,1310941.1169,5.83434508793,MTV-ETH
229,1573257600,0.00000415,0.00000428,0.00000481,0.00000383,3903238.4265054,16.366691415982974,MTV-ETH
230,1573171200,0.00000395,0.00000412,0.00000421,0.00000386,2779056.2199,11.164125106558,MTV-ETH
231,1573084800,0.00000401,0.000004,0.00000415,0.00000394,1388296.6739,5.644410925132,MTV-ETH
232,1572998400,0.00000405,0.00000402,0.00000417,0.00000382,1354037.6149,5.359076889899,MTV-ETH
233,1572912000,0.00000411,0.00000402,0.00000421,0.00000393,2042370.2105,8.268123768398,MTV-ETH
234,1572825600,0.00000429,0.00000406,0.0000043,0.00000405,10412350.72923093,43.3841581487989781,MTV-ETH
235,1572739200,0.00000447,0.00000424,0.00000447,0.00000414,1300067.8116,5.602927615065,MTV-ETH
236,1572652800,0.00000463,0.00000437,0.0000055,0.00000431,2355018.5766,10.938953684624,MTV-ETH
237,1572566400,0.00000459,0.0000046,0.00000471,0.00000412,2877700.0384,12.675571798168,MTV-ETH
238,1572480000,0.00000478,0.00000452,0.00000478,0.00000431,1068383.8527,4.880715003755,MTV-ETH
239,1572393600,0.0000044,0.00000481,0.00000518,0.00000432,3936810.1012,18.69915709652,MTV-ETH
240,1572307200,0.00000411,0.00000439,0.00000439,0.00000393,2157117.5576,8.931879350363,MTV-ETH
241,1572220800,0.00000436,0.00000412,0.00000466,0.000004,3711843.37106714,15.732056722621988,MTV-ETH
242,1572134400,0.00000485,0.00000439,0.00000485,0.0000042,3598038.03968521,16.2629688650079513,MTV-ETH
243,1572048000,0.0000053,0.0000049,0.00000581,0.00000409,7802768.11241863,36.9551716480269829,MTV-ETH
244,1571961600,0.00000661,0.00000533,0.00000677,0.00000518,10673900.3517,61.624389152865,MTV-ETH
245,1571875200,0.0000082,0.00000661,0.00000876,0.00000629,6722791.6503,46.442215523984,MTV-ETH
246,1571788800,0.00000978,0.00000821,0.00001003,0.00000802,6443938.11713344,60.6849742031269357,MTV-ETH
247,1571702400,0.0000097,0.00000977,0.00001056,0.00000958,39878116.47026522,397.185644889031939,MTV-ETH
248,1571616000,0.00000923,0.0000097,0.00001015,0.00000898,38574514.5239,365.150716103339,MTV-ETH
249,1571529600,0.00000881,0.00000923,0.00001,0.00000865,18317269.2598,174.075942904601,MTV-ETH
250,1571443200,0.00000809,0.00000881,0.00000927,0.0000075,562542.0263,4.708792978934,MTV-ETH
251,1571356800,0.00000839,0.0000081,0.00000839,0.00000707,281959.1697,2.219379243308,MTV-ETH
252,1571270400,0.00000865,0.00000864,0.00000897,0.00000806,377040.3258,3.152853442563,MTV-ETH
253,1571184000,0.00001018,0.00000829,0.00001048,0.000008,4428951.213,38.383716139137,MTV-ETH
254,1571097600,0.00001028,0.00001018,0.000011,0.0000101,373188.4309,3.859123046689,MTV-ETH
255,1571011200,0.00001199,0.00001029,0.00001199,0.00001,1556958.5741,16.190639922462,MTV-ETH
256,1570924800,0.00001193,0.00001199,0.00001204,0.00001146,124418.5318,1.478492663362,MTV-ETH
257,1570838400,0.00001236,0.00001192,0.00001445,0.00001192,157728.15243321,2.0142452564888845,MTV-ETH
258,1570752000,0.00001217,0.00001242,0.00001317,0.00001185,252694.7726,3.167836369892,MTV-ETH
259,1570665600,0.000012,0.00001223,0.00001223,0.00001171,115922.081,1.377645867772,MTV-ETH
260,1570579200,0.00001292,0.000012,0.0000139,0.00001079,1918819.9329,24.332332107362,MTV-ETH
261,1570492800,0.00001263,0.00001292,0.0000145,0.00001204,2156345.91365305,27.811040039318896,MTV-ETH
262,1570406400,0.00001285,0.00001254,0.00001445,0.00001229,265168.01419342,3.487590837449919,MTV-ETH
263,1570320000,0.00001203,0.00001274,0.00001329,0.00001195,154230.201,1.930246513684,MTV-ETH
264,1570233600,0.00001179,0.00001212,0.00001212,0.00001176,44895.6108,0.528910386746,MTV-ETH
265,1570147200,0.00001158,0.00001195,0.00001214,0.00001114,459967.3057,5.446375511422,MTV-ETH
266,1570060800,0.00001196,0.00001184,0.00001204,0.00001022,448102.1391,5.296222633263,MTV-ETH
267,1569974400,0.00001272,0.00001211,0.00001272,0.00001198,33968.8106,0.411261285586,MTV-ETH
268,1569888000,0.00001249,0.00001273,0.0000132,0.00001224,80189.0177,0.997735147794,MTV-ETH
269,1569801600,0.00001289,0.00001312,0.0000145,0.00001258,37630.57504939,0.4878542609789968,MTV-ETH
270,1569715200,0.00001358,0.00001339,0.00001361,0.00001248,121128.3845,1.555428185556,MTV-ETH
271,1569628800,0.00001302,0.00001335,0.00001394,0.00001287,306282.6012,4.150678689845,MTV-ETH
272,1569542400,0.00001412,0.00001306,0.000017,0.00001306,59849.29243868,0.8504515164257736,MTV-ETH
273,1569456000,0.00001371,0.00001467,0.00001553,0.0000121,361582.1247,4.888094154359,MTV-ETH
274,1569369600,0.00001526,0.00001401,0.00001572,0.00001369,288819.8579,4.213543162566,MTV-ETH
275,1569283200,0.00001479,0.00001537,0.00001699,0.00001429,200736.42990574,3.0736267484498777,MTV-ETH
276,1569196800,0.00001492,0.00001541,0.00001551,0.00001451,280736.14764543,4.1927069102548222,MTV-ETH
277,1569110400,0.0000151,0.00001489,0.00001699,0.00001489,244475.6898,3.702704688453,MTV-ETH
278,1569024000,0.000015,0.00001513,0.00001524,0.00001451,266101.43575328,3.9758652460749872,MTV-ETH
279,1568937600,0.00001493,0.000015,0.00001747,0.00001493,34488.501,0.522041734416,MTV-ETH
280,1568851200,0.00001631,0.00001485,0.000018,0.0000145,310426.8801,4.675226562679,MTV-ETH
281,1568764800,0.00001551,0.00001631,0.00001939,0.0000141,335202.32621147,5.2257607071129656,MTV-ETH
282,1568678400,0.00001514,0.00001555,0.00001769,0.00001449,723592.53028174,10.9422003664448658,MTV-ETH
283,1568592000,0.00001755,0.00001527,0.00002275,0.00001512,205807.9014,3.3971685379629736,MTV-ETH
284,1568505600,0.00001763,0.00001755,0.00002081,0.000017,461679.17400267,8.093953059026796,MTV-ETH
285,1568419200,0.00002036,0.00001763,0.000021,0.00001763,268469.73,5.314529266417,MTV-ETH
286,1568332800,0.00002071,0.00002036,0.00002247,0.00002,963570.33550129,19.3203788283156729,MTV-ETH
287,1568246400,0.00002213,0.00002109,0.00002213,0.0000201,143405.0947,3.017492686028,MTV-ETH
288,1568160000,0.00002145,0.00002146,0.00002212,0.00002124,158324.1426,3.405537111789,MTV-ETH
289,1568073600,0.00002335,0.0000217,0.00002335,0.00002003,706157.0544,15.34301387653,MTV-ETH
290,1567987200,0.00002416,0.00002322,0.00002682,0.000022,561457.91987231,13.6070705986344128,MTV-ETH
291,1567900800,0.0000253,0.00002403,0.00002531,0.00002201,5224678.1255,122.164567856658,MTV-ETH
292,1567814400,0.00002679,0.00002531,0.00002708,0.00002523,7088424.3353,185.543861633559,MTV-ETH
293,1567728000,0.00002756,0.00002675,0.00002838,0.0000266,7354177.5972,202.093023268133,MTV-ETH
294,1567641600,0.00002909,0.00002751,0.00002971,0.00002716,6704561.6307,192.494158880531,MTV-ETH
295,1567555200,0.00003026,0.00002909,0.00003035,0.00002822,7347401.34506427,216.9563246016997306,MTV-ETH
296,1567468800,0.00002971,0.00003026,0.00003071,0.00002857,8837930.3826,262.750104675459,MTV-ETH
297,1567382400,0.00003215,0.00002974,0.0000325,0.00002841,5967121.10465244,179.6363161731237872,MTV-ETH
298,1567296000,0.00003145,0.00003216,0.00003265,0.00003082,1778431.6504,55.384245193156,MTV-ETH
299,1567209600,0.0000313,0.00003141,0.00003171,0.00003094,5438405.0631,170.691133307141,MTV-ETH
300,1567123200,0.00003073,0.00003136,0.00003149,0.00003072,6145582.7981,191.393601864933,MTV-ETH
301,1567036800,0.00002945,0.00003082,0.0000313,0.00002944,6504161.875,197.925282985761,MTV-ETH
302,1566950400,0.00003136,0.00002945,0.00003325,0.0000281,8695503.65428629,264.7981643109936749,MTV-ETH
303,1566864000,0.00003366,0.00003137,0.00003368,0.00003105,5408481.29944191,171.9072398727332887,MTV-ETH
304,1566777600,0.00003164,0.00003367,0.00003426,0.00003126,5350876.0145,175.344565340699,MTV-ETH
305,1566691200,0.00003131,0.00003161,0.000032,0.00003022,5445175.5764,168.101680024516,MTV-ETH
306,1566604800,0.00003277,0.00003131,0.00003426,0.00003067,8132834.25230668,260.2322473554028568,MTV-ETH
307,1566518400,0.00003482,0.00003277,0.00003531,0.00003168,2516457.2597,82.841071365274,MTV-ETH
308,1566432000,0.00003545,0.00003479,0.000038,0.00003399,6518034.64971686,230.2304932694488092,MTV-ETH
309,1566345600,0.0000337,0.00003558,0.00003906,0.00003278,7982971.826,284.664834734912,MTV-ETH
310,1566259200,0.00003304,0.00003382,0.0000394,0.00003261,9601363.11897931,327.930016446332332,MTV-ETH
311,1566172800,0.00003123,0.00003305,0.0000438,0.00003093,12694990.3459,439.52303507402,MTV-ETH
312,1566086400,0.00003261,0.00003122,0.00003329,0.00003071,9319910.89480732,299.9055720597555152,MTV-ETH
313,1566000000,0.00003618,0.00003259,0.00003655,0.00003223,11368420.53135496,379.3075233965297124,MTV-ETH
314,1565913600,0.00003877,0.00003617,0.00004142,0.00003545,10115190.009,386.476286205431,MTV-ETH
315,1565827200,0.00003775,0.00003875,0.00003982,0.00003685,12264943.2203,468.995239821754,MTV-ETH
316,1565740800,0.00003853,0.00003765,0.00003873,0.00003375,9130574.1434,333.138023305931,MTV-ETH
317,1565654400,0.00003977,0.00003857,0.00004037,0.00003762,8050025.7989,315.223948506726,MTV-ETH
318,1565568000,0.00004063,0.00003976,0.00004357,0.0000392,7608311.6227,308.595249058844,MTV-ETH
319,1565481600,0.00004148,0.00004065,0.00004236,0.00004047,8038002.3478,329.749078965275,MTV-ETH
320,1565395200,0.00004227,0.00004143,0.00004253,0.00003943,10058052.6956,410.729283988248,MTV-ETH
321,1565308800,0.00003782,0.00004243,0.000045,0.00003782,11555901.69589456,474.986707734823592,MTV-ETH
322,1565222400,0.00003852,0.0000378,0.000044,0.000035,10569631.55134776,399.1689240498273952,MTV-ETH
323,1565136000,0.00003768,0.00003831,0.00003904,0.00003714,864217.52206739,32.8150884470089056,MTV-ETH
324,1565049600,0.00003853,0.0000377,0.00003897,0.00003402,1750788.76892764,65.2367057971989784,MTV-ETH
325,1564963200,0.00003941,0.0000383,0.00003984,0.00003705,2206830.8843,85.051328617515,MTV-ETH
326,1564876800,0.00003896,0.00003929,0.00003941,0.00003402,1688329.1047,65.540276366091,MTV-ETH
327,1564790400,0.00004259,0.00003877,0.000045,0.00003785,2410457.61650542,96.1226041162309,MTV-ETH
328,1564704000,0.00004094,0.00004259,0.000046,0.00004033,2611288.20904555,108.845285154422799,MTV-ETH
329,1564617600,0.00004006,0.00004094,0.00004142,0.00003881,2914316.4404,118.451171345802,MTV-ETH
330,1564531200,0.00003832,0.00004006,0.0000407,0.00003798,1835373.6153,72.024071580368,MTV-ETH
331,1564444800,0.0000385,0.00003842,0.00004141,0.00003728,3221334.02821929,123.7029813511787989,MTV-ETH
332,1564358400,0.00003803,0.00003836,0.00004667,0.00003686,4119500.5730076,159.9476520121415909,MTV-ETH
333,1564272000,0.00003642,0.00003781,0.00003985,0.000035,3503394.97639909,131.2230243189067365,MTV-ETH
334,1564185600,0.00003154,0.00003645,0.00003696,0.00003154,4120486.12024016,138.3687721713095383,MTV-ETH
335,1564099200,0.00003251,0.00003153,0.00003357,0.00002902,5019938.07984915,160.0560414891396012,MTV-ETH
336,1564012800,0.00002622,0.00003251,0.000033,0.00002512,3341204.02148575,93.2447794710238325,MTV-ETH
337,1563926400,0.00002688,0.00002622,0.00002866,0.0000259,1507793.6021,40.752114943188,MTV-ETH
338,1563840000,0.00002472,0.0000269,0.00003132,0.0000245,3929713.1967,101.950091850197,MTV-ETH
339,1563753600,0.00002506,0.00002464,0.00002515,0.00002434,6108962.924,151.231063495319,MTV-ETH
340,1563667200,0.00002521,0.00002496,0.00002645,0.00002449,5635822.0464,142.603081881591,MTV-ETH
341,1563580800,0.00002497,0.00002511,0.00002521,0.00002375,2252307.8103,55.106619828994,MTV-ETH
342,1563494400,0.00002503,0.00002506,0.00002551,0.00002322,2492680.4515,62.565112721012,MTV-ETH
343,1563408000,0.00002612,0.00002511,0.00002651,0.00002358,2629600.3275,65.595676905469,MTV-ETH
344,1563321600,0.00002496,0.00002604,0.00002695,0.00002485,2039994.8377,52.740189776751,MTV-ETH
345,1563235200,0.0000237,0.00002496,0.00002598,0.00002254,5891970.0369,140.838425507136,MTV-ETH
346,1563148800,0.00002201,0.0000237,0.00002438,0.00002164,4878585.8979,110.641228392218,MTV-ETH
347,1563062400,0.0000206,0.00002207,0.00002275,0.00001983,5424305.3838,114.558627369722,MTV-ETH
348,1562976000,0.00002075,0.0000206,0.00002178,0.00002014,7382202.382,155.315081298287,MTV-ETH
349,1562889600,0.00002005,0.00002075,0.00002121,0.00001934,5793704.90895936,119.7426166618669664,MTV-ETH
350,1562803200,0.00002004,0.00001994,0.000021,0.0000182,4887614.9768,96.626625630421,MTV-ETH
351,1562716800,0.0000194,0.00002003,0.00002021,0.00001892,2919422.56525197,56.9605853720919028,MTV-ETH
352,1562630400,0.00001796,0.0000194,0.00001997,0.0000172,3700570.37274671,68.1657964076858406,MTV-ETH
353,1562544000,0.00001663,0.00001787,0.00001879,0.0000166,4141289.99813672,72.0621430422809688,MTV-ETH
354,1562457600,0.00001706,0.00001671,0.00001748,0.00001638,4480556.50715978,75.8411451505619544,MTV-ETH
355,1562371200,0.000018,0.00001699,0.00001809,0.00001644,8336614.0096,143.233411401993,MTV-ETH
356,1562284800,0.00001812,0.00001787,0.00001846,0.00001765,8658650.2627,155.553098406106,MTV-ETH
357,1562198400,0.00001828,0.00001811,0.00001869,0.00001628,11620972.3547,206.646559166448,MTV-ETH
358,1562112000,0.00001905,0.00001828,0.00001962,0.00001823,10026170.02726179,190.3739676576818482,MTV-ETH
359,1562025600,0.00002008,0.00001907,0.000021,0.00001899,9411612.2251,184.998767677856856,MTV-ETH
360,1561939200,0.00001927,0.00001997,0.00002077,0.000018,7704196.3641,147.054851874905,MTV-ETH
361,1561852800,0.00001784,0.00001915,0.00001989,0.00001773,9709153.6101,182.19364053834,MTV-ETH
362,1561766400,0.00001752,0.00001779,0.00001939,0.00001655,11468505.7705,203.926947883766,MTV-ETH
363,1561680000,0.00001703,0.00001752,0.00001793,0.00001568,4070110.48726112,70.0803537149488816,MTV-ETH
364,1561593600,0.00001496,0.00001695,0.0000195,0.00001453,2779562.9884,47.133317101965,MTV-ETH
365,1561507200,0.0000178,0.00001515,0.00001788,0.00001495,1620874.1305,26.197087073062,MTV-ETH
366,1561420800,0.00001938,0.00001774,0.00001987,0.00001568,1535150.4335,28.923745430094,MTV-ETH
367,1561334400,0.00002072,0.00001945,0.00002109,0.00001757,410093.9548,7.821422678365,MTV-ETH
368,1561248000,0.00002027,0.00002065,0.00002253,0.00001998,784223.31445254,16.392800379302951,MTV-ETH
369,1561161600,0.00002212,0.000021,0.00002214,0.00002004,1111606.3556,23.813632462015,MTV-ETH
370,1561075200,0.00002428,0.0000224,0.00002428,0.00002138,2258773.00158709,50.5461732226958753,MTV-ETH
371,1560988800,0.00002568,0.00002454,0.00002658,0.00002454,493295.32218853,12.5253032701006776,MTV-ETH
372,1560902400,0.00002509,0.00002568,0.00002707,0.00002501,447355.31722205,11.6670191817361425,MTV-ETH
373,1560816000,0.00002439,0.00002523,0.00002613,0.00002421,1154400.18540258,28.4963636960201234,MTV-ETH
374,1560729600,0.00002508,0.00002417,0.00002583,0.00002371,7512144.13481535,184.0531444823221839,MTV-ETH
375,1560643200,0.00002567,0.00002501,0.00002656,0.00002337,3648845.3703,89.8511059992509266,MTV-ETH
376,1560556800,0.00002673,0.00002556,0.0000274,0.00002518,1039594.94205677,27.4244660915978846,MTV-ETH
377,1560470400,0.0000269,0.00002663,0.00003,0.00002502,2909765.93051357,80.390626440185982,MTV-ETH
378,1560384000,0.00002702,0.00002699,0.00002703,0.00002528,1076965.3969,27.91353163524,MTV-ETH
379,1560297600,0.00002671,0.00002689,0.00002915,0.00002628,3804863.9818,105.428307222815,MTV-ETH
380,1560211200,0.00002579,0.00002663,0.00002688,0.000025,2388819.4493,61.957332991485,MTV-ETH
381,1560124800,0.00002823,0.00002567,0.00002884,0.00002558,1725754.99703891,45.3310363870676242,MTV-ETH
382,1560038400,0.00002839,0.00002809,0.000029,0.00002658,1840869.9162,52.2409816175,MTV-ETH
383,1559952000,0.000028,0.0000284,0.00002854,0.00002764,1001298.24268725,28.0839263426454215,MTV-ETH
384,1559865600,0.00002699,0.00002791,0.00002861,0.00002601,2235233.6944,60.290342958848,MTV-ETH
385,1559779200,0.00002794,0.000027,0.000031,0.00002699,1982249.38913107,56.432111440583976,MTV-ETH
386,1559692800,0.0000262,0.00002794,0.00002802,0.00002482,9459725.81074115,243.7700464468661151,MTV-ETH
387,1559606400,0.00002629,0.00002616,0.000027,0.00002449,12257582.0397,317.120198098695,MTV-ETH
388,1559520000,0.0000261,0.00002636,0.00002721,0.00002523,9563001.8148,249.692518979156,MTV-ETH
389,1559433600,0.00002671,0.00002595,0.00002717,0.00002553,8006457.42371963,210.9349842553516174,MTV-ETH
390,1559347200,0.00002676,0.00002648,0.00002683,0.00002448,11643370.25427745,303.2141996843245525,MTV-ETH
391,1559260800,0.00002689,0.00002656,0.00003024,0.00002501,10326209.32381368,286.4282096911297896,MTV-ETH
392,1559174400,0.0000284,0.00002699,0.0000284,0.000025,6183049.28929509,164.2467942602259472,MTV-ETH
393,1559088000,0.0000286,0.00002826,0.00002866,0.00002696,1605961.7274,44.521460594577,MTV-ETH
394,1559001600,0.00002843,0.00002834,0.00002933,0.0000275,1165578.396,32.926357213815,MTV-ETH
395,1558915200,0.00002961,0.00002819,0.00003301,0.00002701,1952541.84586406,55.7291192060255356,MTV-ETH
396,1558828800,0.00003448,0.00002939,0.00003484,0.00002908,3014751.84797814,95.6860576034828098,MTV-ETH
397,1558742400,0.00003259,0.00003463,0.00003678,0.00002969,4406565.788,143.890906413762,MTV-ETH
398,1558656000,0.00003313,0.00003233,0.00003618,0.00003107,2487057.13679485,81.760446993488673,MTV-ETH
399,1558569600,0.00003638,0.00003314,0.00003766,0.00003111,5002910.6597,173.901225807417,MTV-ETH
400,1558483200,0.00003175,0.00003622,0.000038,0.00003112,10416434.568672,358.5860404249878,MTV-ETH
401,1558396800,0.00003431,0.00003134,0.00003542,0.00002701,7522050.80701703,248.9548142792354978,MTV-ETH
402,1558310400,0.00002989,0.00003431,0.00004038,0.00002989,12143764.21852461,420.857729122779198,MTV-ETH
403,1558224000,0.00003033,0.00002989,0.00003107,0.0000275,6319079.39656719,183.4335285979158051,MTV-ETH
404,1558137600,0.00003145,0.00003017,0.00003547,0.00002897,7665039.40442185,238.4779580217468201,MTV-ETH
405,1558051200,0.00002891,0.00003108,0.00003728,0.00002741,8348938.39650339,253.1376836992819376,MTV-ETH
406,1557964800,0.00004342,0.00002897,0.00004488,0.0000266,18588688.55739763,634.5992799868015058,MTV-ETH
407,1557878400,0.00003898,0.00004342,0.00005098,0.00003715,21492362.30011564,940.226969283129046,MTV-ETH
408,1557792000,0.0000309,0.00003881,0.00004969,0.00002953,25296991.32645076,958.459003955705776,MTV-ETH
409,1557705600,0.00003317,0.0000308,0.00003562,0.00002923,9393504.03388012,299.0730246952419412,MTV-ETH
410,1557619200,0.00003125,0.00003279,0.00003435,0.00002832,7707021.12596655,243.9862675950378575,MTV-ETH
411,1557532800,0.00003505,0.0000312,0.00003542,0.00003,8105523.0814,263.883611645663,MTV-ETH
412,1557446400,0.00003624,0.00003525,0.00003664,0.00003304,12079761.6417,427.431823518399,MTV-ETH
413,1557360000,0.00003698,0.00003729,0.00003754,0.000035,8746090.9594,320.314481746614,MTV-ETH
414,1557273600,0.000037,0.00003669,0.00003801,0.00003436,11079660.18562798,407.788075267313856,MTV-ETH
415,1557187200,0.00003757,0.00003677,0.00003801,0.000035,9324414.06195738,335.0028539092838424,MTV-ETH
416,1557100800,0.0000454,0.00003778,0.00004544,0.000035,5231977.40975729,205.9169290748544879,MTV-ETH
417,1557014400,0.00004007,0.0000452,0.00004604,0.00003737,8796231.74300363,372.1774810326533932,MTV-ETH
418,1556928000,0.00003891,0.0000403,0.00004032,0.00003737,9532965.62645038,372.3740527415999112,MTV-ETH
419,1556841600,0.00003958,0.00003868,0.00004004,0.00003824,6654321.0513,259.687498983905,MTV-ETH
420,1556755200,0.00004061,0.0000393,0.00004069,0.00003755,1744200.8131,69.160549731731,MTV-ETH
421,1556668800,0.00004054,0.00004067,0.00004088,0.00004,1423069.8548,57.34014265512,MTV-ETH
422,1556582400,0.00004163,0.00004039,0.00004256,0.00004003,11670052.1188,479.182251372908,MTV-ETH
423,1556496000,0.00004323,0.00004166,0.0000443,0.00004112,21997490.34403309,933.573753262570887,MTV-ETH
424,1556409600,0.00004297,0.00004323,0.00004845,0.00004112,18770472.46059562,810.139600756703019,MTV-ETH
425,1556323200,0.00004478,0.00004248,0.00004478,0.00004011,14837460.044,626.652823547849,MTV-ETH
426,1556236800,0.00004312,0.00004425,0.00004791,0.00004248,9683891.9383,428.860386223031,MTV-ETH
427,1556150400,0.0000434,0.00004273,0.00005,0.00003756,18361670.67950222,770.2637787665238742,MTV-ETH
428,1556064000,0.00004981,0.00004345,0.00005129,0.00004202,12478135.32121308,568.9613389142779664,MTV-ETH
429,1555977600,0.00005139,0.00005013,0.00005406,0.0000491,200217711.4844,10317.937110444995,MTV-ETH
430,1555891200,0.00004976,0.0000514,0.00005472,0.00004882,59791773.77112802,3120.7445588574035862,MTV-ETH
431,1555804800,0.00005702,0.00004974,0.00006138,0.0000495,64838101.02776406,3662.3536237184249296,MTV-ETH
432,1555718400,0.00006667,0.00005702,0.00006673,0.00005666,483878248.576,31518.539895765258,MTV-ETH
433,1555632000,0.0000718,0.00006667,0.000073,0.00006636,107289344.69112277,7278.6898933143217544,MTV-ETH
434,1555545600,0.0000698,0.0000718,0.00007281,0.00006593,55988583.6328372,3750.724278791162664,MTV-ETH
435,1555459200,0.00007067,0.00006979,0.00007326,0.00006626,1092434773.62783327,76435.5412478954583638,MTV-ETH
436,1555372800,0.00005998,0.00007086,0.00007327,0.00005904,13144590.52991364,897.0225793248454878,MTV-ETH
437,1555286400,0.00006172,0.00005997,0.00006614,0.00005997,5690840.0077446,360.8511058247153626,MTV-ETH
438,1555200000,0.00006022,0.00006159,0.00006981,0.00005555,5044430.80308061,315.2115228234145429,MTV-ETH
439,1555113600,0.00005132,0.00006061,0.00006629,0.00004805,7292449.02499786,417.5489334673558349,MTV-ETH
440,1555027200,0.00006315,0.00005134,0.00007293,0.0000495,8823048.02027165,489.3967311785519575,MTV-ETH
441,1554940800,0.00006571,0.00006266,0.00006978,0.00006025,5209577.15629973,338.1231487412957157,MTV-ETH
442,1554854400,0.00006826,0.00006584,0.00007321,0.00005543,9380382.85277858,585.3161875533577725,MTV-ETH
443,1554768000,0.00017,0.00006826,0.00017,0.0000223,47487591.94167245,3296.7395113248473036,MTV-ETH
