,open_time,,open,high,low,close,,,volume,close time,Quote asset volume,Number of trades,oth,null,other,market_name
0,1.57006E+12,2019/10/3,2.10E-07,9.90E-07,2.10E-07,8.30E-07," 8,223.95 ", 0.00683 ,569259,1.57015E+12,0.45378529,6877,3491,,0,FDTBTC
1,1.57015E+12,2019/10/4,8.30E-07,9.90E-07,2.20E-07,6.00E-07," 8,151.54 ", 0.00489 ,958062,1.57023E+12,0.6373885,11860,5934,,0,FDTBTC
2,1.57023E+12,2019/10/5,6.00E-07,9.90E-07,2.20E-07,8.80E-07," 8,118.12 ", 0.00714 ,951849,1.57032E+12,0.70819718,11718,5808,,0,FDTBTC
3,1.57032E+12,2019/10/6,8.80E-07,9.90E-07,2.20E-07,2.50E-07," 8,000.11 ", 0.00200 ,890578,1.57041E+12,0.65700148,11386,5665,,0,FDTBTC
4,1.57041E+12,2019/10/7,2.40E-07,9.90E-07,2.20E-07,7.40E-07," 8,194.07 ", 0.00606 ,899885,1.57049E+12,0.70071173,11115,5475,,0,FDTBTC
5,1.57049E+12,2019/10/8,7.60E-07,9.90E-07,2.90E-07,5.90E-07," 8,191.45 ", 0.00483 ,833192,1.57058E+12,0.60722309,10577,5216,,0,FDTBTC
6,1.57058E+12,2019/10/9,5.90E-07,9.90E-07,2.80E-07,5.50E-07," 8,577.12 ", 0.00472 ,653445,1.57067E+12,0.49035314,8234,4106,,0,FDTBTC
7,1.57067E+12,2019/10/10,5.50E-07,9.90E-07,2.80E-07,7.20E-07," 8,555.37 ", 0.00616 ,795753,1.57075E+12,0.59546823,10110,5039,,0,FDTBTC
8,1.57075E+12,2019/10/11,7.20E-07,9.90E-07,2.90E-07,8.40E-07," 8,266.00 ", 0.00694 ,903133,1.57084E+12,0.62534047,11141,5547,,0,FDTBTC
9,1.57084E+12,2019/10/12,8.40E-07,9.90E-07,3.20E-07,8.30E-07," 8,294.37 ", 0.00688 ,915561,1.57092E+12,0.67754642,11493,5752,,0,FDTBTC
10,1.57092E+12,2019/10/13,8.30E-07,9.90E-07,2.90E-07,6.40E-07," 8,278.59 ", 0.00530 ,934556,1.57101E+12,0.70581632,11553,5868,,0,FDTBTC
11,1.57101E+12,2019/10/14,6.50E-07,9.90E-07,2.90E-07,5.10E-07," 8,346.10 ", 0.00426 ,882853,1.5711E+12,0.67213242,10937,5395,,0,FDTBTC
12,1.5711E+12,2019/10/15,5.40E-07,9.90E-07,2.90E-07,5.10E-07," 8,171.29 ", 0.00417 ,856038,1.57118E+12,0.61322708,10636,5363,,0,FDTBTC
13,1.57118E+12,2019/10/16,5.10E-07,9.90E-07,2.90E-07,9.80E-07," 7,983.66 ", 0.00782 ,858776,1.57127E+12,0.5943855,10630,5278,,0,FDTBTC
14,1.57127E+12,2019/10/17,9.80E-07,9.90E-07,3.30E-07,6.90E-07," 8,070.80 ", 0.00557 ,850658,1.57136E+12,0.65426267,10563,5265,,0,FDTBTC
15,1.57136E+12,2019/10/18,6.60E-07,9.90E-07,2.90E-07,6.20E-07," 7,946.73 ", 0.00493 ,828484,1.57144E+12,0.56237213,10210,5155,,0,FDTBTC
16,1.57144E+12,2019/10/19,6.40E-07,9.90E-07,2.90E-07,9.40E-07," 7,944.09 ", 0.00747 ,834532,1.57153E+12,0.63329041,10278,5140,,0,FDTBTC
17,1.57153E+12,2019/10/20,9.40E-07,9.90E-07,2.90E-07,9.40E-07," 8,209.20 ", 0.00772 ,822946,1.57162E+12,0.5437094,10274,5124,,0,FDTBTC
18,1.57162E+12,2019/10/21,9.60E-07,9.90E-07,2.90E-07,7.40E-07," 8,188.84 ", 0.00606 ,816918,1.5717E+12,0.58314407,10475,5293,,0,FDTBTC
19,1.5717E+12,2019/10/22,7.40E-07,9.90E-07,2.90E-07,5.50E-07," 8,030.97 ", 0.00442 ,850801,1.57179E+12,0.63743015,10356,5276,,0,FDTBTC
20,1.57179E+12,2019/10/23,5.40E-07,9.90E-07,2.90E-07,8.30E-07," 7,456.76 ", 0.00619 ,797241,1.57188E+12,0.54385414,9898,5031,,0,FDTBTC
21,1.57188E+12,2019/10/24,8.30E-07,0.000002,2.90E-07,8.30E-07," 7,430.83 ", 0.00617 ,810194,1.57196E+12,0.62248745,9999,5065,,0,FDTBTC
22,1.57196E+12,2019/10/25,8.70E-07,0.00000199,3.70E-07,0.00000183," 8,626.25 ", 0.01579 ,740870,1.57205E+12,0.79094196,9334,4779,,0,FDTBTC
23,1.57205E+12,2019/10/26,0.00000177,0.00000199,4.00E-07,0.00000172," 9,177.60 ", 0.01579 ,751651,1.57213E+12,1.0793115,9315,4672,,0,FDTBTC
24,1.57213E+12,2019/10/27,0.00000175,0.00000199,3.70E-07,0.00000169," 9,552.39 ", 0.01614 ,762423,1.57222E+12,1.04359537,9535,4843,,0,FDTBTC
25,1.57222E+12,2019/10/28,0.00000169,0.00000199,3.90E-07,0.00000105," 9,446.89 ", 0.00992 ,691013,1.57231E+12,0.92070822,8481,4261,,0,FDTBTC
26,1.57231E+12,2019/10/29,0.00000105,0.00000151,2.90E-07,9.30E-07," 9,408.71 ", 0.00875 ,745738,1.57239E+12,0.85999162,9330,4597,,0,FDTBTC
27,1.57239E+12,2019/10/30,5.10E-07,0.00000129,2.90E-07,6.00E-07," 9,161.77 ", 0.00550 ,261178,1.57248E+12,0.23420178,3274,1653,,0,FDTBTC
28,1.57248E+12,2019/10/31,6.30E-07,0.00000199,2.90E-07,0.00000107," 9,149.05 ", 0.00979 ,521926,1.57257E+12,0.71300492,6515,3268,,0,FDTBTC
29,1.57257E+12,2019/11/1,0.00000107,0.00000199,2.90E-07,8.00E-07," 9,222.03 ", 0.00738 ,854759,1.57265E+12,1.18161943,10499,5144,,0,FDTBTC
30,1.57265E+12,2019/11/2,8.00E-07,0.00000199,2.90E-07,0.00000121," 9,286.63 ", 0.01124 ,781508,1.57274E+12,1.10647001,9762,4830,,0,FDTBTC
31,1.57274E+12,2019/11/3,0.00000121,0.00000199,3.00E-07,6.30E-07," 9,206.81 ", 0.00580 ,872387,1.57283E+12,1.14510709,10804,5353,,0,FDTBTC
32,1.57283E+12,2019/11/4,7.00E-07,0.00000199,3.20E-07,0.00000184," 9,291.21 ", 0.01710 ,899203,1.57291E+12,1.2707448,11374,5615,,0,FDTBTC
33,1.57291E+12,2019/11/5,0.00000184,0.00000199,5.40E-07,0.00000182," 9,299.98 ", 0.01693 ,883816,1.573E+12,1.32215713,11061,5501,,0,FDTBTC
34,1.573E+12,2019/11/6,0.00000182,0.00000199,5.20E-07,9.50E-07," 9,350.49 ", 0.00888 ,790458,1.57308E+12,1.1290458,9975,5008,,0,FDTBTC
35,1.57308E+12,2019/11/7,8.50E-07,0.00000199,5.20E-07,0.00000126," 9,220.24 ", 0.01162 ,814620,1.57317E+12,1.14333014,10307,5280,,0,FDTBTC
36,1.57317E+12,2019/11/8,0.00000131,0.00000199,5.60E-07,0.000001," 8,786.15 ", 0.00879 ,843013,1.57326E+12,1.25523703,10560,5130,,0,FDTBTC
37,1.57326E+12,2019/11/9,0.000001,0.00000199,5.90E-07,0.00000195," 8,800.21 ", 0.01716 ,890351,1.57334E+12,1.32421889,11092,5474,,0,FDTBTC
38,1.57334E+12,2019/11/10,9.70E-07,0.00000199,5.90E-07,0.00000192," 9,038.50 ", 0.01735 ,898202,1.57343E+12,1.34125304,11154,5565,,0,FDTBTC
39,1.57343E+12,2019/11/11,0.00000192,0.00000199,5.90E-07,0.00000127," 8,726.50 ", 0.01108 ,846888,1.57352E+12,1.20203408,10617,5358,,0,FDTBTC
40,1.57352E+12,2019/11/12,0.00000111,0.00000199,6.00E-07,0.00000161," 8,801.40 ", 0.01417 ,844236,1.5736E+12,1.27884345,10531,5275,,0,FDTBTC
41,1.5736E+12,2019/11/13,0.00000175,0.00000199,6.00E-07,9.00E-07," 8,785.73 ", 0.00791 ,346143,1.57369E+12,0.49679918,4327,2143,,0,FDTBTC
42,1.57369E+12,2019/11/14,9.00E-07,0.00000199,5.90E-07,0.00000153," 8,647.51 ", 0.01323 ,671054,1.57378E+12,1.00571633,8522,4300,,0,FDTBTC
43,1.57378E+12,2019/11/15,0.00000148,0.00000199,6.00E-07,0.00000179," 8,469.34 ", 0.01516 ,865595,1.57386E+12,1.28055694,10697,5395,,0,FDTBTC
44,1.57386E+12,2019/11/16,0.00000179,0.00000199,6.10E-07,0.00000143," 8,485.47 ", 0.01213 ,906819,1.57395E+12,1.35176924,11240,5678,,0,FDTBTC
45,1.57395E+12,2019/11/17,0.00000136,0.00000199,5.90E-07,0.00000166," 8,500.96 ", 0.01411 ,900861,1.57404E+12,1.32486402,11221,5713,,0,FDTBTC
46,1.57404E+12,2019/11/18,0.00000166,0.00000199,5.90E-07,0.00000126," 8,210.43 ", 0.01035 ,902761,1.57412E+12,1.3265693,11246,5572,,0,FDTBTC
47,1.57412E+12,2019/11/19,0.00000119,0.00000199,6.70E-07,0.00000144," 8,128.40 ", 0.01170 ,853100,1.57421E+12,1.24603264,10583,5314,,0,FDTBTC
48,1.57421E+12,2019/11/20,0.00000144,0.00000199,6.80E-07,0.00000133," 7,835.12 ", 0.01042 ,866601,1.57429E+12,1.18562099,10722,5318,,0,FDTBTC
49,1.57429E+12,2019/11/21,0.00000133,0.00000164,8.00E-07,0.00000164," 7,624.04 ", 0.01250 ,856071,1.57438E+12,1.18542678,10763,5380,,0,FDTBTC
50,1.57438E+12,2019/11/22,0.00000164,0.00000164,7.80E-07,0.00000107," 7,274.41 ", 0.00778 ,860629,1.57447E+12,1.13280699,10296,5138,,0,FDTBTC
51,1.57447E+12,2019/11/23,0.00000107,0.00000164,7.60E-07,0.00000159," 7,306.45 ", 0.01162 ,784482,1.57455E+12,1.05589424,9605,4905,,0,FDTBTC
52,1.57455E+12,2019/11/24,0.00000159,0.00000164,7.10E-07,9.30E-07," 6,935.73 ", 0.00645 ,788240,1.57464E+12,0.99784542,9719,4891,,0,FDTBTC
53,1.57464E+12,2019/11/25,9.40E-07,0.00000164,6.70E-07,9.50E-07," 7,121.93 ", 0.00677 ,789724,1.57473E+12,1.01733859,9782,4824,,0,FDTBTC
54,1.57473E+12,2019/11/26,9.40E-07,0.00000164,6.70E-07,0.00000147," 7,157.39 ", 0.01052 ,781408,1.57481E+12,0.97210064,9683,4872,,0,FDTBTC
55,1.57481E+12,2019/11/27,0.00000147,0.00000164,6.70E-07,0.000001," 7,501.08 ", 0.00750 ,797805,1.5749E+12,1.00953889,10015,5059,,0,FDTBTC
56,1.5749E+12,2019/11/28,0.000001,0.00000164,6.80E-07,0.00000164," 7,426.01 ", 0.01218 ,829182,1.57499E+12,1.06321308,10157,5139,,0,FDTBTC
57,1.57499E+12,2019/11/29,0.00000163,0.00000164,6.70E-07,0.00000137," 7,733.57 ", 0.01059 ,698988,1.57507E+12,0.95726829,8746,4382,,0,FDTBTC
58,1.57507E+12,2019/11/30,0.00000137,0.00000164,6.70E-07,0.00000144," 7,541.10 ", 0.01086 ,745663,1.57516E+12,0.97029273,9095,4611,,0,FDTBTC
59,1.57516E+12,2019/12/1,0.00000144,0.00000164,3.30E-07,0.00000128," 7,403.93 ", 0.00948 ,751753,1.57524E+12,0.89671571,9315,4687,,0,FDTBTC
60,1.57524E+12,2019/12/2,0.00000128,0.00000164,3.10E-07,0.00000144," 7,304.41 ", 0.01052 ,780874,1.57533E+12,0.91458969,9885,4975,,0,FDTBTC
61,1.57533E+12,2019/12/3,0.00000128,0.00000164,3.10E-07,7.50E-07," 7,287.64 ", 0.00547 ,849340,1.57542E+12,0.96587711,10449,5275,,0,FDTBTC
62,1.57542E+12,2019/12/4,9.70E-07,0.00000164,3.10E-07,9.20E-07," 7,186.77 ", 0.00661 ,873860,1.5755E+12,0.98025747,10694,5351,,0,FDTBTC
63,1.5755E+12,2019/12/5,9.20E-07,0.00000164,3.10E-07,8.10E-07," 7,382.81 ", 0.00598 ,800248,1.57559E+12,0.91336939,10239,5106,,0,FDTBTC
64,1.57559E+12,2019/12/6,8.90E-07,0.00000164,3.10E-07,5.10E-07," 7,533.64 ", 0.00384 ,769989,1.57568E+12,0.82862577,9517,4771,,0,FDTBTC
65,1.57568E+12,2019/12/7,4.90E-07,0.00000164,3.30E-07,0.00000151," 7,492.33 ", 0.01131 ,791680,1.57576E+12,0.92182688,9683,4821,,0,FDTBTC
66,1.57576E+12,2019/12/8,0.00000151,0.00000164,3.40E-07,0.00000133," 7,512.14 ", 0.00999 ,787761,1.57585E+12,0.93001978,9838,4874,,0,FDTBTC
67,1.57585E+12,2019/12/9,0.00000137,0.00000164,3.10E-07,0.00000142," 7,347.88 ", 0.01043 ,789848,1.57594E+12,0.87892548,9806,4963,,0,FDTBTC
68,1.57594E+12,2019/12/10,0.00000137,0.00000164,5.10E-07,0.0000015," 7,230.06 ", 0.01085 ,817310,1.57602E+12,0.96705323,9978,5022,,0,FDTBTC
69,1.57602E+12,2019/12/11,0.0000015,0.00000164,5.10E-07,8.70E-07," 7,202.80 ", 0.00627 ,706929,1.57611E+12,0.80710435,8701,4403,,0,FDTBTC
70,1.57611E+12,2019/12/12,9.60E-07,0.00000164,5.10E-07,0.00000112," 7,208.54 ", 0.00807 ,744615,1.5762E+12,0.88295873,9333,4671,,0,FDTBTC
71,1.5762E+12,2019/12/13,0.00000138,0.00000164,5.10E-07,0.0000011," 7,245.99 ", 0.00797 ,303228,1.57628E+12,0.34838469,3876,1963,,0,FDTBTC
72,1.57628E+12,2019/12/14,0.00000127,0.00000164,5.10E-07,0.00000126," 7,069.88 ", 0.00891 ,716571,1.57637E+12,0.88948215,8811,4408,,0,FDTBTC
73,1.57637E+12,2019/12/15,0.00000134,0.00000164,5.30E-07,0.00000154," 7,119.49 ", 0.01096 ,792379,1.57645E+12,0.96076565,9990,4977,,0,FDTBTC
74,1.57645E+12,2019/12/16,0.00000154,0.00000164,5.10E-07,0.00000116," 6,901.16 ", 0.00801 ,742350,1.57654E+12,0.90821329,9176,4628,,0,FDTBTC
75,1.57654E+12,2019/12/17,0.00000116,0.00000164,5.10E-07,0.00000141," 6,627.16 ", 0.00934 ,732487,1.57663E+12,0.92242089,9216,4663,,0,FDTBTC
76,1.57663E+12,2019/12/18,0.0000014,0.00000164,5.20E-07,0.00000114," 7,274.40 ", 0.00829 ,618150,1.57671E+12,0.76557718,7804,3879,,0,FDTBTC
77,1.57671E+12,2019/12/19,0.00000114,0.00000164,5.10E-07,9.50E-07," 7,147.15 ", 0.00679 ,773607,1.5768E+12,0.94200179,9496,4880,,0,FDTBTC
78,1.5768E+12,2019/12/20,0.00000124,0.00000164,5.20E-07,0.00000134," 7,192.28 ", 0.00964 ,886403,1.57689E+12,1.08243281,11104,5495,,0,FDTBTC
79,1.57689E+12,2019/12/21,0.00000127,0.00000164,5.10E-07,0.00000146," 7,132.73 ", 0.01041 ,958717,1.57697E+12,1.14407566,11988,5946,,0,FDTBTC
80,1.57697E+12,2019/12/22,0.00000118,0.00000164,5.10E-07,6.80E-07," 7,170.60 ", 0.00488 ,980747,1.57706E+12,1.20630285,12152,6029,,0,FDTBTC
81,1.57706E+12,2019/12/23,0.00000107,0.00000164,5.30E-07,0.00000135," 7,293.18 ", 0.00985 ,748896,1.57715E+12,0.92296292,9430,4718,,0,FDTBTC
82,1.57715E+12,2019/12/24,0.00000138,0.00000164,5.10E-07,7.80E-07," 7,288.12 ", 0.00568 ,619348,1.57723E+12,0.75543382,7619,3802,,0,FDTBTC
83,1.57723E+12,2019/12/25,7.70E-07,0.00000164,5.20E-07,0.00000121," 7,190.25 ", 0.00870 ,604835,1.57732E+12,0.75144463,7529,3747,,0,FDTBTC
84,1.57732E+12,2019/12/26,0.00000148,0.00000164,5.10E-07,0.00000141," 7,209.71 ", 0.01017 ,617003,1.5774E+12,0.76406233,7729,3914,,0,FDTBTC
85,1.5774E+12,2019/12/27,0.00000141,0.00000164,5.30E-07,0.00000155," 7,222.84 ", 0.01120 ,618481,1.57749E+12,0.75646589,7512,3730,,0,FDTBTC
86,1.57749E+12,2019/12/28,0.00000153,0.00000164,5.10E-07,0.00000144," 7,303.49 ", 0.01052 ,597845,1.57758E+12,0.7328625,7373,3645,,0,FDTBTC
87,1.57758E+12,2019/12/29,0.00000132,0.00000164,5.10E-07,0.00000146," 7,222.35 ", 0.01054 ,327333,1.57766E+12,0.40393314,4168,2132,,0,FDTBTC
88,1.57766E+12,2019/12/30,0.00000159,0.00000164,5.10E-07,0.00000126," 7,306.87 ", 0.00921 ,693369,1.57775E+12,0.83766124,8491,4297,,0,FDTBTC
89,1.57775E+12,2019/12/31,0.00000126,0.00000164,5.60E-07,0.00000105," 7,202.40 ", 0.00756 ,749295,1.57784E+12,0.93213747,9217,4570,,0,FDTBTC
90,1.57784E+12,2020/1/1,0.00000105,0.00000164,5.20E-07,0.00000134," 7,193.02 ", 0.00964 ,746247,1.57792E+12,0.91439367,9163,4578,,0,FDTBTC
91,1.57792E+12,2020/1/2,0.00000107,0.00000164,5.30E-07,0.00000154," 6,964.92 ", 0.01073 ,748214,1.57801E+12,0.92089525,9197,4578,,0,FDTBTC
92,1.57801E+12,2020/1/3,0.00000154,0.00000164,5.40E-07,0.00000141," 7,328.74 ", 0.01033 ,825565,1.5781E+12,1.02136893,10418,5151,,0,FDTBTC
93,1.5781E+12,2020/1/4,0.00000141,0.00000164,5.20E-07,0.000001," 7,356.44 ", 0.00736 ,759107,1.57818E+12,0.93916777,9320,4628,,0,FDTBTC
94,1.57818E+12,2020/1/5,0.000001,0.00000164,5.10E-07,0.00000155," 7,347.19 ", 0.01139 ,801321,1.57827E+12,0.95735874,9919,4985,,0,FDTBTC
95,1.57827E+12,2020/1/6,0.00000155,0.00000164,5.10E-07,0.00000142," 7,769.48 ", 0.01103 ,731195,1.57836E+12,0.90855948,9173,4643,,0,FDTBTC
96,1.57836E+12,2020/1/7,0.00000142,0.00000164,5.30E-07,0.00000116," 8,140.41 ", 0.00944 ,763034,1.57844E+12,0.93603982,9452,4707,,0,FDTBTC
97,1.57844E+12,2020/1/8,0.00000142,0.00000164,5.20E-07,9.80E-07," 8,034.28 ", 0.00787 ,696799,1.57853E+12,0.81410191,8695,4365,,0,FDTBTC
98,1.57853E+12,2020/1/9,0.00000116,0.00000164,5.60E-07,0.00000137," 7,825.35 ", 0.01072 ,560747,1.57861E+12,0.64652284,6998,3429,,0,FDTBTC
99,1.57861E+12,2020/1/10,0.00000147,0.00000164,5.70E-07,0.00000146," 8,182.75 ", 0.01195 ,772538,1.5787E+12,0.88101836,9552,4788,,0,FDTBTC
100,1.5787E+12,2020/1/11,0.00000146,0.00000164,5.60E-07,9.10E-07," 8,023.48 ", 0.00730 ,783490,1.57879E+12,0.88670603,9768,4831,,0,FDTBTC
101,1.57879E+12,2020/1/12,8.40E-07,0.00000164,5.60E-07,0.00000156," 8,181.40 ", 0.01276 ,798868,1.57887E+12,0.91726351,9984,4961,,0,FDTBTC
102,1.57887E+12,2020/1/13,0.00000161,0.00000164,5.60E-07,8.20E-07," 8,115.54 ", 0.00665 ,766061,1.57896E+12,0.85234224,9630,4841,,0,FDTBTC
103,1.57896E+12,2020/1/14,0.00000106,0.00000164,2.40E-07,0.00000106," 8,751.44 ", 0.00928 ,769154,1.57905E+12,0.82911373,9747,4817,,0,FDTBTC
104,1.57905E+12,2020/1/15,0.00000105,0.00000164,2.40E-07,8.20E-07," 8,828.98 ", 0.00724 ,623089,1.57913E+12,0.60870335,7678,3853,,0,FDTBTC
105,1.57913E+12,2020/1/16,8.40E-07,0.00000164,2.40E-07,0.00000121," 8,735.04 ", 0.01057 ,767253,1.57922E+12,0.79395551,9379,4786,,0,FDTBTC
106,1.57922E+12,2020/1/17,0.00000124,0.00000164,2.40E-07,0.00000124," 8,916.99 ", 0.01106 ,665398,1.57931E+12,0.67597298,8004,3973,,0,FDTBTC
107,1.57931E+12,2020/1/18,0.00000136,0.00000164,2.40E-07,5.90E-07," 8,935.07 ", 0.00527 ,928937,1.57939E+12,0.93524482,11637,5857,,0,FDTBTC
108,1.57939E+12,2020/1/19,5.50E-07,0.00000164,2.40E-07,0.00000114," 21,447.03 ", 0.02445 ,994771,1.57948E+12,1.01704459,12358,6196,,0,FDTBTC
109,1.57948E+12,2020/1/20,0.00000119,0.00000164,2.40E-07,0.00000138," 8,639.31 ", 0.01192 ,867316,1.57956E+12,0.86816877,10801,5419,,0,FDTBTC
110,1.57956E+12,2020/1/21,0.00000126,0.00000164,2.50E-07,0.00000124," 8,747.93 ", 0.01085 ,838973,1.57965E+12,0.80801558,10360,5139,,0,FDTBTC
111,1.57965E+12,2020/1/22,8.10E-07,0.00000164,2.40E-07,9.60E-07," 8,676.45 ", 0.00833 ,804785,1.57974E+12,0.82481105,10123,5007,,0,FDTBTC
112,1.57974E+12,2020/1/23,8.10E-07,0.00000164,2.40E-07,0.00000144," 8,529.59 ", 0.01228 ,688368,1.57982E+12,0.71782866,8471,4211,,0,FDTBTC
113,1.57982E+12,2020/1/24,0.00000142,0.00000164,2.40E-07,0.0000013," 8,429.81 ", 0.01096 ,662933,1.57991E+12,0.6140343,8196,4136,,0,FDTBTC
114,1.57991E+12,2020/1/25,0.00000145,0.00000164,2.50E-07,0.00000103," 8,352.38 ", 0.00860 ,855212,1.58E+12,0.8912182,10705,5299,,0,FDTBTC
115,1.58E+12,2020/1/26,0.00000108,0.00000164,2.60E-07,0.00000127," 8,610.80 ", 0.01094 ,841613,1.58008E+12,0.89112901,10488,5228,,0,FDTBTC
116,1.58008E+12,2020/1/27,0.00000119,0.00000164,2.50E-07,7.60E-07," 8,909.00 ", 0.00677 ,834134,1.58017E+12,0.87131681,10381,5252,,0,FDTBTC
117,1.58017E+12,2020/1/28,9.40E-07,0.00000164,2.50E-07,0.00000141," 9,121.65 ", 0.01286 ,851419,1.58026E+12,0.8566914,10485,5262,,0,FDTBTC
118,1.58026E+12,2020/1/29,0.00000125,0.00000164,2.50E-07,0.00000124," 9,302.44 ", 0.01154 ,853606,1.58034E+12,0.87410742,10605,5262,,0,FDTBTC
119,1.58034E+12,2020/1/30,0.0000013,0.00000164,2.50E-07,0.00000133," 9,298.05 ", 0.01237 ,866803,1.58043E+12,0.90015733,10885,5349,,0,FDTBTC
120,1.58043E+12,2020/1/31,0.00000116,0.00000164,2.50E-07,4.00E-07," 9,340.56 ", 0.00374 ,822236,1.58052E+12,0.87025379,10301,5215,,0,FDTBTC
121,1.58052E+12,2020/2/1,5.50E-07,0.00000164,2.50E-07,0.00000101," 9,389.57 ", 0.00948 ,848321,1.5806E+12,0.86672778,10498,5230,,0,FDTBTC
122,1.5806E+12,2020/2/2,8.60E-07,0.00000164,2.50E-07,5.50E-07," 9,336.81 ", 0.00514 ,917900,1.58069E+12,0.95770859,11234,5604,,0,FDTBTC
123,1.58069E+12,2020/2/3,5.70E-07,0.00000164,2.50E-07,0.00000138," 9,304.91 ", 0.01284 ,887201,1.58077E+12,0.90801894,11090,5570,,0,FDTBTC
124,1.58077E+12,2020/2/4,0.00000126,0.00000164,2.50E-07,6.70E-07," 8,977.32 ", 0.00601 ,994554,1.58086E+12,1.02735697,12370,6235,,0,FDTBTC
125,1.58086E+12,2020/2/5,7.30E-07,0.00000164,2.70E-07,0.00000116," 9,606.34 ", 0.01114 ,999025,1.58095E+12,1.02925262,12241,6158,,0,FDTBTC
126,1.58095E+12,2020/2/6,0.00000132,0.00000164,2.50E-07,8.40E-07," 9,540.30 ", 0.00801 ,982634,1.58103E+12,1.04857822,12247,6180,,0,FDTBTC
127,1.58103E+12,2020/2/7,0.0000011,0.00000164,2.50E-07,0.00000134," 9,826.80 ", 0.01317 ,933805,1.58112E+12,0.9674505,11653,5871,,0,FDTBTC
128,1.58112E+12,2020/2/8,0.00000131,0.00000164,2.50E-07,8.60E-07," 9,892.74 ", 0.00851 ,969459,1.58121E+12,0.98733466,12087,6063,,0,FDTBTC
129,1.58121E+12,2020/2/9,9.10E-07,0.00000164,2.50E-07,0.00000125," 10,150.12 ", 0.01269 ,993901,1.58129E+12,1.02990336,12295,6043,,0,FDTBTC
130,1.58129E+12,2020/2/10,0.00000125,0.00000164,2.50E-07,0.00000131," 9,583.90 ", 0.01255 ,962070,1.58138E+12,0.99859704,11794,5945,,0,FDTBTC
131,1.58138E+12,2020/2/11,0.00000115,0.00000164,2.50E-07,0.00000111," 10,234.70 ", 0.01136 ,945567,1.58147E+12,0.98911115,11678,5804,,0,FDTBTC
132,1.58147E+12,2020/2/12,0.00000111,0.00000164,2.50E-07,0.00000129," 10,334.09 ", 0.01333 ,942951,1.58155E+12,1.06612479,11585,5684,,0,FDTBTC
133,1.58155E+12,2020/2/13,0.00000129,0.00000164,2.60E-07,0.00000146," 10,230.12 ", 0.01494 ,876326,1.58164E+12,1.1506562,11040,5499,,0,FDTBTC
134,1.58164E+12,2020/2/14,0.00000145,0.00000164,3.40E-07,0.00000109," 10,348.72 ", 0.01128 ,858457,1.58172E+12,1.30403919,10892,5406,,0,FDTBTC
135,1.58172E+12,2020/2/15,0.00000117,0.00000164,2.50E-07,0.00000148," 9,897.20 ", 0.01465 ,903962,1.58181E+12,0.96604633,11338,5709,,0,FDTBTC
136,1.58181E+12,2020/2/16,0.00000109,0.00000164,2.50E-07,0.00000122," 9,944.85 ", 0.01213 ,939443,1.5819E+12,1.04913741,11714,5747,,0,FDTBTC
137,1.5819E+12,2020/2/17,0.00000136,0.00000164,2.70E-07,0.00000103," 9,697.85 ", 0.00999 ,275390,1.58198E+12,0.3031595,3567,1749,,0,FDTBTC
138,1.58198E+12,2020/2/18,0.00000117,0.00000164,2.50E-07,9.50E-07," 10,157.08 ", 0.00965 ,867145,1.58207E+12,0.88748679,10498,5172,,0,FDTBTC
139,1.58207E+12,2020/2/19,4.80E-07,0.00000164,2.50E-07,0.00000134," 9,612.99 ", 0.01288 ,1034289,1.58216E+12,1.08694624,12934,6527,,0,FDTBTC
140,1.58216E+12,2020/2/20,0.00000146,0.00000164,2.50E-07,6.00E-07," 9,597.32 ", 0.00576 ,984498,1.58224E+12,0.97681533,12390,6056,,0,FDTBTC
141,1.58224E+12,2020/2/21,5.20E-07,0.00000164,2.50E-07,3.80E-07," 9,682.52 ", 0.00368 ,1001620,1.58233E+12,1.02565424,12416,6233,,0,FDTBTC
142,1.58233E+12,2020/2/22,7.10E-07,0.00000164,2.50E-07,0.00000118," 9,654.12 ", 0.01139 ,1022366,1.58242E+12,1.09789181,12586,6371,,0,FDTBTC
143,1.58242E+12,2020/2/23,0.00000105,0.00000164,2.50E-07,8.80E-07," 9,957.61 ", 0.00876 ,1045883,1.5825E+12,1.07361401,12778,6316,,0,FDTBTC
144,1.5825E+12,2020/2/24,7.60E-07,0.00000164,2.50E-07,0.00000147," 9,662.95 ", 0.01420 ,1053703,1.58259E+12,1.08683626,12895,6386,,0,FDTBTC
145,1.58259E+12,2020/2/25,9.30E-07,0.00000164,2.50E-07,0.00000104," 9,320.71 ", 0.00969 ,1015863,1.58268E+12,1.05443721,12596,6327,,0,FDTBTC
146,1.58268E+12,2020/2/26,0.00000104,0.00000164,3.10E-07,0.00000133," 8,850.00 ", 0.01177 ,1003160,1.58276E+12,1.17616569,12236,6118,,0,FDTBTC
147,1.58276E+12,2020/2/27,7.80E-07,0.00000164,2.50E-07,8.90E-07," 8,804.64 ", 0.00784 ,925268,1.58285E+12,0.96984162,11601,5741,,0,FDTBTC
148,1.58285E+12,2020/2/28,0.00000136,0.00000164,2.60E-07,0.00000135," 8,692.44 ", 0.01173 ,911404,1.58293E+12,0.97039205,11442,5758,,0,FDTBTC
149,1.58293E+12,2020/2/29,0.00000137,0.00000164,2.50E-07,0.00000125," 8,537.34 ", 0.01067 ,917068,1.58302E+12,0.94724763,11352,5703,,0,FDTBTC
150,1.58302E+12,2020/3/1,0.00000145,0.00000164,2.60E-07,0.0000011," 8,545.43 ", 0.00940 ,882958,1.58311E+12,0.94412017,11082,5525,,0,FDTBTC
151,1.58311E+12,2020/3/2,0.00000114,0.00000164,3.10E-07,0.00000116," 8,929.90 ", 0.01036 ,881212,1.58319E+12,0.95203932,11149,5573,,0,FDTBTC
152,1.58319E+12,2020/3/3,0.00000135,0.00000164,3.10E-07,8.00E-07," 8,760.53 ", 0.00701 ,903506,1.58328E+12,0.95118221,11127,5627,,0,FDTBTC
153,1.58328E+12,2020/3/4,6.80E-07,0.00000164,3.10E-07,9.80E-07," 8,751.43 ", 0.00858 ,934177,1.58337E+12,0.97561007,11359,5715,,0,FDTBTC
154,1.58337E+12,2020/3/5,0.00000103,0.00000164,3.10E-07,0.00000128," 9,045.16 ", 0.01158 ,850563,1.58345E+12,0.89523165,10670,5339,,0,FDTBTC
155,1.58345E+12,2020/3/6,8.70E-07,0.00000164,3.10E-07,8.10E-07," 9,123.81 ", 0.00739 ,791384,1.58354E+12,0.83886553,9793,4884,,0,FDTBTC
156,1.58354E+12,2020/3/7,5.30E-07,0.00000164,3.20E-07,0.00000115," 8,878.85 ", 0.01021 ,623679,1.58363E+12,0.65848651,7888,3914,,0,FDTBTC
157,1.58363E+12,2020/3/8,9.10E-07,0.00000164,3.80E-07,8.90E-07," 8,280.16 ", 0.00737 ,479024,1.58371E+12,0.49468375,5956,2918,,0,FDTBTC
158,1.58371E+12,2020/3/9,0.00000101,0.00000164,3.80E-07,0.00000116," 7,936.84 ", 0.00921 ,175392,1.5838E+12,0.17315476,2178,1106,,0,FDTBTC
159,1.58388E+12,2020/3/11,7.10E-07,0.00000164,3.80E-07,9.10E-07," 7,928.57 ", 0.00721 ,487999,1.58397E+12,0.52917173,6057,2983,,0,FDTBTC
160,1.58397E+12,2020/3/12,8.70E-07,0.00000164,3.80E-07,0.00000102," 4,674.16 ", 0.00477 ,786960,1.58406E+12,0.86022174,9971,4991,,0,FDTBTC
161,1.58406E+12,2020/3/13,0.00000105,0.00000164,3.80E-07,7.90E-07," 5,509.06 ", 0.00435 ,777520,1.58414E+12,0.86825397,9495,4736,,0,FDTBTC
162,1.58414E+12,2020/3/14,0.000001,0.00000164,3.80E-07,0.00000128," 5,430.02 ", 0.00695 ,774636,1.58423E+12,0.85829063,9863,4972,,0,FDTBTC
163,1.58423E+12,2020/3/15,9.60E-07,0.00000164,3.80E-07,0.00000108," 5,429.38 ", 0.00586 ,775690,1.58432E+12,0.82784871,9605,4863,,0,FDTBTC
164,1.58432E+12,2020/3/16,0.00000126,0.00000164,3.80E-07,5.80E-07," 5,018.29 ", 0.00291 ,816400,1.5844E+12,0.88116783,10046,5023,,0,FDTBTC
165,1.5844E+12,2020/3/17,5.80E-07,0.00000164,3.80E-07,8.80E-07," 5,388.39 ", 0.00474 ,816001,1.58449E+12,0.90297907,10071,5079,,0,FDTBTC
166,1.58449E+12,2020/3/18,9.30E-07,0.00000164,3.80E-07,8.30E-07," 5,113.46 ", 0.00424 ,824395,1.58458E+12,0.88089725,10319,5147,,0,FDTBTC
167,1.58458E+12,2020/3/19,0.0000011,0.00000164,3.80E-07,0.00000105," 6,174.85 ", 0.00648 ,796903,1.58466E+12,0.84297794,10062,5014,,0,FDTBTC
168,1.58466E+12,2020/3/20,9.00E-07,0.00000164,3.80E-07,0.00000106," 6,204.41 ", 0.00658 ,882562,1.58475E+12,0.95167994,10725,5407,,0,FDTBTC
169,1.58475E+12,2020/3/21,5.70E-07,0.00000199,3.90E-07,5.20E-07," 6,175.14 ", 0.00321 ,981014,1.58484E+12,1.27631232,11991,6046,,0,FDTBTC
170,1.58484E+12,2020/3/22,6.30E-07,0.00000199,3.80E-07,0.00000164," 5,824.73 ", 0.00955 ,983744,1.58492E+12,1.31350261,11970,5950,,0,FDTBTC
171,1.58492E+12,2020/3/23,0.00000184,0.00000199,3.80E-07,0.00000109," 6,487.57 ", 0.00707 ,942154,1.58501E+12,1.27573251,11931,5964,,0,FDTBTC
172,1.58501E+12,2020/3/24,0.00000108,0.00000199,3.80E-07,6.80E-07," 6,740.91 ", 0.00458 ,959787,1.58509E+12,1.22818119,11814,5864,,0,FDTBTC
173,1.58509E+12,2020/3/25,6.80E-07,0.00000199,3.80E-07,0.0000019," 6,693.22 ", 0.01272 ,959328,1.58518E+12,1.25851162,11835,5895,,0,FDTBTC
174,1.58518E+12,2020/3/26,0.00000191,0.00000199,3.90E-07,0.00000181," 6,741.13 ", 0.01220 ,977688,1.58527E+12,1.24206548,11893,5904,,0,FDTBTC
175,1.58527E+12,2020/3/27,0.00000155,0.00000199,3.90E-07,0.00000164," 6,363.78 ", 0.01044 ,956528,1.58535E+12,1.19955314,12118,6098,,0,FDTBTC
176,1.58535E+12,2020/3/28,0.00000176,0.00000199,4.00E-07,6.10E-07," 6,245.65 ", 0.00381 ,948755,1.58544E+12,1.220566,11725,5982,,0,FDTBTC
177,1.58544E+12,2020/3/29,7.30E-07,0.00000199,4.10E-07,0.00000138," 5,890.21 ", 0.00813 ,926330,1.58553E+12,1.18714169,11640,5745,,0,FDTBTC
178,1.58553E+12,2020/3/30,0.00000169,0.00000199,5.20E-07,0.000001," 6,402.87 ", 0.00640 ,925709,1.58561E+12,1.24691277,11576,5774,,0,FDTBTC
179,1.58561E+12,2020/3/31,9.60E-07,0.00000199,5.30E-07,0.0000015," 6,436.48 ", 0.00965 ,682742,1.5857E+12,0.9432379,8503,4278,,0,FDTBTC
180,1.5857E+12,2020/4/1,5.40E-07,0.00000199,5.10E-07,0.00000136," 6,324.76 ", 0.00860 ,894453,1.58579E+12,1.26786583,11013,5572,,0,FDTBTC
181,1.58579E+12,2020/4/2,9.60E-07,0.00000199,5.20E-07,8.00E-07," 6,776.87 ", 0.00542 ,1014859,1.58587E+12,1.36544347,12722,6349,,0,FDTBTC
182,1.58587E+12,2020/4/3,9.90E-07,0.00000199,5.10E-07,6.30E-07," 6,669.06 ", 0.00420 ,1037533,1.58596E+12,1.34894526,12926,6426,,0,FDTBTC
183,1.58596E+12,2020/4/4,6.40E-07,0.00000199,5.20E-07,0.00000113," 6,756.75 ", 0.00764 ,986505,1.58604E+12,1.33145475,12265,6134,,0,FDTBTC
184,1.58604E+12,2020/4/5,0.00000127,0.00000199,5.20E-07,0.00000128," 6,717.17 ", 0.00860 ,1050170,1.58613E+12,1.43004683,12998,6470,,0,FDTBTC
185,1.58613E+12,2020/4/6,0.00000152,0.00000199,5.20E-07,0.000001," 7,263.86 ", 0.00726 ,1021554,1.58622E+12,1.34046178,12679,6399,,0,FDTBTC
186,1.58622E+12,2020/4/7,0.00000103,0.00000199,5.20E-07,0.00000122," 7,203.03 ", 0.00879 ,1003807,1.5863E+12,1.30393265,12564,6218,,0,FDTBTC
187,1.5863E+12,2020/4/8,0.00000117,0.00000199,5.20E-07,0.00000153," 7,340.28 ", 0.01123 ,1064360,1.58639E+12,1.46126954,13252,6603,,0,FDTBTC
188,1.58639E+12,2020/4/9,0.00000156,0.000002,5.20E-07,0.00000132," 7,286.80 ", 0.00962 ,1028184,1.58648E+12,1.39475223,12483,6248,,0,FDTBTC
189,1.58648E+12,2020/4/10,0.00000135,0.00000199,5.20E-07,9.30E-07," 6,865.66 ", 0.00639 ,943467,1.58656E+12,1.23988479,11444,5682,,0,FDTBTC
190,1.58656E+12,2020/4/11,0.00000101,0.00000199,5.20E-07,0.00000161," 6,880.48 ", 0.01108 ,998965,1.58665E+12,1.34074063,12338,6126,,0,FDTBTC
191,1.58665E+12,2020/4/12,0.0000016,0.00000199,5.70E-07,0.00000163," 6,981.02 ", 0.01138 ,983809,1.58674E+12,1.36402028,12374,6179,,0,FDTBTC
192,1.58674E+12,2020/4/13,0.00000133,0.00000199,5.60E-07,7.60E-07," 6,859.44 ", 0.00521 ,908818,1.58682E+12,1.23277578,11288,5796,,0,FDTBTC
193,1.58682E+12,2020/4/14,7.10E-07,0.00000199,5.40E-07,0.00000113," 6,917.51 ", 0.00782 ,308925,1.58691E+12,0.41086016,3751,1913,,0,FDTBTC
194,1.58691E+12,2020/4/15,7.60E-07,0.00000194,5.90E-07,0.00000153," 6,749.46 ", 0.01033 ,35397,1.587E+12,0.04014005,435,225,,0,FDTBTC
195,1.58708E+12,2020/4/17,0.00000125,0.00000199,5.60E-07,0.00000131," 7,142.61 ", 0.00936 ,625992,1.58717E+12,0.81534039,7582,3838,,0,FDTBTC
196,1.58717E+12,2020/4/18,0.00000142,0.00000199,5.70E-07,0.00000165," 7,249.12 ", 0.01196 ,2003644,1.58725E+12,2.7799831,12442,6265,,0,FDTBTC
197,1.58725E+12,2020/4/19,0.0000017,0.00000199,5.70E-07,0.00000154," 7,123.82 ", 0.01097 ,2004479,1.58734E+12,2.7580466,11192,5557,,0,FDTBTC
198,1.58734E+12,2020/4/20,0.00000154,0.00000199,5.70E-07,0.00000185," 7,022.86 ", 0.01299 ,1264584,1.58743E+12,1.71454253,7053,3518,,0,FDTBTC
199,1.58743E+12,2020/4/21,0.00000156,0.00000199,5.70E-07,0.00000136," 6,790.32 ", 0.00923 ,647753,1.58751E+12,0.91464877,3617,1760,,0,FDTBTC
200,1.58751E+12,2020/4/22,9.50E-07,0.00000199,5.60E-07,0.00000196," 7,122.61 ", 0.01396 ,2401394,1.5876E+12,3.26975771,13382,6622,,0,FDTBTC
201,1.5876E+12,2020/4/23,0.00000196,0.00000199,5.60E-07,0.00000107," 7,462.94 ", 0.00799 ,2315404,1.58769E+12,3.2076092,12860,6337,,0,FDTBTC
202,1.58769E+12,2020/4/24,0.00000119,0.00000199,5.60E-07,0.00000161," 7,498.42 ", 0.01207 ,2370001,1.58777E+12,3.24222526,13223,6547,,0,FDTBTC
203,1.58777E+12,2020/4/25,0.00000168,0.00000199,5.70E-07,0.00000132," 7,528.00 ", 0.00994 ,2271919,1.58786E+12,3.09207339,12619,6292,,0,FDTBTC
204,1.58786E+12,2020/4/26,0.00000151,0.00000199,5.60E-07,0.00000103," 7,550.98 ", 0.00778 ,2243112,1.58795E+12,3.11270581,12506,6179,,0,FDTBTC
205,1.58795E+12,2020/4/27,0.00000106,0.00000199,5.60E-07,0.00000181," 7,664.45 ", 0.01387 ,1124877,1.58803E+12,1.51392642,6270,3169,,0,FDTBTC
206,1.58803E+12,2020/4/28,0.00000158,0.00000199,5.60E-07,0.00000125," 7,730.82 ", 0.00966 ,2307676,1.58812E+12,3.12496246,12769,6380,,0,FDTBTC
207,1.58812E+12,2020/4/29,0.0000013,0.00000199,5.90E-07,0.00000135," 8,042.93 ", 0.01086 ,1014658,1.5882E+12,1.44449963,5653,2877,,0,FDTBTC
208,1.5882E+12,2020/4/30,8.70E-07,0.00000199,5.60E-07,0.00000176," 8,816.28 ", 0.01552 ,2359153,1.58829E+12,3.29348029,13129,6673,,0,FDTBTC
209,1.58829E+12,2020/5/1,0.00000176,0.00000199,5.60E-07,0.00000146," 8,794.97 ", 0.01284 ,2220103,1.58838E+12,3.10011349,12302,6130,,0,FDTBTC
210,1.58838E+12,2020/5/2,0.00000128,0.00000199,5.60E-07,0.00000111," 8,907.38 ", 0.00989 ,2168891,1.58846E+12,2.99415388,12015,5965,,0,FDTBTC
211,1.58846E+12,2020/5/3,0.00000133,0.00000199,5.70E-07,0.00000122," 8,853.89 ", 0.01080 ,2326012,1.58855E+12,3.21285076,12952,6496,,0,FDTBTC
212,1.58855E+12,2020/5/4,0.00000121,0.00000199,5.60E-07,0.00000109," 8,931.37 ", 0.00974 ,2353080,1.58864E+12,3.17415928,13106,6529,,0,FDTBTC
213,1.58864E+12,2020/5/5,8.80E-07,0.00000199,5.60E-07,0.00000185," 9,029.98 ", 0.01671 ,2306755,1.58872E+12,3.0591618,12853,6285,,0,FDTBTC
214,1.58872E+12,2020/5/6,0.00000173,0.00000199,5.60E-07,0.00000127," 9,115.01 ", 0.01158 ,2332681,1.58881E+12,3.19638713,12998,6487,,0,FDTBTC
215,1.58881E+12,2020/5/7,0.00000127,0.00000199,5.70E-07,0.00000119," 9,200.88 ", 0.01095 ,2314107,1.5889E+12,3.27315805,12838,6459,,0,FDTBTC
216,1.5889E+12,2020/5/8,0.0000015,0.00000199,5.60E-07,0.00000137," 9,940.87 ", 0.01362 ,2333260,1.58898E+12,3.14402878,12966,6513,,0,FDTBTC
217,1.58898E+12,2020/5/9,0.00000119,0.00000199,5.70E-07,0.00000132," 9,752.18 ", 0.01287 ,1201458,1.58907E+12,1.57456179,6736,3294,,0,FDTBTC
218,1.58916E+12,2020/5/11,9.30E-07,0.00000199,5.60E-07,0.00000155," 8,601.65 ", 0.01333 ,2266623,1.58924E+12,3.06734819,12642,6362,,0,FDTBTC
219,1.58924E+12,2020/5/12,0.00000147,0.00000199,5.70E-07,0.00000129," 8,795.07 ", 0.01135 ,2267074,1.58933E+12,3.17339538,12615,6321,,0,FDTBTC
220,1.58933E+12,2020/5/13,0.00000133,0.00000199,5.60E-07,0.00000133," 9,296.73 ", 0.01236 ,2264240,1.58941E+12,2.98148909,12618,6340,,0,FDTBTC
221,1.58941E+12,2020/5/14,0.00000165,0.000002,5.60E-07,0.00000119," 9,800.66 ", 0.01166 ,2237438,1.5895E+12,3.10084685,12439,6218,,0,FDTBTC
222,1.5895E+12,2020/5/15,9.40E-07,0.00000199,5.60E-07,0.00000149," 9,516.24 ", 0.01418 ,2259343,1.58959E+12,3.16306094,12602,6294,,0,FDTBTC
223,1.58959E+12,2020/5/16,0.00000152,0.00000199,5.60E-07,0.00000169," 9,381.23 ", 0.01585 ,2347308,1.58967E+12,3.24888875,12976,6500,,0,FDTBTC
224,1.58967E+12,2020/5/17,0.00000172,0.00000199,5.60E-07,0.00000147," 9,713.64 ", 0.01428 ,2224083,1.58976E+12,3.03462626,12308,6138,,0,FDTBTC
225,1.58976E+12,2020/5/18,0.0000014,0.00000199,5.60E-07,0.00000186," 9,770.81 ", 0.01817 ,2103560,1.58985E+12,2.83342208,11740,5828,,0,FDTBTC
226,1.58985E+12,2020/5/19,0.0000012,0.00000199,5.60E-07,0.00000189," 9,751.98 ", 0.01843 ,2195854,1.58993E+12,2.9431517,12209,6054,,0,FDTBTC
227,1.58993E+12,2020/5/20,0.00000189,0.00000199,5.60E-07,0.00000157," 9,755.78 ", 0.01532 ,2199762,1.59002E+12,3.0387913,12296,6088,,0,FDTBTC
228,1.59002E+12,2020/5/21,0.00000163,0.00000199,5.60E-07,0.00000121," 8,949.42 ", 0.01083 ,2170239,1.59011E+12,3.0867885,12117,6130,,0,FDTBTC
229,1.59011E+12,2020/5/22,0.00000141,0.00000199,5.60E-07,0.00000166," 9,209.83 ", 0.01529 ,2260241,1.59019E+12,3.05293142,12552,6203,,0,FDTBTC
230,1.59019E+12,2020/5/23,0.00000162,0.00000199,5.60E-07,0.0000013," 9,173.60 ", 0.01193 ,2323633,1.59028E+12,3.21949013,12918,6501,,0,FDTBTC
231,1.59028E+12,2020/5/24,0.0000014,0.00000199,5.60E-07,9.70E-07," 9,168.51 ", 0.00889 ,2362846,1.59036E+12,3.21515575,13038,6499,,0,FDTBTC
232,1.59036E+12,2020/5/25,9.70E-07,0.00000199,5.60E-07,0.00000149," 8,838.91 ", 0.01317 ,2276426,1.59045E+12,3.0495003,12642,6334,,0,FDTBTC
233,1.59045E+12,2020/5/26,0.00000155,0.00000199,5.60E-07,0.00000198," 9,060.29 ", 0.01794 ,2204281,1.59054E+12,2.98144261,12409,6080,,0,FDTBTC
234,1.59054E+12,2020/5/27,0.00000195,0.00000199,5.60E-07,0.00000146," 8,987.25 ", 0.01312 ,2213423,1.59062E+12,3.11297412,12358,6132,,0,FDTBTC
235,1.59062E+12,2020/5/28,0.00000123,0.00000199,5.60E-07,0.0000012," 9,322.78 ", 0.01119 ,2292034,1.59071E+12,3.20807729,12690,6385,,0,FDTBTC
236,1.59071E+12,2020/5/29,0.00000138,0.00000199,5.60E-07,0.00000162," 9,191.18 ", 0.01489 ,2609613,1.5908E+12,3.36125852,14446,7251,,0,FDTBTC
237,1.5908E+12,2020/5/30,0.00000142,0.00000199,5.60E-07,0.00000168," 9,881.18 ", 0.01660 ,2555287,1.59088E+12,3.46733672,14226,7043,,0,FDTBTC
238,1.59088E+12,2020/5/31,0.00000151,0.00000198,5.80E-07,0.00000136," 9,548.79 ", 0.01299 ,265340,1.59097E+12,0.36961637,1454,735,,0,FDTBTC
239,1.59097E+12,2020/6/1,0.00000192,0.00000199,5.80E-07,0.00000152," 9,764.36 ", 0.01484 ,453396,1.59106E+12,0.62442519,2484,1257,,0,FDTBTC
240,1.59106E+12,2020/6/2,0.00000134,0.00000199,5.60E-07,0.00000163," 10,590.56 ", 0.01726 ,2071204,1.59114E+12,2.87315404,11500,5838,,0,FDTBTC
241,1.59114E+12,2020/6/3,0.00000174,0.00000199,5.60E-07,0.00000189," 9,580.00 ", 0.01811 ,2277745,1.59123E+12,3.14986174,12670,6346,,0,FDTBTC
242,1.59123E+12,2020/6/4,0.00000189,0.00000199,5.60E-07,0.00000171," 9,748.33 ", 0.01667 ,2160342,1.59132E+12,3.11844769,12081,5969,,0,FDTBTC
243,1.59132E+12,2020/6/5,0.00000132,0.00000199,7.60E-07,0.00000161," 9,742.97 ", 0.01569 ,2182265,1.5914E+12,3.18485139,12157,6115,,0,FDTBTC
244,1.5914E+12,2020/6/6,0.00000163,0.00000199,5.60E-07,0.00000186," 9,651.42 ", 0.01795 ,1344077,1.59149E+12,1.89063009,7464,3702,,0,FDTBTC
245,1.59149E+12,2020/6/7,0.00000157,0.00000199,5.60E-07,0.00000146," 9,812.73 ", 0.01433 ,2594672,1.59157E+12,3.5171633,14451,7251,,0,FDTBTC
246,1.59157E+12,2020/6/8,0.00000152,0.00000199,5.60E-07,0.00000179," 6,580.05 ", 0.01178 ,3138808,1.59166E+12,4.26770674,17382,8652,,0,FDTBTC
247,1.59166E+12,2020/6/9,0.00000173,0.00000199,5.70E-07,0.00000172," 9,681.01 ", 0.01665 ,2481861,1.59175E+12,3.43889919,13740,6853,,0,FDTBTC
248,1.59175E+12,2020/6/10,0.00000164,0.00000199,5.60E-07,6.30E-07," 9,530.95 ", 0.00600 ,2425760,1.59183E+12,3.3376244,13523,6694,,0,FDTBTC
249,1.59183E+12,2020/6/11,6.00E-07,0.00000199,5.60E-07,0.00000147," 9,508.28 ", 0.01398 ,1698932,1.59192E+12,2.25008215,9371,4732,,0,FDTBTC
250,1.59192E+12,2020/6/12,0.00000161,0.00000199,5.60E-07,0.00000146," 9,371.67 ", 0.01368 ,2500014,1.59201E+12,3.35493939,13825,6921,,0,FDTBTC
251,1.59201E+12,2020/6/13,0.00000159,0.00000199,5.60E-07,7.10E-07," 9,578.35 ", 0.00680 ,1999965,1.59209E+12,2.66119099,11072,5563,,0,FDTBTC