,open_time,,open,high,low,close,volume,close time,Quote asset volume,Number of trades,oth,null,other,market_name
0,1.57006E+12,2019/10/3,2.70E-07,9.90E-07,1.90E-07,9.80E-07,5554181,1.57015E+12,3.86264639,6642,3310,,0,GCZBTC
1,1.57015E+12,2019/10/4,9.70E-07,9.90E-07,1.90E-07,6.40E-07,9401083,1.57023E+12,6.7503281,11775,5871,,0,GCZBTC
2,1.57023E+12,2019/10/5,6.40E-07,9.90E-07,2.00E-07,7.60E-07,9612109,1.57032E+12,6.9672994,11778,5890,,0,GCZBTC
3,1.57032E+12,2019/10/6,7.50E-07,9.90E-07,1.90E-07,8.10E-07,9455339,1.57041E+12,6.48053377,11585,5856,,0,GCZBTC
4,1.57041E+12,2019/10/7,8.20E-07,9.90E-07,1.90E-07,8.90E-07,8707639,1.57049E+12,6.4201464,11228,5676,,0,GCZBTC
5,1.57049E+12,2019/10/8,8.20E-07,9.90E-07,2.10E-07,7.90E-07,8432786,1.57058E+12,5.63568768,10634,5342,,0,GCZBTC
6,1.57058E+12,2019/10/9,7.90E-07,9.90E-07,2.20E-07,4.10E-07,6706280,1.57067E+12,4.68115263,8274,4161,,0,GCZBTC
7,1.57067E+12,2019/10/10,4.10E-07,9.90E-07,2.10E-07,5.80E-07,8119453,1.57075E+12,5.48295029,10062,5126,,0,GCZBTC
8,1.57075E+12,2019/10/11,5.80E-07,9.90E-07,2.20E-07,8.20E-07,9195221,1.57084E+12,6.77857965,11200,5606,,0,GCZBTC
9,1.57084E+12,2019/10/12,8.20E-07,9.90E-07,2.40E-07,6.20E-07,9205602,1.57092E+12,6.36803291,11497,5731,,0,GCZBTC
10,1.57092E+12,2019/10/13,6.10E-07,9.90E-07,3.00E-07,5.00E-07,9207629,1.57101E+12,6.93834766,11464,5763,,0,GCZBTC
11,1.57101E+12,2019/10/14,4.90E-07,9.90E-07,2.50E-07,9.60E-07,8790442,1.5711E+12,6.0693934,10883,5559,,0,GCZBTC
12,1.5711E+12,2019/10/15,9.60E-07,9.90E-07,2.50E-07,9.10E-07,8655291,1.57118E+12,6.21803102,10757,5494,,0,GCZBTC
13,1.57118E+12,2019/10/16,8.50E-07,9.90E-07,2.50E-07,7.90E-07,8458002,1.57127E+12,6.11606335,10592,5383,,0,GCZBTC
14,1.57127E+12,2019/10/17,7.70E-07,9.90E-07,2.60E-07,9.70E-07,8408223,1.57136E+12,6.17185324,10532,5205,,0,GCZBTC
15,1.57136E+12,2019/10/18,9.70E-07,9.90E-07,2.50E-07,5.30E-07,8167569,1.57144E+12,5.90226689,10164,5079,,0,GCZBTC
16,1.57144E+12,2019/10/19,5.20E-07,9.90E-07,2.50E-07,3.60E-07,8330093,1.57153E+12,6.19557461,10339,5165,,0,GCZBTC
17,1.57153E+12,2019/10/20,3.60E-07,9.90E-07,2.60E-07,5.70E-07,8205951,1.57162E+12,6.10246601,10130,5042,,0,GCZBTC
18,1.57162E+12,2019/10/21,5.50E-07,9.90E-07,2.50E-07,8.70E-07,8431734,1.5717E+12,5.93581618,10460,5224,,0,GCZBTC
19,1.5717E+12,2019/10/22,8.70E-07,9.90E-07,2.50E-07,4.90E-07,8191443,1.57179E+12,5.81825857,10343,5111,,0,GCZBTC
20,1.57179E+12,2019/10/23,5.40E-07,9.90E-07,2.50E-07,7.80E-07,8029040,1.57188E+12,5.63490657,9989,4975,,0,GCZBTC
21,1.57188E+12,2019/10/24,7.70E-07,9.90E-07,2.50E-07,9.30E-07,8016352,1.57196E+12,5.8446189,10018,4987,,0,GCZBTC
22,1.57196E+12,2019/10/25,9.30E-07,9.90E-07,2.50E-07,7.60E-07,7572063,1.57205E+12,5.4183752,9377,4688,,0,GCZBTC
23,1.57205E+12,2019/10/26,7.60E-07,9.90E-07,3.70E-07,7.50E-07,7325150,1.57213E+12,5.43737272,9380,4710,,0,GCZBTC
24,1.57213E+12,2019/10/27,7.50E-07,9.90E-07,3.70E-07,9.90E-07,7672479,1.57222E+12,6.26132927,9481,4810,,0,GCZBTC
25,1.57222E+12,2019/10/28,9.70E-07,9.90E-07,2.50E-07,7.80E-07,6842519,1.57231E+12,5.62364533,8537,4266,,0,GCZBTC
26,1.57231E+12,2019/10/29,7.80E-07,9.90E-07,2.90E-07,8.20E-07,7471869,1.57239E+12,6.24456651,9307,4648,,0,GCZBTC
27,1.57239E+12,2019/10/30,7.80E-07,9.90E-07,3.30E-07,7.60E-07,2559584,1.57248E+12,1.87560174,3255,1660,,0,GCZBTC
28,1.57248E+12,2019/10/31,7.60E-07,9.90E-07,3.70E-07,6.90E-07,5216367,1.57257E+12,3.9023651,6513,3291,,0,GCZBTC
29,1.57257E+12,2019/11/1,7.00E-07,9.90E-07,4.30E-07,8.50E-07,8463005,1.57265E+12,6.54618945,10531,5247,,0,GCZBTC
30,1.57265E+12,2019/11/2,8.50E-07,9.90E-07,4.20E-07,8.30E-07,7691832,1.57274E+12,6.26296787,9695,4869,,0,GCZBTC
31,1.57274E+12,2019/11/3,8.10E-07,9.90E-07,2.80E-07,7.40E-07,8826552,1.57283E+12,6.58493735,10845,5412,,0,GCZBTC
32,1.57283E+12,2019/11/4,7.40E-07,9.90E-07,2.50E-07,9.90E-07,9008929,1.57291E+12,6.72972232,11413,5634,,0,GCZBTC
33,1.57291E+12,2019/11/5,9.90E-07,9.90E-07,2.60E-07,5.50E-07,8922938,1.573E+12,6.65151475,11003,5504,,0,GCZBTC
34,1.573E+12,2019/11/6,5.50E-07,9.90E-07,2.70E-07,8.00E-07,8102420,1.57308E+12,6.29303767,10041,5019,,0,GCZBTC
35,1.57308E+12,2019/11/7,8.00E-07,9.90E-07,3.30E-07,7.90E-07,8274372,1.57317E+12,6.47939023,10266,5135,,0,GCZBTC
36,1.57317E+12,2019/11/8,7.90E-07,9.90E-07,3.20E-07,7.30E-07,8315795,1.57326E+12,6.386907,10461,5261,,0,GCZBTC
37,1.57326E+12,2019/11/9,7.20E-07,9.90E-07,3.20E-07,5.40E-07,8760197,1.57334E+12,6.3524852,10883,5459,,0,GCZBTC
38,1.57334E+12,2019/11/10,5.40E-07,9.90E-07,3.30E-07,9.30E-07,8855910,1.57343E+12,6.660761,11074,5586,,0,GCZBTC
39,1.57343E+12,2019/11/11,9.10E-07,9.90E-07,3.20E-07,8.30E-07,8424265,1.57352E+12,6.12335614,10672,5268,,0,GCZBTC
40,1.57352E+12,2019/11/12,8.30E-07,9.90E-07,3.20E-07,9.70E-07,8484318,1.5736E+12,6.08959331,10532,5279,,0,GCZBTC
41,1.5736E+12,2019/11/13,9.70E-07,9.90E-07,3.30E-07,5.40E-07,3454476,1.57369E+12,2.70839224,4327,2129,,0,GCZBTC
42,1.57369E+12,2019/11/14,5.10E-07,9.90E-07,3.20E-07,9.40E-07,6922890,1.57378E+12,4.8949194,8544,4296,,0,GCZBTC
43,1.57378E+12,2019/11/15,9.40E-07,9.90E-07,3.60E-07,8.00E-07,8798970,1.57386E+12,7.37951989,10646,5276,,0,GCZBTC
44,1.57386E+12,2019/11/16,8.00E-07,9.90E-07,4.50E-07,9.90E-07,8997171,1.57395E+12,7.24614569,11041,5587,,0,GCZBTC
45,1.57395E+12,2019/11/17,6.50E-07,9.90E-07,4.50E-07,9.90E-07,8971812,1.57404E+12,6.93693301,11218,5629,,0,GCZBTC
46,1.57404E+12,2019/11/18,9.90E-07,9.90E-07,4.50E-07,6.90E-07,8909048,1.57412E+12,7.19143307,11244,5641,,0,GCZBTC
47,1.57412E+12,2019/11/19,6.90E-07,9.90E-07,2.80E-07,7.40E-07,8542665,1.57421E+12,6.16620806,10615,5369,,0,GCZBTC
48,1.57421E+12,2019/11/20,7.60E-07,9.90E-07,2.90E-07,9.50E-07,8635674,1.57429E+12,6.86510288,10777,5416,,0,GCZBTC
49,1.57429E+12,2019/11/21,9.50E-07,9.90E-07,3.20E-07,9.00E-07,8604944,1.57438E+12,6.77000408,10722,5369,,0,GCZBTC
50,1.57438E+12,2019/11/22,9.30E-07,9.90E-07,2.80E-07,7.40E-07,8336434,1.57447E+12,6.41677166,10257,5062,,0,GCZBTC
51,1.57447E+12,2019/11/23,7.40E-07,9.90E-07,3.70E-07,7.90E-07,7724072,1.57455E+12,5.86971397,9775,4900,,0,GCZBTC
52,1.57455E+12,2019/11/24,7.90E-07,9.90E-07,3.30E-07,6.90E-07,7730313,1.57464E+12,6.26698591,9675,4877,,0,GCZBTC
53,1.57464E+12,2019/11/25,7.00E-07,9.90E-07,3.30E-07,9.30E-07,7751477,1.57473E+12,5.90518231,9739,4882,,0,GCZBTC
54,1.57473E+12,2019/11/26,9.30E-07,9.90E-07,3.30E-07,7.90E-07,7723430,1.57481E+12,5.55432659,9639,4859,,0,GCZBTC
55,1.57481E+12,2019/11/27,7.90E-07,9.90E-07,3.30E-07,8.10E-07,7973177,1.5749E+12,5.99448731,10070,5078,,0,GCZBTC
56,1.5749E+12,2019/11/28,7.90E-07,9.90E-07,3.50E-07,7.20E-07,8255358,1.57499E+12,6.25020117,10161,5094,,0,GCZBTC
57,1.57499E+12,2019/11/29,7.20E-07,9.90E-07,3.70E-07,8.20E-07,6898717,1.57507E+12,5.28179573,8687,4432,,0,GCZBTC
58,1.57507E+12,2019/11/30,8.20E-07,9.90E-07,3.30E-07,8.10E-07,7406501,1.57516E+12,6.08332696,9097,4581,,0,GCZBTC
59,1.57516E+12,2019/12/1,8.10E-07,9.90E-07,3.60E-07,7.90E-07,7648056,1.57524E+12,6.07338337,9424,4736,,0,GCZBTC
60,1.57524E+12,2019/12/2,8.00E-07,9.90E-07,3.30E-07,9.60E-07,7909428,1.57533E+12,5.99656673,9896,4918,,0,GCZBTC
61,1.57533E+12,2019/12/3,9.60E-07,9.90E-07,3.30E-07,5.00E-07,8256878,1.57542E+12,5.84812595,10388,5256,,0,GCZBTC
62,1.57542E+12,2019/12/4,5.00E-07,9.90E-07,3.30E-07,5.50E-07,8559713,1.5755E+12,6.55909543,10736,5310,,0,GCZBTC
63,1.5755E+12,2019/12/5,5.50E-07,9.90E-07,3.30E-07,6.70E-07,8370406,1.57559E+12,6.57279201,10278,5112,,0,GCZBTC
64,1.57559E+12,2019/12/6,6.50E-07,9.90E-07,3.30E-07,6.30E-07,7478888,1.57568E+12,5.89545004,9529,4766,,0,GCZBTC
65,1.57568E+12,2019/12/7,6.30E-07,9.90E-07,3.30E-07,7.70E-07,7835943,1.57576E+12,5.84967489,9631,4833,,0,GCZBTC
66,1.57576E+12,2019/12/8,7.30E-07,9.90E-07,3.30E-07,8.50E-07,7963643,1.57585E+12,6.35155737,9839,4921,,0,GCZBTC
67,1.57585E+12,2019/12/9,8.50E-07,9.90E-07,3.60E-07,5.80E-07,7821837,1.57594E+12,5.86408967,9844,4936,,0,GCZBTC
68,1.57594E+12,2019/12/10,5.80E-07,9.90E-07,3.30E-07,5.50E-07,7981517,1.57602E+12,5.68712684,9971,4954,,0,GCZBTC
69,1.57602E+12,2019/12/11,5.80E-07,9.90E-07,3.30E-07,9.90E-07,6898031,1.57611E+12,4.74748867,8675,4271,,0,GCZBTC
70,1.57611E+12,2019/12/12,9.80E-07,9.90E-07,3.30E-07,7.90E-07,7345291,1.5762E+12,5.87161418,9346,4730,,0,GCZBTC
71,1.5762E+12,2019/12/13,8.00E-07,9.90E-07,3.50E-07,6.50E-07,3093674,1.57628E+12,2.22690302,3881,1918,,0,GCZBTC
72,1.57628E+12,2019/12/14,6.70E-07,9.90E-07,3.30E-07,7.80E-07,6967231,1.57637E+12,5.62048675,8655,4318,,0,GCZBTC
73,1.57637E+12,2019/12/15,7.80E-07,9.90E-07,3.30E-07,7.90E-07,8123970,1.57645E+12,6.88770955,10016,5034,,0,GCZBTC
74,1.57645E+12,2019/12/16,7.70E-07,9.90E-07,3.60E-07,7.90E-07,7303416,1.57654E+12,6.13823022,9202,4585,,0,GCZBTC
75,1.57654E+12,2019/12/17,7.90E-07,9.90E-07,3.30E-07,9.90E-07,7528368,1.57663E+12,5.89120066,9343,4565,,0,GCZBTC
76,1.57663E+12,2019/12/18,9.80E-07,9.90E-07,3.70E-07,9.70E-07,6333256,1.57671E+12,5.1067681,7828,3892,,0,GCZBTC
77,1.57671E+12,2019/12/19,8.50E-07,9.90E-07,3.60E-07,7.60E-07,7535845,1.5768E+12,5.75575608,9544,4781,,0,GCZBTC
78,1.5768E+12,2019/12/20,7.40E-07,9.90E-07,4.10E-07,6.00E-07,8818997,1.57689E+12,7.08558166,10976,5489,,0,GCZBTC
79,1.57689E+12,2019/12/21,6.10E-07,9.90E-07,4.50E-07,9.40E-07,9658652,1.57697E+12,8.00299472,12151,6155,,0,GCZBTC
80,1.57697E+12,2019/12/22,9.40E-07,9.90E-07,4.80E-07,8.40E-07,9766266,1.57706E+12,8.58204085,12092,6028,,0,GCZBTC
81,1.57706E+12,2019/12/23,8.10E-07,9.90E-07,4.20E-07,7.90E-07,7500248,1.57715E+12,6.01207235,9524,4717,,0,GCZBTC
82,1.57715E+12,2019/12/24,8.00E-07,9.90E-07,3.40E-07,4.60E-07,6161419,1.57723E+12,4.57933406,7640,3807,,0,GCZBTC
83,1.57723E+12,2019/12/25,4.90E-07,9.90E-07,3.70E-07,9.80E-07,5954964,1.57732E+12,4.57843756,7489,3774,,0,GCZBTC
84,1.57732E+12,2019/12/26,9.80E-07,9.90E-07,3.90E-07,7.00E-07,6116866,1.5774E+12,5.15132708,7845,3937,,0,GCZBTC
85,1.5774E+12,2019/12/27,8.40E-07,9.90E-07,3.50E-07,6.90E-07,6050300,1.57749E+12,4.68991666,7471,3748,,0,GCZBTC
86,1.57749E+12,2019/12/28,6.60E-07,9.90E-07,3.70E-07,9.10E-07,5801215,1.57758E+12,4.64156771,7337,3651,,0,GCZBTC
87,1.57758E+12,2019/12/29,9.10E-07,9.90E-07,3.80E-07,9.30E-07,3238630,1.57766E+12,2.55841591,4215,2068,,0,GCZBTC
88,1.57766E+12,2019/12/30,9.80E-07,9.90E-07,3.40E-07,5.10E-07,6869452,1.57775E+12,5.06457471,8499,4202,,0,GCZBTC
89,1.57775E+12,2019/12/31,5.10E-07,9.90E-07,4.00E-07,8.70E-07,7434724,1.57784E+12,6.05281554,9231,4587,,0,GCZBTC
90,1.57784E+12,2020/1/1,8.70E-07,9.90E-07,3.50E-07,8.40E-07,7295478,1.57792E+12,5.94498493,9252,4740,,0,GCZBTC
91,1.57792E+12,2020/1/2,8.40E-07,9.90E-07,3.70E-07,4.80E-07,7417092,1.57801E+12,6.07370723,9134,4584,,0,GCZBTC
92,1.57801E+12,2020/1/3,4.80E-07,9.90E-07,3.50E-07,9.30E-07,8308444,1.5781E+12,6.84248953,10370,5160,,0,GCZBTC
93,1.5781E+12,2020/1/4,8.90E-07,9.90E-07,3.70E-07,9.50E-07,7600381,1.57818E+12,6.11158055,9292,4639,,0,GCZBTC
94,1.57818E+12,2020/1/5,9.90E-07,9.90E-07,3.60E-07,9.40E-07,7938464,1.57827E+12,6.00247944,9911,4938,,0,GCZBTC
95,1.57827E+12,2020/1/6,9.40E-07,9.90E-07,3.50E-07,5.80E-07,7179225,1.57836E+12,5.94521554,9049,4500,,0,GCZBTC
96,1.57836E+12,2020/1/7,5.80E-07,9.90E-07,3.80E-07,9.80E-07,7488354,1.57844E+12,6.26380803,9507,4717,,0,GCZBTC
97,1.57844E+12,2020/1/8,9.80E-07,9.90E-07,3.40E-07,4.00E-07,6999569,1.57853E+12,5.01139025,8667,4361,,0,GCZBTC
98,1.57853E+12,2020/1/9,4.20E-07,9.90E-07,3.40E-07,7.80E-07,5544320,1.57861E+12,3.58350795,7017,3526,,0,GCZBTC
99,1.57861E+12,2020/1/10,7.90E-07,9.90E-07,3.60E-07,6.30E-07,7814757,1.5787E+12,5.69608642,9598,4831,,0,GCZBTC
100,1.5787E+12,2020/1/11,6.40E-07,9.90E-07,3.70E-07,6.80E-07,7749010,1.57879E+12,5.27561489,9662,4848,,0,GCZBTC
101,1.57879E+12,2020/1/12,7.40E-07,9.90E-07,3.70E-07,5.00E-07,8004692,1.57887E+12,4.91915835,9990,4960,,0,GCZBTC
102,1.57887E+12,2020/1/13,5.00E-07,9.90E-07,3.70E-07,4.60E-07,7534633,1.57896E+12,5.13416693,9643,4846,,0,GCZBTC
103,1.57896E+12,2020/1/14,4.80E-07,9.90E-07,3.90E-07,6.00E-07,7818920,1.57905E+12,5.48088679,9728,4840,,0,GCZBTC
104,1.57905E+12,2020/1/15,6.00E-07,9.90E-07,4.70E-07,6.80E-07,6015222,1.57913E+12,4.55210509,7663,3874,,0,GCZBTC
105,1.57913E+12,2020/1/16,6.80E-07,9.90E-07,4.70E-07,6.70E-07,7641640,1.57922E+12,5.79288666,9361,4666,,0,GCZBTC
106,1.57922E+12,2020/1/17,6.70E-07,9.90E-07,4.70E-07,6.30E-07,6291154,1.57931E+12,4.26580558,7935,3933,,0,GCZBTC
107,1.57931E+12,2020/1/18,5.80E-07,9.90E-07,4.70E-07,7.50E-07,9297620,1.57939E+12,7.41517638,11603,5799,,0,GCZBTC
108,1.57939E+12,2020/1/19,7.80E-07,9.90E-07,4.70E-07,9.50E-07,10021959,1.57948E+12,7.28003752,12379,6281,,0,GCZBTC
109,1.57948E+12,2020/1/20,9.50E-07,9.90E-07,4.70E-07,6.80E-07,8890820,1.57956E+12,6.88032119,10798,5405,,0,GCZBTC
110,1.57956E+12,2020/1/21,6.80E-07,9.90E-07,4.90E-07,6.40E-07,8172168,1.57965E+12,6.07304884,10349,5170,,0,GCZBTC
111,1.57965E+12,2020/1/22,6.50E-07,9.90E-07,5.10E-07,6.20E-07,8184574,1.57974E+12,6.00747083,10131,4972,,0,GCZBTC
112,1.57974E+12,2020/1/23,6.00E-07,9.90E-07,5.70E-07,6.10E-07,4768397,1.57982E+12,3.69481018,6025,2941,,0,GCZBTC
113,1.57982E+12,2020/1/24,6.00E-07,9.90E-07,6.00E-07,9.10E-07,6566052,1.57991E+12,5.52995832,8188,4049,,0,GCZBTC
114,1.57991E+12,2020/1/25,9.10E-07,9.90E-07,6.10E-07,7.70E-07,8372834,1.58E+12,6.60420246,10661,5385,,0,GCZBTC
115,1.58E+12,2020/1/26,7.70E-07,9.90E-07,6.10E-07,9.40E-07,8589285,1.58008E+12,6.90926895,10487,5248,,0,GCZBTC
116,1.58008E+12,2020/1/27,9.50E-07,9.90E-07,6.30E-07,9.50E-07,8180558,1.58017E+12,6.89359485,10392,5264,,0,GCZBTC
117,1.58017E+12,2020/1/28,9.40E-07,9.90E-07,5.80E-07,8.80E-07,8196178,1.58026E+12,6.80110988,10406,5167,,0,GCZBTC
118,1.58026E+12,2020/1/29,8.60E-07,9.90E-07,5.80E-07,7.70E-07,8523443,1.58034E+12,7.02171811,10606,5313,,0,GCZBTC
119,1.58034E+12,2020/1/30,7.70E-07,9.90E-07,5.80E-07,6.40E-07,8620114,1.58043E+12,6.80098404,10831,5436,,0,GCZBTC
120,1.58043E+12,2020/1/31,6.60E-07,9.90E-07,5.80E-07,8.80E-07,8362969,1.58052E+12,6.4769867,10331,5187,,0,GCZBTC
121,1.58052E+12,2020/2/1,8.90E-07,9.90E-07,5.80E-07,7.70E-07,8350814,1.5806E+12,6.75633413,10481,5251,,0,GCZBTC
122,1.5806E+12,2020/2/2,7.60E-07,9.90E-07,5.80E-07,6.10E-07,8994489,1.58069E+12,7.2149624,11278,5693,,0,GCZBTC
123,1.58069E+12,2020/2/3,6.40E-07,9.90E-07,5.80E-07,8.20E-07,8708473,1.58077E+12,6.37485083,11089,5573,,0,GCZBTC
124,1.58077E+12,2020/2/4,8.10E-07,9.90E-07,5.80E-07,8.90E-07,9760466,1.58086E+12,7.83898796,12330,6130,,0,GCZBTC
125,1.58086E+12,2020/2/5,8.80E-07,9.90E-07,5.80E-07,9.50E-07,9922966,1.58095E+12,7.90888321,12326,6270,,0,GCZBTC
126,1.58095E+12,2020/2/6,9.60E-07,9.90E-07,5.80E-07,8.90E-07,9697565,1.58103E+12,7.6072912,12245,6118,,0,GCZBTC
127,1.58103E+12,2020/2/7,9.50E-07,9.90E-07,5.80E-07,7.70E-07,9311694,1.58112E+12,7.5503921,11687,5893,,0,GCZBTC
128,1.58112E+12,2020/2/8,7.90E-07,9.90E-07,5.80E-07,6.60E-07,9819363,1.58121E+12,7.34098124,12084,5989,,0,GCZBTC
129,1.58121E+12,2020/2/9,6.50E-07,9.90E-07,5.80E-07,8.00E-07,9860127,1.58129E+12,7.47328971,12433,6146,,0,GCZBTC
130,1.58129E+12,2020/2/10,7.80E-07,9.90E-07,5.80E-07,6.60E-07,9462224,1.58138E+12,7.11293782,11737,5788,,0,GCZBTC
131,1.58138E+12,2020/2/11,6.20E-07,9.90E-07,5.80E-07,6.90E-07,9307724,1.58147E+12,7.28508294,11642,5829,,0,GCZBTC
132,1.58147E+12,2020/2/12,6.90E-07,9.90E-07,5.80E-07,9.40E-07,9407506,1.58155E+12,7.88446068,11588,5825,,0,GCZBTC
133,1.58155E+12,2020/2/13,9.50E-07,9.90E-07,5.80E-07,6.90E-07,9027854,1.58164E+12,7.73363625,11025,5470,,0,GCZBTC
134,1.58164E+12,2020/2/14,6.70E-07,9.90E-07,5.80E-07,8.70E-07,8626411,1.58172E+12,6.92417132,10925,5416,,0,GCZBTC
135,1.58172E+12,2020/2/15,9.00E-07,9.90E-07,5.80E-07,7.80E-07,9176112,1.58181E+12,7.33849424,11319,5690,,0,GCZBTC
136,1.58181E+12,2020/2/16,7.90E-07,9.90E-07,5.80E-07,7.70E-07,9321774,1.5819E+12,7.69749167,11756,5797,,0,GCZBTC
137,1.5819E+12,2020/2/17,7.60E-07,9.90E-07,5.80E-07,7.10E-07,2790698,1.58198E+12,2.04902935,3539,1790,,0,GCZBTC
138,1.58198E+12,2020/2/18,6.80E-07,9.90E-07,5.80E-07,7.10E-07,8509936,1.58207E+12,6.37381406,10465,5279,,0,GCZBTC
139,1.58207E+12,2020/2/19,7.00E-07,9.90E-07,5.80E-07,9.10E-07,10402975,1.58216E+12,8.06641564,12835,6473,,0,GCZBTC
140,1.58216E+12,2020/2/20,8.80E-07,9.90E-07,5.80E-07,9.00E-07,9972407,1.58224E+12,7.54435357,12399,6134,,0,GCZBTC
141,1.58224E+12,2020/2/21,8.80E-07,9.90E-07,5.80E-07,8.60E-07,10048602,1.58233E+12,7.46347853,12296,6128,,0,GCZBTC
142,1.58233E+12,2020/2/22,8.00E-07,9.90E-07,5.80E-07,6.70E-07,10014082,1.58242E+12,7.8637723,12592,6336,,0,GCZBTC
143,1.58242E+12,2020/2/23,6.60E-07,9.90E-07,5.80E-07,9.00E-07,10162288,1.5825E+12,7.80958498,12731,6270,,0,GCZBTC
144,1.5825E+12,2020/2/24,9.20E-07,9.90E-07,5.80E-07,7.00E-07,10489080,1.58259E+12,8.78349054,12900,6391,,0,GCZBTC
145,1.58259E+12,2020/2/25,7.10E-07,9.90E-07,5.80E-07,8.30E-07,10070820,1.58268E+12,7.64273305,12568,6292,,0,GCZBTC
146,1.58268E+12,2020/2/26,8.40E-07,9.90E-07,5.80E-07,6.10E-07,9935122,1.58276E+12,7.98162251,12133,6126,,0,GCZBTC
147,1.58276E+12,2020/2/27,6.30E-07,9.90E-07,5.80E-07,9.00E-07,9368029,1.58285E+12,7.57463308,11650,5801,,0,GCZBTC
148,1.58285E+12,2020/2/28,9.00E-07,9.90E-07,5.80E-07,7.20E-07,9317229,1.58293E+12,7.28031514,11473,5749,,0,GCZBTC
149,1.58293E+12,2020/2/29,7.70E-07,9.90E-07,5.80E-07,6.40E-07,8957821,1.58302E+12,6.75634422,11348,5742,,0,GCZBTC
150,1.58302E+12,2020/3/1,6.20E-07,9.90E-07,5.80E-07,6.90E-07,8953975,1.58311E+12,7.34464306,11027,5559,,0,GCZBTC
151,1.58311E+12,2020/3/2,6.90E-07,9.90E-07,5.80E-07,7.50E-07,8938431,1.58319E+12,7.02215362,11135,5624,,0,GCZBTC
152,1.58319E+12,2020/3/3,7.70E-07,9.90E-07,5.80E-07,8.80E-07,8976398,1.58328E+12,7.19049261,11161,5452,,0,GCZBTC
153,1.58328E+12,2020/3/4,9.20E-07,9.90E-07,5.80E-07,7.00E-07,9037650,1.58337E+12,7.53406895,11320,5673,,0,GCZBTC
154,1.58337E+12,2020/3/5,6.90E-07,9.90E-07,5.80E-07,6.70E-07,8331233,1.58345E+12,6.65011151,10570,5323,,0,GCZBTC
155,1.58345E+12,2020/3/6,6.70E-07,9.90E-07,5.80E-07,9.00E-07,7830974,1.58354E+12,6.19150184,9698,4905,,0,GCZBTC
156,1.58354E+12,2020/3/7,9.00E-07,9.90E-07,5.80E-07,6.70E-07,6281763,1.58363E+12,4.80492863,7875,3930,,0,GCZBTC
157,1.58363E+12,2020/3/8,7.60E-07,9.90E-07,6.10E-07,6.60E-07,4916429,1.58371E+12,4.0948515,5969,2926,,0,GCZBTC
158,1.58371E+12,2020/3/9,6.60E-07,9.70E-07,6.10E-07,9.20E-07,1742062,1.5838E+12,1.37682051,2191,1101,,0,GCZBTC
159,1.58388E+12,2020/3/11,5.80E-07,9.90E-07,5.80E-07,8.40E-07,4792290,1.58397E+12,3.56164793,6060,3058,,0,GCZBTC
160,1.58397E+12,2020/3/12,8.20E-07,9.90E-07,5.80E-07,8.40E-07,8019870,1.58406E+12,6.14073281,9921,4994,,0,GCZBTC
161,1.58406E+12,2020/3/13,7.70E-07,9.90E-07,5.80E-07,9.50E-07,7557153,1.58414E+12,5.82505271,9434,4705,,0,GCZBTC
162,1.58414E+12,2020/3/14,9.30E-07,9.90E-07,5.80E-07,9.50E-07,7948690,1.58423E+12,6.33050047,9824,4934,,0,GCZBTC
163,1.58423E+12,2020/3/15,9.50E-07,9.90E-07,5.80E-07,7.80E-07,7945120,1.58432E+12,6.33405728,9700,4787,,0,GCZBTC
164,1.58432E+12,2020/3/16,8.10E-07,9.90E-07,5.80E-07,9.20E-07,8049405,1.5844E+12,6.32265692,10025,4917,,0,GCZBTC
165,1.5844E+12,2020/3/17,9.00E-07,9.90E-07,5.80E-07,7.40E-07,8258989,1.58449E+12,6.66879274,10112,5075,,0,GCZBTC
166,1.58449E+12,2020/3/18,8.50E-07,9.90E-07,5.80E-07,6.10E-07,8107604,1.58458E+12,6.72619347,10245,5128,,0,GCZBTC
167,1.58458E+12,2020/3/19,6.30E-07,9.90E-07,5.80E-07,7.60E-07,8032638,1.58466E+12,6.46067504,10016,5008,,0,GCZBTC
168,1.58466E+12,2020/3/20,7.40E-07,9.90E-07,5.80E-07,9.70E-07,8619271,1.58475E+12,7.11835423,10689,5304,,0,GCZBTC
169,1.58475E+12,2020/3/21,9.70E-07,9.90E-07,5.80E-07,7.90E-07,9525593,1.58484E+12,7.69771515,11964,5978,,0,GCZBTC
170,1.58484E+12,2020/3/22,7.90E-07,9.90E-07,5.80E-07,7.50E-07,9630067,1.58492E+12,7.55371615,11991,5984,,0,GCZBTC
171,1.58492E+12,2020/3/23,7.30E-07,9.90E-07,5.80E-07,7.00E-07,9486741,1.58501E+12,7.20828159,11795,5828,,0,GCZBTC
172,1.58501E+12,2020/3/24,7.30E-07,9.90E-07,5.80E-07,7.70E-07,9411630,1.58509E+12,7.68918436,11701,5846,,0,GCZBTC
173,1.58509E+12,2020/3/25,7.70E-07,9.90E-07,5.80E-07,9.20E-07,9440341,1.58518E+12,7.25086235,11814,5874,,0,GCZBTC
174,1.58518E+12,2020/3/26,9.10E-07,9.90E-07,5.80E-07,6.00E-07,9493480,1.58527E+12,7.27859457,11954,5994,,0,GCZBTC
175,1.58527E+12,2020/3/27,6.30E-07,9.90E-07,5.80E-07,7.90E-07,9547960,1.58535E+12,7.93992129,12055,6024,,0,GCZBTC
176,1.58535E+12,2020/3/28,7.90E-07,9.90E-07,5.80E-07,8.80E-07,9220666,1.58544E+12,7.05723766,11731,5939,,0,GCZBTC
177,1.58544E+12,2020/3/29,8.30E-07,9.90E-07,5.80E-07,8.00E-07,9523892,1.58553E+12,7.39503297,11639,5901,,0,GCZBTC
178,1.58553E+12,2020/3/30,7.90E-07,9.90E-07,5.80E-07,8.30E-07,9392581,1.58561E+12,7.61631171,11541,5744,,0,GCZBTC
179,1.58561E+12,2020/3/31,8.00E-07,9.90E-07,5.80E-07,9.50E-07,6900028,1.5857E+12,5.41269132,8487,4282,,0,GCZBTC
180,1.5857E+12,2020/4/1,6.30E-07,9.90E-07,5.80E-07,9.70E-07,8796285,1.58579E+12,6.78721771,11058,5408,,0,GCZBTC
181,1.58579E+12,2020/4/2,6.40E-07,9.90E-07,5.80E-07,9.40E-07,10227450,1.58587E+12,8.19696926,12744,6461,,0,GCZBTC
182,1.58587E+12,2020/4/3,8.70E-07,9.90E-07,5.80E-07,7.90E-07,10461072,1.58596E+12,8.49941272,12893,6512,,0,GCZBTC
183,1.58596E+12,2020/4/4,7.50E-07,9.90E-07,5.80E-07,7.10E-07,9740304,1.58604E+12,7.8184316,12268,6089,,0,GCZBTC
184,1.58604E+12,2020/4/5,7.30E-07,9.90E-07,5.80E-07,6.70E-07,10544409,1.58613E+12,8.5323036,12950,6485,,0,GCZBTC
185,1.58613E+12,2020/4/6,6.90E-07,9.90E-07,5.80E-07,7.70E-07,10031645,1.58622E+12,7.90543178,12610,6418,,0,GCZBTC
186,1.58622E+12,2020/4/7,7.70E-07,9.90E-07,5.80E-07,6.40E-07,10291445,1.5863E+12,8.02639608,12589,6376,,0,GCZBTC
187,1.5863E+12,2020/4/8,6.40E-07,9.90E-07,5.80E-07,8.10E-07,10611756,1.58639E+12,8.41272021,13197,6535,,0,GCZBTC
188,1.58639E+12,2020/4/9,8.00E-07,9.90E-07,5.80E-07,7.70E-07,10049748,1.58648E+12,8.33419009,12527,6239,,0,GCZBTC
189,1.58648E+12,2020/4/10,7.90E-07,9.90E-07,5.80E-07,8.60E-07,9065370,1.58656E+12,7.26817794,11418,5723,,0,GCZBTC
190,1.58656E+12,2020/4/11,8.50E-07,9.90E-07,5.80E-07,9.10E-07,9811208,1.58665E+12,7.85422615,12305,6244,,0,GCZBTC
191,1.58665E+12,2020/4/12,9.20E-07,9.90E-07,5.80E-07,5.90E-07,9936083,1.58674E+12,7.62305724,12337,6181,,0,GCZBTC
192,1.58674E+12,2020/4/13,6.20E-07,9.90E-07,5.80E-07,8.20E-07,9131475,1.58682E+12,6.59034005,11309,5674,,0,GCZBTC
193,1.58682E+12,2020/4/14,6.60E-07,9.90E-07,5.80E-07,9.50E-07,3044861,1.58691E+12,2.49940516,3751,1852,,0,GCZBTC
194,1.58691E+12,2020/4/15,6.30E-07,8.00E-07,5.80E-07,7.80E-07,319514,1.587E+12,0.20286152,414,207,,0,GCZBTC
195,1.58708E+12,2020/4/17,6.20E-07,9.90E-07,5.80E-07,9.90E-07,6137123,1.58717E+12,4.97482432,7654,3827,,0,GCZBTC
196,1.58717E+12,2020/4/18,9.80E-07,9.90E-07,5.80E-07,9.20E-07,20049684,1.58725E+12,16.29521487,12518,6242,,0,GCZBTC
197,1.58725E+12,2020/4/19,9.20E-07,9.90E-07,5.80E-07,6.90E-07,20083866,1.58734E+12,16.23266368,11166,5562,,0,GCZBTC
198,1.58734E+12,2020/4/20,6.80E-07,9.90E-07,5.90E-07,8.30E-07,12602432,1.58743E+12,10.55366581,7034,3498,,0,GCZBTC
199,1.58743E+12,2020/4/21,8.20E-07,9.90E-07,5.80E-07,7.30E-07,6576796,1.58751E+12,5.3098608,3652,1788,,0,GCZBTC
200,1.58751E+12,2020/4/22,6.40E-07,9.90E-07,5.80E-07,8.00E-07,24017255,1.5876E+12,18.72097964,13328,6666,,0,GCZBTC
201,1.5876E+12,2020/4/23,8.20E-07,9.90E-07,5.80E-07,6.10E-07,23519993,1.58769E+12,18.64452327,12910,6426,,0,GCZBTC
202,1.58769E+12,2020/4/24,6.70E-07,9.90E-07,5.80E-07,9.40E-07,23656940,1.58777E+12,19.20472383,13103,6689,,0,GCZBTC
203,1.58777E+12,2020/4/25,9.00E-07,9.90E-07,5.80E-07,9.10E-07,22896226,1.58786E+12,18.15515534,12687,6388,,0,GCZBTC
204,1.58786E+12,2020/4/26,9.10E-07,9.90E-07,5.80E-07,6.30E-07,22539234,1.58795E+12,17.20296291,12512,6214,,0,GCZBTC
205,1.58795E+12,2020/4/27,6.50E-07,9.90E-07,5.80E-07,8.00E-07,11341105,1.58803E+12,8.80226068,6230,3139,,0,GCZBTC
206,1.58803E+12,2020/4/28,8.30E-07,9.90E-07,5.80E-07,7.10E-07,22866008,1.58812E+12,17.65596623,12732,6467,,0,GCZBTC
207,1.58812E+12,2020/4/29,7.30E-07,9.90E-07,5.80E-07,9.40E-07,10229766,1.5882E+12,7.33637183,5654,2837,,0,GCZBTC
208,1.5882E+12,2020/4/30,5.90E-07,9.90E-07,5.80E-07,6.90E-07,23750145,1.58829E+12,18.81020217,13100,6561,,0,GCZBTC
209,1.58829E+12,2020/5/1,6.80E-07,9.90E-07,5.80E-07,7.00E-07,22237917,1.58838E+12,17.99895582,12338,6060,,0,GCZBTC
210,1.58838E+12,2020/5/2,6.90E-07,9.90E-07,5.80E-07,7.10E-07,21487052,1.58846E+12,16.85836939,11890,5993,,0,GCZBTC
211,1.58846E+12,2020/5/3,7.40E-07,9.90E-07,5.90E-07,8.50E-07,23334254,1.58855E+12,18.52600033,12927,6440,,0,GCZBTC
212,1.58855E+12,2020/5/4,8.90E-07,9.90E-07,5.90E-07,7.60E-07,23636707,1.58864E+12,19.52109619,13026,6514,,0,GCZBTC
213,1.58864E+12,2020/5/5,7.70E-07,9.90E-07,5.90E-07,8.20E-07,23110949,1.58872E+12,18.26062795,12880,6411,,0,GCZBTC
214,1.58872E+12,2020/5/6,8.00E-07,9.90E-07,6.00E-07,8.80E-07,23238780,1.58881E+12,19.27899447,12869,6448,,0,GCZBTC
215,1.58881E+12,2020/5/7,8.90E-07,9.90E-07,5.90E-07,8.70E-07,23230167,1.5889E+12,18.49349151,12844,6333,,0,GCZBTC
216,1.5889E+12,2020/5/8,8.60E-07,9.90E-07,6.00E-07,6.60E-07,23412723,1.58898E+12,18.8276169,12913,6365,,0,GCZBTC
217,1.58898E+12,2020/5/9,7.10E-07,9.90E-07,6.00E-07,6.50E-07,12130799,1.58907E+12,9.72240906,6653,3300,,0,GCZBTC
218,1.58916E+12,2020/5/11,7.60E-07,9.90E-07,6.60E-07,8.10E-07,22979165,1.58924E+12,18.4551015,12735,6416,,0,GCZBTC
219,1.58924E+12,2020/5/12,8.20E-07,9.90E-07,6.60E-07,9.40E-07,22884058,1.58933E+12,18.85391946,12645,6405,,0,GCZBTC
220,1.58933E+12,2020/5/13,9.40E-07,9.90E-07,6.60E-07,6.70E-07,22890448,1.58941E+12,18.29802852,12695,6232,,0,GCZBTC
221,1.58941E+12,2020/5/14,7.00E-07,9.90E-07,6.60E-07,7.20E-07,22510370,1.5895E+12,19.41581388,12532,6255,,0,GCZBTC
222,1.5895E+12,2020/5/15,7.00E-07,9.90E-07,6.60E-07,9.20E-07,22746538,1.58959E+12,19.11254193,12564,6231,,0,GCZBTC
223,1.58959E+12,2020/5/16,9.40E-07,9.90E-07,6.60E-07,9.20E-07,23110699,1.58967E+12,19.3215573,12897,6455,,0,GCZBTC
224,1.58967E+12,2020/5/17,9.00E-07,9.90E-07,6.60E-07,7.40E-07,22101735,1.58976E+12,18.05079785,12228,6126,,0,GCZBTC
225,1.58976E+12,2020/5/18,7.40E-07,9.90E-07,6.60E-07,6.60E-07,21053394,1.58985E+12,17.94728586,11746,5909,,0,GCZBTC
226,1.58985E+12,2020/5/19,6.70E-07,9.90E-07,6.60E-07,8.60E-07,21878272,1.58993E+12,17.98324393,12113,6028,,0,GCZBTC
227,1.58993E+12,2020/5/20,9.30E-07,9.90E-07,6.60E-07,9.60E-07,22081004,1.59002E+12,19.30901781,12365,6162,,0,GCZBTC
228,1.59002E+12,2020/5/21,9.80E-07,9.90E-07,6.60E-07,9.20E-07,21903461,1.59011E+12,18.51533201,12130,6014,,0,GCZBTC
229,1.59011E+12,2020/5/22,9.10E-07,9.90E-07,6.60E-07,8.10E-07,22691337,1.59019E+12,19.08643838,12497,6170,,0,GCZBTC
230,1.59019E+12,2020/5/23,8.10E-07,9.90E-07,6.60E-07,8.30E-07,23247796,1.59028E+12,19.4503323,12958,6526,,0,GCZBTC
231,1.59028E+12,2020/5/24,8.80E-07,9.90E-07,6.60E-07,9.40E-07,23619797,1.59036E+12,19.5246508,13125,6597,,0,GCZBTC
232,1.59036E+12,2020/5/25,9.60E-07,9.90E-07,6.60E-07,8.10E-07,22778142,1.59045E+12,18.53649259,12666,6254,,0,GCZBTC
233,1.59045E+12,2020/5/26,8.00E-07,9.90E-07,6.60E-07,8.60E-07,22370462,1.59054E+12,18.89405676,12466,6273,,0,GCZBTC
234,1.59054E+12,2020/5/27,9.00E-07,9.90E-07,6.60E-07,9.10E-07,22140492,1.59062E+12,18.19984862,12287,6212,,0,GCZBTC
235,1.59062E+12,2020/5/28,9.10E-07,9.90E-07,6.60E-07,9.60E-07,22956626,1.59071E+12,18.59092017,12728,6411,,0,GCZBTC
236,1.59071E+12,2020/5/29,9.70E-07,9.90E-07,6.60E-07,9.30E-07,26181038,1.5908E+12,21.02556528,14499,7148,,0,GCZBTC
237,1.5908E+12,2020/5/30,9.70E-07,9.90E-07,6.60E-07,7.70E-07,26036216,1.59088E+12,21.61388375,14389,7170,,0,GCZBTC
238,1.59088E+12,2020/5/31,7.90E-07,9.70E-07,6.60E-07,8.40E-07,2621391,1.59097E+12,1.96604139,1476,755,,0,GCZBTC
239,1.59097E+12,2020/6/1,8.10E-07,9.90E-07,6.60E-07,9.20E-07,4515100,1.59106E+12,3.7241244,2505,1240,,0,GCZBTC
240,1.59106E+12,2020/6/2,9.70E-07,9.90E-07,6.60E-07,8.80E-07,20629459,1.59114E+12,17.22737345,11520,5699,,0,GCZBTC
241,1.59114E+12,2020/6/3,8.80E-07,9.90E-07,6.60E-07,8.20E-07,23100814,1.59123E+12,19.38683749,12698,6332,,0,GCZBTC
242,1.59123E+12,2020/6/4,8.40E-07,9.90E-07,6.60E-07,9.40E-07,21574246,1.59132E+12,17.07832183,11943,6061,,0,GCZBTC
243,1.59132E+12,2020/6/5,9.70E-07,9.90E-07,6.60E-07,7.60E-07,21939395,1.5914E+12,17.25621255,12162,6182,,0,GCZBTC
244,1.5914E+12,2020/6/6,7.40E-07,9.90E-07,6.60E-07,7.80E-07,13446420,1.59149E+12,10.7688825,7485,3749,,0,GCZBTC
245,1.59149E+12,2020/6/7,6.80E-07,9.90E-07,6.60E-07,8.50E-07,25998794,1.59157E+12,20.88510102,14408,7138,,0,GCZBTC
246,1.59157E+12,2020/6/8,8.30E-07,8.60E-07,7.80E-07,8.40E-07,31713140,1.59166E+12,26.19255439,17522,8767,,0,GCZBTC
247,1.59166E+12,2020/6/9,8.40E-07,9.90E-07,6.60E-07,8.70E-07,24797510,1.59175E+12,20.05139919,13735,6944,,0,GCZBTC
248,1.59175E+12,2020/6/10,8.90E-07,9.90E-07,6.60E-07,8.70E-07,24630906,1.59183E+12,20.43444138,13658,6868,,0,GCZBTC
249,1.59183E+12,2020/6/11,8.70E-07,9.90E-07,6.60E-07,7.70E-07,16998723,1.59192E+12,14.10656687,9414,4697,,0,GCZBTC
250,1.59192E+12,2020/6/12,7.60E-07,9.90E-07,6.60E-07,9.30E-07,24708570,1.59201E+12,21.39008317,13758,6863,,0,GCZBTC
251,1.59201E+12,2020/6/13,9.30E-07,9.90E-07,6.60E-07,9.00E-07,19960737,1.59209E+12,16.50539525,10999,5584,,0,GCZBTC