,open_time,open,high,low,close,volume,close time,Quote asset volume,Number of trades,oth,null,other,market_name
0,1557360000000,0.00091,0.02801438,0.00004317,0.00152039,151117,1557446399999,868.53119479,3141,1624,,0,VDETH
1,1557446400000,0.00158148,0.0176509,0.00037189,0.00273101,289786,1557532799999,764.07568183,6631,3331,,0,VDETH
2,1557532800000,0.00273101,0.00366446,0.000135,0.00205403,292402,1557619199999,447.93346825,6694,3378,,0,VDETH
3,1557619200000,0.00203664,0.00241056,0.00017785,0.00140106,288054,1557705599999,371.14047295,6475,3262,,0,VDETH
4,1557705600000,0.00139918,0.00154244,0.00061184,0.00124038,296859,1557791999999,363.86282729,6574,3298,,0,VDETH
5,1557792000000,0.00125528,0.00129559,0.00054892,0.00117347,287242,1557878399999,329.28629352,6404,3189,,0,VDETH
6,1557878400000,0.00087949,0.00121686,0.00004976,0.0009734,288639,1557964799999,283.72298259,6547,3189,,0,VDETH
7,1557964800000,0.0009734,0.00101291,0.00041164,0.00068481,280175,1558051199999,207.43040243,6321,3192,,0,VDETH
8,1558051200000,0.00068481,0.00120663,0.00024937,0.0007103,275403,1558137599999,195.10238824,6438,3195,,0,VDETH
9,1558137600000,0.0007103,0.00089728,0.00036544,0.00058844,286081,1558223999999,176.14083383,6596,3365,,0,VDETH
10,1558224000000,0.00058844,0.00061879,0.0002744,0.00055818,289949,1558310399999,162.33015666,6497,3191,,0,VDETH
11,1558310400000,0.00055818,0.00061847,0.00039962,0.00053134,286643,1558396799999,163.78958357,6457,3168,,0,VDETH
12,1558396800000,0.00054971,0.00061881,0.00044,0.00053619,285778,1558483199999,157.92478866,6394,3161,,0,VDETH
13,1558483200000,0.00053258,0.00057995,0.00042,0.00053279,286704,1558569599999,152.99753265,6572,3222,,0,VDETH
14,1558569600000,0.00053279,0.00056789,0.00042266,0.00048817,1366168,1558655999999,715.07160741,3581,1709,,0,VDETH
15,1558656000000,0.00047163,0.00057976,0.00042284,0.00049275,3836762,1558742399999,2029.38283418,8370,4213,,0,VDETH
16,1558742400000,0.00048524,0.00056336,0.00032998,0.00048116,3864712,1558828799999,1912.57564062,8817,4289,,0,VDETH
17,1558828800000,0.00045355,0.00057977,0.0004,0.00056159,2946286,1558915199999,1506.3056043,6680,3345,,0,VDETH
18,1558915200000,0.00056159,0.00057448,0.0004,0.00052785,3245852.86114142,1559001599999,1773.2258934,7555,3745,,0,VDETH
19,1559001600000,0.0005485,0.00121813,0.00042,0.00064995,3163652,1559087999999,2433.62049193,7039,3493,,0,VDETH
20,1559088000000,0.00064995,0.00119961,0.00041,0.00064558,3767229,1559174399999,3584.56228819,8487,4213,,0,VDETH
21,1559174400000,0.00065377,0.00066571,0.00040846,0.00055744,3017680.99915151,1559260799999,1766.39046553,6881,3490,,0,VDETH
22,1559260800000,0.00057687,0.00059983,0.0004,0.00057526,3964241,1559347199999,2189.20776712,8994,4515,,0,VDETH
23,1559347200000,0.00057526,0.00058984,0.00041179,0.0005832,4057848,1559433599999,2213.53192879,9135,4606,,0,VDETH
24,1559433600000,0.0005832,0.00058981,0.00041039,0.00056732,4053065,1559519999999,2217.03057489,9240,4649,,0,VDETH
25,1559520000000,0.00055612,0.0005899,0.0004095,0.00048222,4015145,1559606399999,2154.49283092,9070,4480,,0,VDETH
26,1559606400000,0.00048222,0.00058975,0.00042524,0.00055415,3550753,1559692799999,1961.10540269,7858,3938,,0,VDETH
27,1559692800000,0.00055476,0.00058997,0.00038035,0.00043516,4090711,1559779199999,2176.11619381,9218,4552,,0,VDETH
28,1559779200000,0.00044825,0.00057369,0.0004045,0.00054606,3926943,1559865599999,2092.59362169,9036,4547,,0,VDETH
29,1559865600000,0.00051776,0.00057355,0.00039659,0.00054564,4013166,1559951999999,2104.69405188,9145,4617,,0,VDETH
30,1559952000000,0.000546,0.00058967,0.00041343,0.00046107,3979788,1560038399999,2152.7255028,8972,4556,,0,VDETH
31,1560038400000,0.00046107,0.0005497,0.00039154,0.00045992,3747924,1560124799999,1886.66092961,8530,4332,,0,VDETH
32,1560124800000,0.00045992,0.00054145,0.00038037,0.0004503,3060683,1560211199999,1502.6693274,7026,3547,,0,VDETH
33,1560211200000,0.0004503,0.00050145,0.00038645,0.00041194,3310077,1560297599999,1528.49790665,7408,3683,,0,VDETH
34,1560297600000,0.00041302,0.00054992,0.00035035,0.00054449,3405121,1560383999999,1564.22091941,7651,3818,,0,VDETH
35,1560384000000,0.00054449,0.00054995,0.00036413,0.00044807,3448928,1560470399999,1623.80063844,7704,3888,,0,VDETH
36,1560470400000,0.00044852,0.00045231,0.00027165,0.00045231,3396098.99489288,1560556799999,1422.31178428,7673,3731,,0,VDETH
37,1560556800000,0.00033241,0.0004523,0.00023148,0.0004353,3126926,1560643199999,1313.97321515,7122,3586,,0,VDETH
38,1560643200000,0.00043638,0.00045141,0.00025024,0.00039233,3124684,1560729599999,1277.86357805,7058,3487,,0,VDETH
39,1560729600000,0.00039779,0.0004518,0.00026168,0.00044741,3174810,1560815999999,1355.03597049,7132,3614,,0,VDETH
40,1560816000000,0.00044741,0.00045171,0.00035678,0.00044642,3025175,1560902399999,1299.31844572,6903,3426,,0,VDETH
41,1560902400000,0.00044642,0.00045167,0.00040559,0.00044923,3210313,1560988799999,1418.05065552,7349,3609,,0,VDETH
42,1560988800000,0.00044923,0.00045165,0.00022148,0.00033192,3345457,1561075199999,1308.07980511,7431,3666,,0,VDETH
43,1561075200000,0.00033192,0.00043991,0.0002263,0.00034503,3486535,1561161599999,1355.4236884,8010,3997,,0,VDETH
44,1561161600000,0.00034503,0.00043956,0.00023,0.00033622,2253811,1561247999999,854.14432592,5262,2646,,0,VDETH
45,1561248000000,0.00035188,0.00041989,0.00024549,0.00032062,3800040,1561334399999,1422.28379057,8696,4334,,0,VDETH
46,1561334400000,0.00031273,0.00041978,0.00022619,0.00039803,3338504,1561420799999,1238.63323931,7674,3844,,0,VDETH
47,1561420800000,0.00039561,0.00041982,0.00022528,0.00033758,3349786,1561507199999,1261.47117127,7568,3803,,0,VDETH
48,1561507200000,0.00031075,0.00041983,0.00025788,0.00041687,3237949,1561593599999,1224.59118776,7375,3698,,0,VDETH
49,1561593600000,0.00040614,0.00041985,0.00026563,0.00040616,3275467,1561679999999,1244.5378427,7318,3649,,0,VDETH
50,1561680000000,0.00040616,0.0004097,0.00027062,0.00037494,3170379,1561766399999,1174.37030093,7315,3644,,0,VDETH
51,1561766400000,0.00037525,0.00040964,0.00026124,0.00037097,3307533,1561852799999,1137.52589189,7364,3659,,0,VDETH
52,1561852800000,0.00038342,0.0003997,0.00025353,0.00034856,3376678,1561939199999,1168.04675351,7506,3738,,0,VDETH
53,1561939200000,0.0003473,0.00039993,0.00024613,0.00037664,3250153,1562025599999,1153.77956432,7396,3729,,0,VDETH
54,1562025600000,0.00037664,0.00039978,0.0002401,0.00034855,3253375,1562111999999,1164.77490476,7311,3673,,0,VDETH
55,1562112000000,0.00034404,0.00039983,0.00025316,0.0003718,3269740,1562198399999,1183.78316953,7307,3708,,0,VDETH
56,1562198400000,0.00037314,0.0004,0.00026964,0.0003229,3097260.387825,1562284799999,1196.09007987,6946,3441,,0,VDETH
57,1562284800000,0.00033263,0.00039983,0.00024925,0.00030797,3337697,1562371199999,1204.52755378,7410,3687,,0,VDETH
58,1562371200000,0.00031777,0.00039971,0.00020352,0.00031103,3255266,1562457599999,1125.64508396,7583,3773,,0,VDETH
59,1562457600000,0.00034037,0.00038981,0.00022305,0.00035869,3173381,1562543999999,1108.12737916,7259,3587,,0,VDETH
60,1562544000000,0.00035869,0.00038834,0.00020802,0.00025678,3057020,1562630399999,972.30042023,7049,3507,,0,VDETH
61,1562630400000,0.00025678,0.00033885,0.00020871,0.00024816,2739958,1562716799999,797.90665632,6253,3135,,0,VDETH
62,1562716800000,0.00027078,0.0003898,0.00021025,0.00027045,2957042,1562803199999,860.94657326,6548,3252,,0,VDETH
63,1562803200000,0.00027097,0.00036153,0.00025,0.00031176,3163038,1562889599999,964.70603947,7118,3532,,0,VDETH
64,1562889600000,0.00031306,0.000315,0.0002722,0.00031199,2680679,1562975999999,825.98854561,6197,3096,,0,VDETH
65,1562976000000,0.0003115,0.00038988,0.00021465,0.00038848,2796970,1563062399999,877.35571177,6338,3208,,0,VDETH
66,1563062400000,0.00038743,0.00038982,0.00020748,0.0003754,2867700,1563148799999,996.676904,6591,3296,,0,VDETH
67,1563148800000,0.0003754,0.00038988,0.0002227,0.00037825,2814942,1563235199999,994.49147722,6552,3220,,0,VDETH
68,1563235200000,0.00037825,0.00038982,0.00031543,0.00037058,2719154,1563321599999,1024.84207756,6209,3070,,0,VDETH
69,1563321600000,0.00036956,0.00054,0.00029868,0.00053022,2918359.09945277,1563407999999,1163.98819652,6413,3215,,0,VDETH
70,1563408000000,0.00053081,0.0062,0.0004,0.00134614,3012358.27122919,1563494399999,3220.94444647,6559,3209,,0,VDETH
71,1563494400000,0.00134696,0.00135083,0.0003,0.00084546,3042239,1563580799999,2688.88152678,6934,3439,,0,VDETH
72,1563580800000,0.00084546,0.00086961,0.00035488,0.00066352,2747159,1563667199999,1870.17264353,6354,3083,,0,VDETH
73,1563667200000,0.00066114,0.00071192,0.00040388,0.0005577,2774786,1563753599999,1631.23495961,6330,3114,,0,VDETH
74,1563753600000,0.0005577,0.00071083,0.00036044,0.00057281,2771463,1563839999999,1576.13514931,6380,3184,,0,VDETH
75,1563840000000,0.00057281,0.00059947,0.0003191,0.0004834,2816579,1563926399999,1485.00139784,6445,3247,,0,VDETH
76,1563926400000,0.0004834,0.00051037,0.00032648,0.00048008,2610749,1564012799999,1204.08926007,5857,2924,,0,VDETH
77,1564012800000,0.00047466,0.00051066,0.0003,0.00051066,2890416,1564099199999,1381.64733071,6697,3308,,0,VDETH
78,1564099200000,0.00049936,0.00050998,0.00045156,0.00049195,2929473,1564185599999,1437.65342565,6562,3311,,0,VDETH
79,1564185600000,0.00049198,0.00049363,0.00044365,0.0004914,2758289,1564271999999,1348.66778227,6341,3171,,0,VDETH
80,1564272000000,0.0004914,0.00049343,0.00045478,0.00049079,2926262,1564358399999,1404.2749561,6548,3296,,0,VDETH
81,1564358400000,0.00049268,0.00051054,0.00047811,0.00048941,3099007,1564444799999,1522.32728437,7007,3516,,0,VDETH
82,1564444800000,0.00048941,0.00049365,0.00045705,0.00047248,3135731,1564531199999,1523.02036911,6984,3445,,0,VDETH
83,1564531200000,0.00047313,0.00047772,0.000251,0.00035707,2876049,1564617599999,1259.63545112,6481,3232,,0,VDETH
84,1564617600000,0.00035707,0.00042761,0.00025,0.00039235,2868158,1564703999999,1114.41590684,6585,3302,,0,VDETH
85,1564704000000,0.0003931,0.00039628,0.00025,0.00031608,2795867,1564790399999,967.57076491,6365,3170,,0,VDETH
86,1564790400000,0.00031496,0.00034096,0.00026297,0.00027766,2708971,1564876799999,827.97479704,6081,3067,,0,VDETH
87,1564876800000,0.00027766,0.0009326,0.00026508,0.0003769,2921913,1564963199999,851.74959491,6534,3317,,0,VDETH
88,1564963200000,0.0003769,0.00120296,0.00027231,0.00046466,2851640,1565049599999,1513.77628167,6459,3248,,0,VDETH
89,1565049600000,0.00046466,0.00048,0.00030136,0.00045255,2711793,1565135999999,1179.68004804,6113,3062,,0,VDETH
90,1565136000000,0.00045447,0.00085,0.00030709,0.00059464,2713481.215,1565222399999,1839.89000546,6116,3062,,0,VDETH
91,1565222400000,0.00059464,0.00067,0.00025001,0.00061862,2599121.13002985,1565308799999,1551.22030559,5887,2996,,0,VDETH
92,1565308800000,0.00061862,0.00064918,0.00035479,0.00058318,2365597,1565395199999,1354.06757115,5630,2902,,0,VDETH
93,1565395200000,0.00058379,0.00059957,0.00030186,0.00051126,2270244,1565481599999,1120.52541822,5110,2663,,0,VDETH
94,1565481600000,0.00051126,0.00054369,0.00029832,0.00044066,2437293,1565567999999,1165.73099417,5432,2742,,0,VDETH
95,1565568000000,0.00045493,0.00052074,0.00030347,0.00049028,2549611.07143679,1565654399999,1242.29692733,5797,2941,,0,VDETH
96,1565654400000,0.00049028,0.0005204,0.00040281,0.0004683,3764642,1565740799999,1804.66244159,8269,4214,,0,VDETH
97,1565740800000,0.0004683,0.00054148,0.00036568,0.00050017,2770824,1565827199999,1360.18557347,6211,3112,,0,VDETH
98,1565827200000,0.00050017,0.00054368,0.00030001,0.00044866,4241880,1565913599999,2037.5871634,9659,4725,,0,VDETH
99,1565913600000,0.00044866,0.00044999,0.00030917,0.00034174,4107972,1565999999999,1762.6429997,9301,4705,,0,VDETH
100,1566000000000,0.00035606,0.00044983,0.00028922,0.00036584,4023061,1566086399999,1651.56644629,9121,4529,,0,VDETH
101,1566086400000,0.00035026,0.00044942,0.00025005,0.0003865,3111625,1566172799999,1169.48058316,7004,3553,,0,VDETH
102,1566172800000,0.00037864,0.0003999,0.00026355,0.00037551,3834475,1566259199999,1417.92847151,8490,4283,,0,VDETH
103,1566259200000,0.0003736,0.00047569,0.00033763,0.00042288,3351012,1566345599999,1306.43174986,7377,3721,,0,VDETH
104,1566345600000,0.00042437,0.00051288,0.00035,0.00045374,3814710,1566431999999,1707.30550407,8637,4347,,0,VDETH
105,1566432000000,0.00050388,0.0005127,0.00036798,0.00042191,3007164,1566518399999,1396.69608807,6831,3409,,0,VDETH
106,1566518400000,0.00042093,0.0004249,0.00036289,0.00040191,1390791,1566604799999,576.22100032,3154,1575,,0,VDETH
107,1566604800000,0.00040911,0.000425,0.00026779,0.00039049,2570600,1566691199999,1056.80093334,5841,2909,,0,VDETH
108,1566691200000,0.00040296,0.000425,0.00027492,0.00042233,4265925,1566777599999,1759.07713951,9484,4773,,0,VDETH
109,1566777600000,0.00041704,0.00051288,0.00037305,0.00051288,2911250.16015442,1566863999999,1225.43739796,6829,3456,,0,VDETH
110,1566864000000,0.00043174,0.00051282,0.00025,0.000254,2770904,1566950399999,1252.33675696,6175,3014,,0,VDETH
111,1566950400000,0.000254,0.00051288,0.00025,0.00044011,3891853,1567036799999,1736.58271027,8945,4465,,0,VDETH
112,1567036800000,0.00044181,0.00051288,0.00025375,0.00039453,2947316.86063016,1567123199999,1176.31396154,6610,3292,,0,VDETH
113,1567123200000,0.00039741,0.00049921,0.00025001,0.00045471,3143302,1567209599999,1304.41920608,6990,3513,,0,VDETH
114,1567209600000,0.00044871,0.0004698,0.00025527,0.00035491,3106460,1567295999999,1220.47174299,7049,3551,,0,VDETH
115,1567296000000,0.00035491,0.000465,0.00025003,0.00035476,3124579.46236559,1567382399999,1201.57555684,7001,3544,,0,VDETH
116,1567382400000,0.00034972,0.00045407,0.00025694,0.00037001,3054537,1567468799999,1037.70833257,6970,3481,,0,VDETH
117,1567468800000,0.00031209,0.00045475,0.00025505,0.00037355,3069678,1567555199999,1197.57509814,6947,3432,,0,VDETH
118,1567555200000,0.0004402,0.000465,0.00025854,0.00037729,2944691,1567641599999,1130.34934164,6610,3358,,0,VDETH
119,1567641600000,0.00034639,0.00039745,0.00025886,0.00037,3108988,1567727999999,1062.25999587,6910,3434,,0,VDETH
120,1567728000000,0.00037091,0.00045675,0.00028827,0.00045032,3100824,1567814399999,1319.57770018,7057,3558,,0,VDETH
121,1567814400000,0.00045032,0.000457,0.0003788,0.00043171,4267605,1567900799999,1879.58291523,9565,4816,,0,VDETH
122,1567900800000,0.00043171,0.000449,0.00038963,0.000449,880348,1567987199999,379.47671181,1995,989,,0,VDETH
123,1567987200000,0.00043384,0.00044897,0.00040059,0.0004444,3895680,1568073599999,1694.39077225,8887,4411,,0,VDETH
124,1568073600000,0.00044381,0.000449,0.00028253,0.00044195,3798400,1568159999999,1593.94192861,8687,4342,,0,VDETH
125,1568160000000,0.00044195,0.000449,0.00025003,0.00036638,3527005,1568246399999,1384.81530326,8025,4043,,0,VDETH
126,1568246400000,0.000366,0.000457,0.00025358,0.00042945,4293631.15026258,1568332799999,1618.84976018,9765,4922,,0,VDETH
127,1568332800000,0.00040596,0.00044951,0.00025487,0.00034455,4398074,1568419199999,1660.14096682,9815,4976,,0,VDETH
128,1568419200000,0.00034486,0.00042187,0.00025005,0.00031843,4210296,1568505599999,1548.02575474,9660,4871,,0,VDETH
129,1568505600000,0.00031843,0.00041737,0.00025005,0.00040239,4321732,1568591999999,1534.23751672,9775,4875,,0,VDETH
130,1568592000000,0.00040239,0.0004087,0.00025262,0.00037689,4224447,1568678399999,1474.57590755,9656,4866,,0,VDETH
131,1568678400000,0.00027485,0.0003809,0.00025,0.00028241,4259305,1568764799999,1393.16173498,9693,4839,,0,VDETH
132,1568764800000,0.0002812,0.00038115,0.00025191,0.00037723,4289125,1568851199999,1370.8138434,9758,4932,,0,VDETH
133,1568851200000,0.00037723,0.00038048,0.00025225,0.00032007,3934025,1568937599999,1258.20449338,9092,4447,,0,VDETH
134,1568937600000,0.00032049,0.00034973,0.00025037,0.00028689,4088039.12348806,1569023999999,1194.71687,9333,4668,,0,VDETH
135,1569024000000,0.00028689,0.00039999,0.00025136,0.00038231,4134752,1569110399999,1264.54969941,9351,4661,,0,VDETH
136,1569110400000,0.00038231,0.0004,0.00025002,0.00031708,4215542,1569196799999,1364.98582547,9443,4798,,0,VDETH
137,1569196800000,0.00031564,0.00032369,0.0002659,0.00029819,4243012,1569283199999,1284.35721696,9481,4684,,0,VDETH
138,1569283200000,0.0003008,0.00032114,0.00026589,0.00031294,4130221,1569369599999,1242.8978073,9386,4700,,0,VDETH
139,1569369600000,0.00029128,0.00031654,0.00026834,0.00031353,3950347,1569455999999,1202.5436578,9075,4563,,0,VDETH
140,1569456000000,0.00031353,0.00031658,0.00026837,0.00031048,4034611,1569542399999,1225.62516454,8935,4487,,0,VDETH
141,1569542400000,0.00031048,0.00031646,0.00025,0.00030983,4068778,1569628799999,1210.94119337,9210,4596,,0,VDETH
142,1569628800000,0.00030845,0.00031637,0.00025,0.00030099,4054352,1569715199999,1198.95738113,9167,4615,,0,VDETH
143,1569715200000,0.00030099,0.00031563,0.00025087,0.00031337,4027282,1569801599999,1209.82893343,9192,4548,,0,VDETH
144,1569801600000,0.00031301,0.00032382,0.00029548,0.00032079,3605931,1569887999999,1123.06280648,8182,4163,,0,VDETH
145,1569888000000,0.00032041,0.0004,0.00025001,0.00029675,4131648,1569974399999,1322.87813733,9260,4600,,0,VDETH
146,1569974400000,0.00029937,0.00039822,0.00025002,0.00028044,4082464,1570060799999,1269.39699517,9346,4781,,0,VDETH
147,1570060800000,0.00029795,0.0004,0.0002509,0.00036213,4047085,1570147199999,1336.09620302,8947,4479,,0,VDETH
148,1570147200000,0.00038114,0.00039949,0.00025546,0.00037239,4112856,1570233599999,1392.78008848,9087,4563,,0,VDETH
149,1570233600000,0.00036039,0.00038299,0.00025006,0.00031157,3941828,1570319999999,1320.75072017,8960,4500,,0,VDETH
150,1570320000000,0.00032771,0.00038306,0.00025009,0.00029257,3879970,1570406399999,1348.10858671,8927,4418,,0,VDETH
151,1570406400000,0.00029257,0.00038273,0.00026174,0.00036883,3940274,1570492799999,1304.84652832,8694,4307,,0,VDETH
152,1570492800000,0.00036912,0.00038244,0.00025557,0.0003053,3751462.59220102,1570579199999,1224.2144695,8415,4304,,0,VDETH
153,1570579200000,0.00030479,0.00033378,0.00025067,0.0002981,2909905,1570665599999,887.33048577,6527,3281,,0,VDETH
154,1570665600000,0.00029777,0.00033321,0.00025057,0.00027723,3617233,1570751999999,1030.97903455,8090,4042,,0,VDETH
155,1570752000000,0.00027728,0.00033336,0.00025,0.00031709,3905876,1570838399999,1104.75144033,8660,4311,,0,VDETH
156,1570838400000,0.0003189,0.00033195,0.00025029,0.00027946,3982228,1570924799999,1138.4722557,8967,4565,,0,VDETH
157,1570924800000,0.00027946,0.00029481,0.00025,0.00027257,3930239,1571011199999,1105.8995201,8982,4493,,0,VDETH
158,1571011200000,0.00027458,0.00029454,0.000055,0.00026156,3831760,1571097599999,1054.81560606,8600,4322,,0,VDETH
159,1571097600000,0.00026375,0.000295,0.00025,0.0002551,3651402,1571183999999,1016.31019317,8366,4249,,0,VDETH
160,1571184000000,0.0002551,0.00033378,0.00025276,0.00030218,3598324,1571270399999,1102.60448996,8357,4185,,0,VDETH
161,1571270400000,0.00030364,0.00037965,0.0002586,0.00029221,3702725,1571356799999,1174.98519095,8245,4134,,0,VDETH
162,1571356800000,0.00027591,0.00038283,0.00025896,0.0003466,3622366,1571443199999,1226.46688672,8166,3960,,0,VDETH
163,1571443200000,0.0003466,0.0003826,0.00026624,0.00028411,3576533,1571529599999,1116.78833168,8173,4032,,0,VDETH
164,1571529600000,0.0002872,0.00038306,0.00027778,0.00032885,3626557,1571615999999,1246.10679622,8107,4009,,0,VDETH
165,1571616000000,0.00033,0.00037648,0.00025501,0.00033006,3662298,1571702399999,1170.9592516,8309,4149,,0,VDETH
166,1571702400000,0.00033006,0.00035931,0.00026018,0.00033974,3630416,1571788799999,1139.50042497,8180,4074,,0,VDETH
167,1571788800000,0.00033974,0.00038306,0.00025263,0.00031389,3479921,1571875199999,1149.5576725,7987,3988,,0,VDETH
168,1571875200000,0.00030069,0.00038244,0.000255,0.00031855,3523068,1571961599999,1122.38567261,7901,3935,,0,VDETH
169,1571961600000,0.00031855,0.00033966,0.00025001,0.00032405,3357339,1572047999999,1018.85674194,7527,3733,,0,VDETH
170,1572048000000,0.00032405,0.00032892,0.0002501,0.00029186,3337725,1572134399999,995.98884936,7567,3729,,0,VDETH
171,1572134400000,0.00029186,0.00031958,0.00025166,0.00027806,3267836,1572220799999,929.98899323,7637,3799,,0,VDETH
172,1572220800000,0.00027893,0.00029162,0.00025027,0.00026814,3041203,1572307199999,825.6395608,6930,3498,,0,VDETH
173,1572307200000,0.00026814,0.00028497,0.00025,0.00026401,3306973,1572393599999,890.40526984,7501,3684,,0,VDETH
174,1572393600000,0.00026494,0.00028497,0.0002505,0.00028247,3914617,1572479999999,1076.54142102,8757,4368,,0,VDETH
175,1572480000000,0.00028247,0.00028497,0.00025103,0.00028367,3782768,1572566399999,1033.55912997,8637,4281,,0,VDETH
176,1572566400000,0.00028234,0.00028493,0.00025,0.00025035,3684642,1572652799999,942.31865445,8264,4144,,0,VDETH
177,1572652800000,0.00025035,0.00028497,0.00025003,0.00026144,3246778,1572739199999,872.55042977,7416,3641,,0,VDETH
178,1572739200000,0.00026382,0.0002849,0.00025038,0.00027965,3734601,1572825599999,1020.01554712,8380,4167,,0,VDETH
179,1572825600000,0.00027965,0.00028101,0.00025029,0.00027501,3819552,1572911999999,1032.3840376,8780,4367,,0,VDETH
180,1572912000000,0.00027388,0.00028086,0.00025086,0.00027519,3757197,1572998399999,1026.45873406,8501,4349,,0,VDETH
181,1572998400000,0.00027519,0.00027989,0.00025049,0.00026663,3576426,1573084799999,954.31669649,7899,3949,,0,VDETH
182,1573084800000,0.0002666,0.00028001,0.00025323,0.0002664,3662928,1573171199999,994.57074677,8129,3988,,0,VDETH
183,1573171200000,0.0002664,0.00028001,0.00025,0.00027295,3783544,1573257599999,1029.09349622,8334,4238,,0,VDETH
184,1573257600000,0.00027295,0.00028093,0.00025056,0.00027274,3817553,1573343999999,1037.51382669,8529,4208,,0,VDETH
185,1573344000000,0.00027274,0.0002784,0.000135,0.0002637,3823586,1573430399999,1025.05276065,8627,4310,,0,VDETH
186,1573430400000,0.0002637,0.00027989,0.00020351,0.00025009,3696188,1573516799999,945.80923907,8299,4101,,0,VDETH
187,1573516800000,0.00025009,0.00027995,0.00025,0.00025175,3487303,1573603199999,880.99339945,8127,4076,,0,VDETH
188,1573603200000,0.00025175,0.00027976,0.00025,0.00026874,1593231,1573689599999,427.57473571,3721,1835,,0,VDETH
189,1573689600000,0.00026711,0.00027775,0.000251,0.00027074,3081381,1573775999999,827.7175558,6856,3443,,0,VDETH
190,1573776000000,0.00027426,0.00027772,0.00025027,0.0002532,3777863,1573862399999,1014.20976757,8392,4153,,0,VDETH
191,1573862400000,0.0002532,0.00027762,0.00025039,0.00025911,3923626,1573948799999,1025.57356604,8725,4318,,0,VDETH
192,1573948800000,0.00025911,0.00027775,0.00025,0.00026587,3803803,1574035199999,1003.45196817,8784,4395,,0,VDETH
193,1574035200000,0.00026908,0.00027775,0.00021931,0.00024945,3846576,1574121599999,1023.69183629,8692,4289,,0,VDETH
194,1574121600000,0.00024945,0.00027775,0.00021526,0.00027162,3630638,1574207999999,954.20874186,8434,4220,,0,VDETH
195,1574208000000,0.00027162,0.00027491,0.00023182,0.00027303,3778557,1574294399999,988.40674196,8638,4397,,0,VDETH
196,1574294400000,0.00027303,0.0002748,0.00023246,0.00025921,3674423,1574380799999,954.69290595,8423,4199,,0,VDETH
197,1574380800000,0.00026293,0.00027482,0.00023148,0.00026261,3604268,1574467199999,933.27979723,8136,4119,,0,VDETH
198,1574467200000,0.00026261,0.00027491,0.00023226,0.00025065,3432616,1574553599999,873.9804186,7608,3812,,0,VDETH
199,1574553600000,0.00025065,0.00027457,0.00023247,0.00027272,3472011,1574639999999,877.87833904,7745,3855,,0,VDETH
200,1574640000000,0.00027051,0.00027494,0.00023553,0.0002694,3462522,1574726399999,922.76126752,7869,3980,,0,VDETH
201,1574726400000,0.0002692,0.00027494,0.00023206,0.0002703,3436070,1574812799999,903.34005008,7707,3833,,0,VDETH
202,1574812800000,0.00027054,0.00027775,0.0002326,0.00027718,3518579,1574899199999,917.39999748,8069,4140,,0,VDETH
203,1574899200000,0.00027718,0.00038287,0.0002356,0.00037363,3550514,1574985599999,1044.06481174,8138,4166,,0,VDETH
204,1574985600000,0.00037363,0.00038241,0.00023901,0.00030825,3221217,1575071999999,1017.95768813,7280,3688,,0,VDETH
205,1575072000000,0.00027221,0.00034217,0.00024818,0.00031029,3275548,1575158399999,963.91160623,7391,3741,,0,VDETH
206,1575158400000,0.00031227,0.00032086,0.00025105,0.0003136,3347106,1575244799999,1000.83426898,7702,3766,,0,VDETH
207,1575244800000,0.00031385,0.00031792,0.00025105,0.00030452,3510753,1575331199999,1050.87306754,7962,3901,,0,VDETH
208,1575331200000,0.00030452,0.0003161,0.00022735,0.00024003,3675630,1575417599999,1000.60372348,8321,4195,,0,VDETH
209,1575417600000,0.00024003,0.00027845,0.00022451,0.00027383,3700015,1575503999999,974.2372885,8475,4173,,0,VDETH
210,1575504000000,0.00027383,0.00027739,0.00023909,0.00026577,3617923,1575590399999,940.23080573,8089,4009,,0,VDETH
211,1575590400000,0.00026486,0.000268,0.00023865,0.00026326,3352006,1575676799999,866.44703448,7689,3812,,0,VDETH
212,1575676800000,0.00026326,0.00026796,0.00023951,0.00024303,3478542,1575763199999,886.90284898,7799,3922,,0,VDETH
213,1575763200000,0.0002451,0.00028512,0.00024,0.0002694,3520018,1575849599999,915.6925577,7824,3872,,0,VDETH
214,1575849600000,0.0002694,0.00028507,0.00021353,0.00026238,3475104,1575935999999,912.23438472,7859,3944,,0,VDETH
215,1575936000000,0.00026238,0.00027897,0.00021353,0.00024916,3535083,1576022399999,932.20176076,7977,3998,,0,VDETH
216,1576022400000,0.00024788,0.00027888,0.0002266,0.00027148,3219839,1576108799999,838.95423971,7159,3524,,0,VDETH
217,1576108800000,0.00027148,0.00027899,0.00023111,0.00024292,3328349,1576195199999,874.55557437,7552,3794,,0,VDETH
218,1576195200000,0.00024657,0.00027885,0.00023234,0.0002713,1419499,1576281599999,367.1274488,3143,1586,,0,VDETH
219,1576281600000,0.00026844,0.00027899,0.00024,0.00027092,3137763,1576367999999,831.81454369,7045,3530,,0,VDETH
220,1576368000000,0.00027092,0.00027616,0.00024,0.00027432,3557232,1576454399999,958.560597,8025,3979,,0,VDETH
221,1576454400000,0.00027484,0.00027614,0.00024,0.00026519,3305494,1576540799999,887.45750108,7508,3757,,0,VDETH
222,1576540800000,0.00026619,0.00028941,0.00025303,0.00028601,3386343,1576627199999,921.62906149,7621,3838,,0,VDETH
223,1576627200000,0.00028663,0.000305,0.000255,0.00029846,2861485.16738567,1576713599999,838.24178371,6334,3125,,0,VDETH
224,1576713600000,0.00029846,0.000305,0.0002691,0.00029722,3370083,1576799999999,1006.20953402,7685,3824,,0,VDETH
225,1576800000000,0.00029717,0.00030485,0.00026279,0.00029729,3769298,1576886399999,1114.76096627,8632,4330,,0,VDETH
226,1576886400000,0.00029729,0.000317,0.00026067,0.00031433,4131739,1576972799999,1232.91141534,9304,4565,,0,VDETH
227,1576972800000,0.00031433,0.00031477,0.00026201,0.0003027,4110909,1577059199999,1202.21398628,9161,4579,,0,VDETH
228,1577059200000,0.00030296,0.000317,0.00026203,0.000317,3366518,1577145599999,1018.49035311,7560,3817,,0,VDETH
229,1577145600000,0.00030353,0.00034227,0.00026204,0.00034039,2856488,1577231999999,898.95831402,6450,3278,,0,VDETH
230,1577232000000,0.00034039,0.00034235,0.00026204,0.00026204,2872308,1577318399999,930.75465382,6364,3156,,0,VDETH
231,1577318400000,0.00032934,0.00034235,0.00026262,0.00033015,2882977,1577404799999,938.417745,6500,3281,,0,VDETH
232,1577404800000,0.00033015,0.00034217,0.00026263,0.00030966,1884140,1577491199999,608.96351468,4262,2171,,0,VDETH
233,1577491200000,0.00026365,0.00034225,0.00026365,0.00034001,2221016,1577577599999,727.3651597,5197,2628,,0,VDETH
234,1577577600000,0.00034001,0.00034215,0.00030068,0.00032563,1513259,1577663999999,501.6371811,3522,1752,,0,VDETH
235,1577664000000,0.00033255,0.00034145,0.00026857,0.0002992,3009802,1577750399999,889.65263967,6943,3467,,0,VDETH
236,1577750400000,0.0002992,0.00030185,0.00026372,0.00026372,3222682,1577836799999,950.34438784,7329,3665,,0,VDETH
237,1577836800000,0.00028507,0.00030192,0.00027244,0.00029938,3326316,1577923199999,982.72416722,7492,3748,,0,VDETH
238,1577923200000,0.00029938,0.00030195,0.0002748,0.00029154,3279273,1578009599999,973.43671148,7510,3703,,0,VDETH
239,1578009600000,0.000291,0.00030187,0.00028074,0.00029872,3632857,1578095999999,1077.36136169,8236,4148,,0,VDETH
240,1578096000000,0.00029919,0.00030195,0.00027576,0.00030093,3283225,1578182399999,971.69916732,7515,3746,,0,VDETH
241,1578182400000,0.00029965,0.00030195,0.0002748,0.0002748,3589410,1578268799999,1063.18107613,7950,4009,,0,VDETH
242,1578268800000,0.00029566,0.00034235,0.0002748,0.00031529,3249674,1578355199999,973.59450041,7406,3667,,0,VDETH
243,1578355200000,0.00031424,0.00034229,0.00026364,0.00032033,3412052,1578441599999,1119.77296525,7678,3895,,0,VDETH
244,1578441600000,0.00031848,0.00034233,0.00026384,0.00029258,3157303,1578527999999,1006.84562608,7011,3468,,0,VDETH
245,1578528000000,0.0002952,0.00034224,0.00026447,0.00034012,2465264,1578614399999,782.95635246,5628,2868,,0,VDETH
246,1578614400000,0.00033907,0.00034233,0.000265,0.00029358,3424809,1578700799999,1072.26228276,7648,3809,,0,VDETH
247,1578700800000,0.00028248,0.00031999,0.00026523,0.0002688,3449586,1578787199999,1033.62265223,7774,3874,,0,VDETH
248,1578787200000,0.00027196,0.00031601,0.00026521,0.00028714,3565444,1578873599999,1045.50196214,7940,3972,,0,VDETH
249,1578873600000,0.00028714,0.00034222,0.00026703,0.00033109,3312848,1578959999999,1011.40175326,7666,3815,,0,VDETH
250,1578960000000,0.00033082,0.00033896,0.00027089,0.00030037,3413118,1579046399999,1090.46726507,7782,3831,,0,VDETH
251,1579046400000,0.00030037,0.0004,0.00026726,0.00035802,2783326,1579132799999,889.72517357,6104,3092,,0,VDETH
252,1579132800000,0.0003555,0.0004498,0.00026859,0.00033961,3391132,1579219199999,1228.66393284,7600,3829,,0,VDETH
253,1579219200000,0.00034165,0.00041893,0.00025552,0.00028893,2793593,1579305599999,938.73530659,6378,3119,,0,VDETH
254,1579305600000,0.00029055,0.00031998,0.00026014,0.00030711,3937522,1579391999999,1157.67606548,8991,4494,,0,VDETH
255,1579392000000,0.00029755,0.00031964,0.00026206,0.0002675,4242418,1579478399999,1225.46107624,9303,4662,,0,VDETH
256,1579478400000,0.00026654,0.00028699,0.0002626,0.00028665,3735552,1579564799999,1044.59960078,8439,4150,,0,VDETH
257,1579564800000,0.00028375,0.00028698,0.00023548,0.00025203,3601264,1579651199999,975.97442834,8185,4103,,0,VDETH
258,1579651200000,0.00024627,0.00028695,0.00023657,0.00027114,3586040,1579737599999,972.30738765,8069,4041,,0,VDETH
259,1579737600000,0.00027258,0.00028699,0.00023548,0.00025027,2885159,1579823999999,804.64768421,6431,3277,,0,VDETH
260,1579824000000,0.00025051,0.000287,0.00023548,0.000261,2812947,1579910399999,758.94267651,6490,3202,,0,VDETH
261,1579910400000,0.00026214,0.00028689,0.0002359,0.00025869,3798810,1579996799999,1025.05110615,8387,4187,,0,VDETH
262,1579996800000,0.00025824,0.00028697,0.0002355,0.00025578,3705583,1580083199999,961.39378733,8408,4152,,0,VDETH
263,1580083200000,0.00025254,0.00027956,0.00023548,0.00027031,3707896,1580169599999,940.19647298,8338,4189,,0,VDETH
264,1580169600000,0.00027006,0.00028688,0.00024175,0.00028396,3810404,1580255999999,1030.21871889,8548,4397,,0,VDETH
265,1580256000000,0.00028359,0.00028697,0.00023797,0.00026907,3902309,1580342399999,1057.45439726,8704,4298,,0,VDETH
266,1580342400000,0.0002667,0.00028693,0.00023846,0.00027675,3850805,1580428799999,1043.55301945,8872,4381,,0,VDETH
267,1580428800000,0.00027527,0.000287,0.00024024,0.00027374,3786256,1580515199999,1039.21639918,8652,4263,,0,VDETH
268,1580515200000,0.00028163,0.00031957,0.0002458,0.0002861,3915198,1580601599999,1116.67741978,8864,4403,,0,VDETH
269,1580601600000,0.00028784,0.0003019,0.00025592,0.00027064,4097743,1580687999999,1147.9188626,9104,4550,,0,VDETH
270,1580688000000,0.00027075,0.00031088,0.00023641,0.0002456,3819541,1580774399999,1065.92359779,8571,4341,,0,VDETH
271,1580774400000,0.0002454,0.00029511,0.00023548,0.00028675,4206552,1580860799999,1088.48831721,9325,4709,,0,VDETH
272,1580860800000,0.00028671,0.00028735,0.00021352,0.00027935,4060817.66245589,1580947199999,1074.38698668,9107,4543,,0,VDETH
273,1580947200000,0.00027665,0.00028151,0.00021352,0.0002655,4120389,1581033599999,1047.96522363,9337,4706,,0,VDETH
274,1581033600000,0.0002285,0.00027103,0.000227,0.00023198,3885919,1581119999999,972.42435391,8939,4450,,0,VDETH
275,1581120000000,0.00023018,0.00025723,0.0001388,0.00023429,4060715,1581206399999,914.86077216,9259,4589,,0,VDETH
276,1581206400000,0.00023567,0.00025629,0.00013803,0.00019376,4133886,1581292799999,886.74153172,9321,4711,,0,VDETH
277,1581292800000,0.00019361,0.00023467,0.000136,0.00023259,3938588,1581379199999,796.56372902,9047,4538,,0,VDETH
278,1581379200000,0.00023271,0.00023367,0.00013725,0.0001724,3987166,1581465599999,804.44452767,8906,4391,,0,VDETH
279,1581465600000,0.00017095,0.00022597,0.00013947,0.00014354,3997523.25220161,1581551999999,809.64368989,8820,4388,,0,VDETH
280,1581552000000,0.00014352,0.00020998,0.0001363,0.00020354,3683317,1581638399999,685.30985811,8504,4246,,0,VDETH
281,1581638400000,0.00019889,0.00020436,0.000136,0.0001877,3750323,1581724799999,699.68730644,8641,4348,,0,VDETH
282,1581724800000,0.00018724,0.00018838,0.00013682,0.00015296,3830633,1581811199999,662.0693468,8678,4391,,0,VDETH
283,1581811200000,0.0001533,0.00022593,0.0001364,0.00022164,3968446,1581897599999,731.21194231,9073,4544,,0,VDETH
284,1581897600000,0.0001991,0.00022591,0.00013882,0.00017175,1190461,1581983999999,245.55682411,2669,1285,,0,VDETH
285,1581984000000,0.00017175,0.00017175,0.00017175,0.00017175,35,1582070399999,0.00601125,1,0,,0,VDETH
286,1582156800000,0.00022598,0.00022598,0.00022598,0.00022598,55,1582243199999,0.0124289,1,1,,0,VDETH
287,1582243200000,0.00014,0.00014,0.00014,0.00014,8,1582329599999,0.00112,1,0,,0,VDETH
288,1582416000000,0.0001401,0.0001401,0.00013985,0.00013985,1905,1582502399999,0.26665045,5,1,,0,VDETH
289,1582502400000,0.00014,0.00014,0.00014,0.00014,28,1582588799999,0.00392,1,0,,0,VDETH
290,1582675200000,0.00019,0.00022598,0.00018274,0.00019618,103715,1582761599999,19.6755884,216,104,,0,VDETH
291,1582761600000,0.00018026,0.00019,0.00018,0.00018452,3449717,1582847999999,639.12903284,7806,3934,,0,VDETH
292,1582848000000,0.00018624,0.00019,0.00018,0.00018624,4187144,1582934399999,776.21380192,9512,4791,,0,VDETH
293,1582934400000,0.00018508,0.00018999,0.00018,0.00018555,4318160,1583020799999,799.50051425,9619,4759,,0,VDETH
294,1583020800000,0.00018556,0.00019001,0.00018001,0.000182,4226676,1583107199999,783.6548012,9513,4829,,0,VDETH
295,1583107200000,0.00018268,0.00019,0.00018004,0.0001839,3973240,1583193599999,736.50207597,8932,4423,,0,VDETH
296,1583193600000,0.00018989,0.00021,0.00018,0.00019855,3809464,1583279999999,738.30797034,8658,4360,,0,VDETH
297,1583280000000,0.00020035,0.00020499,0.00015066,0.00018649,3850892.91140484,1583366399999,712.83911867,8638,4291,,0,VDETH
298,1583366400000,0.00018541,0.00019,0.00015268,0.00018505,3638432,1583452799999,647.83452081,8141,4030,,0,VDETH
299,1583452800000,0.00018511,0.00018986,0.0001525,0.00017945,3355528,1583539199999,581.39310483,7533,3709,,0,VDETH
300,1583539200000,0.00018442,0.00018999,0.00015804,0.0001707,2652323,1583625599999,475.12735827,6163,3042,,0,VDETH
301,1583625600000,0.00017294,0.00019,0.0001427,0.00019,2008979,1583711999999,355.26503021,4696,2371,,0,VDETH
302,1583712000000,0.00017215,0.00018998,0.00015721,0.00018925,742989,1583798399999,138.67211214,1712,857,,0,VDETH
303,1583884800000,0.00014511,0.00019,0.00014025,0.00018331,2139709,1583971199999,380.95213256,4809,2412,,0,VDETH
304,1583971200000,0.00018552,0.00022598,0.0001661,0.00022041,3019775,1584057599999,606.43727581,6815,3420,,0,VDETH
305,1584057600000,0.00021763,0.00033924,0.00017943,0.00027507,3411047,1584143999999,927.23780418,7577,3769,,0,VDETH
306,1584144000000,0.00027284,0.00027772,0.00023996,0.00027724,3469629,1584230399999,947.72581971,7632,3813,,0,VDETH
307,1584230400000,0.00027706,0.00027772,0.00027428,0.00027714,3322118,1584316799999,918.2062667,7577,3766,,0,VDETH
308,1584316800000,0.00027749,0.00027773,0.00018133,0.00024511,3448151,1584403199999,855.44245203,7742,3790,,0,VDETH
309,1584403200000,0.00024529,0.00024835,0.0001808,0.00021591,3490949,1584489599999,802.64409466,7958,3873,,0,VDETH
310,1584489600000,0.00020631,0.00024839,0.00018158,0.00024363,3447870,1584575999999,795.65059911,7845,3865,,0,VDETH
311,1584576000000,0.00024339,0.00024836,0.00018271,0.00022822,3582649,1584662399999,810.11423374,7914,4002,,0,VDETH
312,1584662400000,0.00022822,0.00027762,0.00018201,0.00027436,3739318,1584748799999,866.67236619,8370,4130,,0,VDETH
313,1584748800000,0.00027534,0.0002777,0.00019001,0.00022362,4020013,1584835199999,994.83078663,9069,4606,,0,VDETH
314,1584835200000,0.00022092,0.00027661,0.00019064,0.00024221,3948459,1584921599999,970.74443625,9208,4673,,0,VDETH
315,1584921600000,0.00023131,0.00027548,0.00022037,0.00027279,3982002,1585007999999,1041.3229851,9031,4558,,0,VDETH
316,1585008000000,0.00027281,0.00027549,0.00019001,0.00021524,4054385,1585094399999,1031.49852632,8918,4408,,0,VDETH
317,1585094400000,0.00021538,0.00027521,0.00019036,0.00022829,4038811,1585180799999,919.82842976,9086,4613,,0,VDETH
318,1585180800000,0.00022833,0.00027347,0.00019055,0.00024434,3940712,1585267199999,929.19646626,8884,4485,,0,VDETH
319,1585267200000,0.00024744,0.000275,0.0001911,0.00021858,4067446,1585353599999,1019.13800699,9212,4588,,0,VDETH
320,1585353600000,0.00021694,0.00027392,0.00019001,0.00022222,3963991,1585439999999,999.18571149,8999,4550,,0,VDETH
321,1585440000000,0.00022274,0.00027391,0.0002,0.00022278,3914486,1585526399999,915.03432129,8979,4563,,0,VDETH
322,1585526400000,0.00022245,0.00027395,0.00020066,0.00023547,3909175.22595364,1585612799999,929.06806281,9042,4568,,0,VDETH
323,1585612800000,0.000237,0.000309,0.00022572,0.0002837,2880044.77404636,1585699199999,755.97472141,6553,3268,,0,VDETH
324,1585699200000,0.00023502,0.000309,0.00023115,0.00029293,3605388,1585785599999,1005.27259162,8191,4191,,0,VDETH
325,1585785600000,0.00024369,0.00029715,0.000201,0.00024273,4239696,1585871999999,1122.92003295,9381,4674,,0,VDETH
326,1585872000000,0.00024325,0.00029718,0.00020273,0.00027744,4296768.14603448,1585958399999,1154.36106812,9687,4837,,0,VDETH
327,1585958400000,0.00027906,0.00029601,0.000212,0.00027579,3955939,1586044799999,1040.31512137,9056,4482,,0,VDETH
328,1586044800000,0.00027663,0.00027985,0.0002135,0.00027269,4289707,1586131199999,1114.04658392,9679,4874,,0,VDETH
329,1586131200000,0.00027424,0.00027899,0.00021309,0.00027146,4111888,1586217599999,1075.74531014,9407,4660,,0,VDETH
330,1586217600000,0.00026668,0.000279,0.000213,0.00023211,4109823,1586303999999,974.80496106,9434,4769,,0,VDETH
331,1586304000000,0.00023223,0.0002785,0.00021342,0.00024683,4288213,1586390399999,1090.87411517,9866,4959,,0,VDETH
332,1586390400000,0.00024626,0.00027841,0.0002135,0.00026096,4219262,1586476799999,1065.52670034,9429,4697,,0,VDETH
333,1586476800000,0.00026502,0.00027864,0.00021937,0.00024039,3887170,1586563199999,1020.74600307,8917,4410,,0,VDETH
334,1586563200000,0.00024511,0.00027898,0.000224,0.00025916,4105796,1586649599999,1054.61974617,9328,4544,,0,VDETH
335,1586649600000,0.00025865,0.00027,0.000213,0.000213,4164100,1586735999999,1067.40688915,9422,4610,,0,VDETH
336,1586736000000,0.00026573,0.00026992,0.00021529,0.00026785,3877627,1586822399999,987.96504715,8624,4279,,0,VDETH
337,1586822400000,0.00026849,0.00026877,0.00021322,0.00026758,1283414,1586908799999,315.70619392,2862,1419,,0,VDETH
338,1586908800000,0.00021703,0.00025915,0.0002138,0.00022331,141262,1586995199999,31.95636361,331,174,,0,VDETH
339,1586995200000,0.0002135,0.0002135,0.0002135,0.0002135,19,1587081599999,0.0040565,1,0,,0,VDETH
340,1587081600000,0.00021593,0.0002672,0.000213,0.00025059,2391856,1587167999999,586.01636252,5553,2762,,0,VDETH
341,1587168000000,0.00025045,0.00026689,0.00021132,0.00025161,4130009,1587254399999,999.38120002,9376,4738,,0,VDETH
342,1587254400000,0.00025032,0.000255,0.00021316,0.00024994,4002544,1587340799999,968.28458075,8885,4418,,0,VDETH
343,1587340800000,0.00025089,0.00025493,0.00021249,0.0002509,2367421,1587427199999,575.16058138,5388,2703,,0,VDETH
344,1587427200000,0.00023585,0.00025462,0.0002134,0.00025358,1224141,1587513599999,289.96837977,2726,1319,,0,VDETH
345,1587513600000,0.00021622,0.0002546,0.00021112,0.00022637,4327875,1587599999999,1040.65867107,9862,4976,,0,VDETH
346,1587600000000,0.00022514,0.00025446,0.00021,0.00022599,4508112,1587686399999,1082.71640424,9816,4868,,0,VDETH
347,1587686400000,0.00022641,0.00025196,0.00019151,0.00023421,4468982,1587772799999,929.32510424,9915,4854,,0,VDETH
348,1587772800000,0.00023227,0.000251,0.00019155,0.00023156,4390085,1587859199999,1015.93679999,9699,4928,,0,VDETH
349,1587859200000,0.00023316,0.000251,0.00019495,0.00024194,4240616,1587945599999,1001.67588912,9579,4728,,0,VDETH
350,1587945600000,0.00024366,0.000245,0.00019224,0.00023871,2160758,1588031999999,486.45479967,4700,2375,,0,VDETH
351,1588032000000,0.00023739,0.00024477,0.00020214,0.00023294,3583186,1588118399999,823.21488177,7920,3998,,0,VDETH
352,1588118400000,0.00023266,0.00024054,0.00019151,0.00020801,1926736,1588204799999,434.40507617,4352,2142,,0,VDETH
353,1588204800000,0.00019635,0.000245,0.00019001,0.0001999,4448122,1588291199999,975.79513342,9802,5015,,0,VDETH
354,1588291200000,0.0001999,0.00024353,0.00019934,0.00020992,4212755,1588377599999,950.23195004,9382,4691,,0,VDETH
355,1588377600000,0.00021085,0.00024258,0.00019001,0.0002041,4070385,1588463999999,923.10072291,9187,4607,,0,VDETH
356,1588464000000,0.00020488,0.00023499,0.00019027,0.00023219,4343913,1588550399999,969.33800417,9727,4905,,0,VDETH
357,1588550400000,0.00022827,0.00023497,0.00019001,0.00020182,4364597,1588636799999,944.93705028,9861,4913,,0,VDETH
358,1588636800000,0.00020902,0.00021848,0.00019059,0.00021092,4388882,1588723199999,915.92014547,9894,5031,,0,VDETH
359,1588723200000,0.00020937,0.00021699,0.00019139,0.00019631,4310292,1588809599999,887.91725746,9740,4853,,0,VDETH
360,1588809600000,0.00019964,0.0002185,0.00019272,0.00021312,4381155,1588895999999,913.83949132,9670,4834,,0,VDETH
361,1588896000000,0.00021188,0.00021759,0.00019381,0.00021332,4416047,1588982399999,924.88485398,9938,4931,,0,VDETH
362,1588982400000,0.00021391,0.00021929,0.00019416,0.00021929,2393799,1589068799999,505.95663348,5196,2639,,0,VDETH
363,1589068800000,0.00021928,0.00021928,0.00021928,0.00021928,124,1589155199999,0.02719072,1,1,,0,VDETH
364,1589155200000,0.00021615,0.00021928,0.00015414,0.00020609,4157230,1589241599999,830.10108084,9367,4720,,0,VDETH
365,1589241600000,0.00020639,0.00021916,0.0001546,0.00018627,4312951,1589327999999,813.39370211,9551,4788,,0,VDETH
366,1589328000000,0.00018326,0.00020367,0.00015495,0.00017574,4345085,1589414399999,814.83173961,9699,4843,,0,VDETH
367,1589414400000,0.00017288,0.00020369,0.00015483,0.00019459,4043463,1589500799999,751.14312216,8903,4486,,0,VDETH
368,1589500800000,0.00019208,0.00020369,0.00016584,0.00019858,4290084,1589587199999,826.18906294,9661,4805,,0,VDETH
369,1589587200000,0.00020041,0.00020358,0.00017615,0.00018963,4372799,1589673599999,840.52695645,9788,4849,,0,VDETH
370,1589673600000,0.00018741,0.00021499,0.00017667,0.00019409,4239746,1589759999999,827.26380809,9490,4755,,0,VDETH
371,1589760000000,0.00020042,0.00021452,0.00017615,0.00021015,4151273,1589846399999,834.99248217,9222,4741,,0,VDETH
372,1589846400000,0.00020777,0.00021194,0.0001764,0.00020736,4171942,1589932799999,811.43073199,9450,4763,,0,VDETH
373,1589932800000,0.00020552,0.00021292,0.00017695,0.00020765,4322651,1590019199999,866.48071171,9543,4709,,0,VDETH
374,1590019200000,0.00020919,0.00021294,0.0001769,0.00020131,4197531,1590105599999,851.25326081,9437,4736,,0,VDETH
375,1590105600000,0.00019903,0.00021289,0.00017704,0.00019776,4252993,1590191999999,851.08444229,9637,4837,,0,VDETH
376,1590192000000,0.00020354,0.0002129,0.00018299,0.00019983,4378689,1590278399999,893.84617093,9688,4809,,0,VDETH
377,1590278400000,0.00020182,0.0002129,0.0001769,0.000201,4395666,1590364799999,880.43601638,9873,4926,,0,VDETH
378,1590364800000,0.00019765,0.00021271,0.00017702,0.00019148,4320511,1590451199999,849.89158945,9743,4848,,0,VDETH
379,1590451200000,0.00019454,0.0002,0.00017736,0.00019402,4243636,1590537599999,815.43434561,9585,4750,,0,VDETH
380,1590537600000,0.00019031,0.0002,0.00017718,0.00018405,4283091,1590623999999,823.71341687,9514,4781,,0,VDETH
381,1590624000000,0.00018565,0.00020001,0.00017709,0.00018998,4291643.14604269,1590710399999,820.06745094,9615,4809,,0,VDETH
382,1590710400000,0.00019272,0.0002,0.0001796,0.00018629,4648858,1590796799999,890.890766,10468,5383,,0,VDETH
383,1590796800000,0.00018628,0.0002,0.00017963,0.00019282,4602868,1590883199999,880.29839356,10574,5286,,0,VDETH
384,1590883200000,0.00019351,0.00019971,0.00018002,0.00019606,450895,1590969599999,86.04346258,1127,593,,0,VDETH
385,1590969600000,0.00019151,0.00019975,0.0001799,0.0001923,919224,1591055999999,174.99753415,1988,1007,,0,VDETH
386,1591056000000,0.0001927,0.00019985,0.00016841,0.00018239,2371360,1591142399999,443.87752781,5226,2605,,0,VDETH
387,1591142400000,0.0001824,0.000185,0.00017295,0.00018041,4652188,1591228799999,838.28178453,10211,5098,,0,VDETH
388,1591228800000,0.00017868,0.00018499,0.00017307,0.00017937,4039252,1591315199999,724.989089,8739,4403,,0,VDETH
389,1591315200000,0.00018017,0.0001984,0.00017313,0.00017986,4230763,1591401599999,760.36434093,9325,4687,,0,VDETH
390,1591401600000,0.00017989,0.00019836,0.00017291,0.00018466,2654891,1591487999999,494.04050575,5716,2826,,0,VDETH
391,1591488000000,0.00017362,0.00019834,0.00017291,0.00018111,5250374,1591574399999,994.61196496,11941,6006,,0,VDETH
392,1591574400000,0.00018162,0.00074502,0.00017388,0.00018687,6209925,1591660799999,1185.89324313,13771,6906,,0,VDETH
393,1591660800000,0.00018426,0.00019846,0.00015475,0.00015722,5042974,1591747199999,914.02432863,11379,5664,,0,VDETH
394,1591747200000,0.00015911,0.0001985,0.00015475,0.00019359,5041527,1591833599999,875.12695713,11336,5628,,0,VDETH
395,1591833600000,0.00019039,0.00019846,0.00015475,0.00018191,3355096,1591919999999,611.02943081,7349,3702,,0,VDETH
396,1591920000000,0.00018116,0.00019849,0.00015515,0.0001957,5050258,1592006399999,918.26763527,11347,5714,,0,VDETH
397,1592006400000,0.0001957,0.00019848,0.000155,0.00019447,3840992,1592092799999,702.89106852,8695,4294,,0,VDETH
