,close,high,low,open,time,volume,market_name
0,0.00001222,0.00001229,0.000012,0.00001204,2020-05-19T00:00:00Z,43932031.85,ONE-ETH
1,0.00001202,0.00001243,0.000012,0.00001242,2020-05-18T00:00:00Z,52631278.52,ONE-ETH
2,0.00001243,0.0000127,0.00001234,0.00001259,2020-05-17T00:00:00Z,51155002.53,ONE-ETH
3,0.00001258,0.00001293,0.00001254,0.00001286,2020-05-16T00:00:00Z,51104059.22,ONE-ETH
4,0.00001287,0.00001295,0.00001241,0.00001244,2020-05-15T00:00:00Z,54879262.53,ONE-ETH
5,0.00001244,0.00001261,0.0000121,0.00001217,2020-05-14T00:00:00Z,61915580.23,ONE-ETH
6,0.00001218,0.00001248,0.00001201,0.00001207,2020-05-13T00:00:00Z,51627906.94,ONE-ETH
7,0.00001209,0.00001219,0.00001192,0.00001217,2020-05-12T00:00:00Z,52644021.43,ONE-ETH
8,0.00001219,0.00001238,0.00001189,0.00001209,2020-05-11T00:00:00Z,54305317.89,ONE-ETH
9,0.00001209,0.0000124,0.00001168,0.00001192,2020-05-10T00:00:00Z,53711706,ONE-ETH
10,0.0000119,0.00001196,0.00001171,0.00001188,2020-05-09T00:00:00Z,51207916.02,ONE-ETH
11,0.00001189,0.00001213,0.00001018,0.00001072,2020-05-08T00:00:00Z,55833065.05,ONE-ETH
12,0.00001072,0.0000114,0.00001068,0.00001139,2020-05-07T00:00:00Z,54750845.59,ONE-ETH
13,0.00001141,0.00001166,0.00001111,0.00001145,2020-05-06T00:00:00Z,55532521.02,ONE-ETH
14,0.00001146,0.00001153,0.00001119,0.00001136,2020-05-05T00:00:00Z,64458761.82,ONE-ETH
15,0.00001138,0.0000116,0.00001103,0.00001115,2020-05-04T00:00:00Z,56579825.8,ONE-ETH
16,0.00001115,0.00001135,0.00001111,0.00001129,2020-05-03T00:00:00Z,51814022.61,ONE-ETH
17,0.00001129,0.00001141,0.00001123,0.00001132,2020-05-02T00:00:00Z,48766638.52,ONE-ETH
18,0.00001132,0.00001155,0.00001108,0.00001153,2020-05-01T00:00:00Z,53109271.3,ONE-ETH
19,0.00001154,0.00001181,0.00001091,0.00001125,2020-04-30T00:00:00Z,55805347.55,ONE-ETH
20,0.00001125,0.00001166,0.000011,0.00001165,2020-04-29T00:00:00Z,65352622.97,ONE-ETH
21,0.00001165,0.0000118,0.00001148,0.00001168,2020-04-28T00:00:00Z,50172886.54,ONE-ETH
22,0.00001168,0.00001198,0.00001165,0.00001181,2020-04-27T00:00:00Z,53482542.36,ONE-ETH
23,0.00001181,0.00001199,0.00001158,0.00001188,2020-04-26T00:00:00Z,52087173.22,ONE-ETH
24,0.00001188,0.00001275,0.00001186,0.00001273,2020-04-25T00:00:00Z,47661869.32,ONE-ETH
25,0.00001273,0.00001301,0.00001266,0.00001301,2020-04-24T00:00:00Z,48664262.56,ONE-ETH
26,0.000013,0.0000131,0.00001259,0.00001301,2020-04-23T00:00:00Z,48194150.7,ONE-ETH
27,0.00001302,0.00001356,0.00001282,0.00001353,2020-04-22T00:00:00Z,47977317.02,ONE-ETH
28,0.00001354,0.00001378,0.00001342,0.00001371,2020-04-21T00:00:00Z,52334942.38,ONE-ETH
29,0.00001371,0.00001374,0.00001308,0.00001316,2020-04-20T00:00:00Z,51911413.52,ONE-ETH
30,0.00001317,0.00001357,0.00001308,0.00001328,2020-04-19T00:00:00Z,51042862.83,ONE-ETH
31,0.00001328,0.00001408,0.00001322,0.00001377,2020-04-18T00:00:00Z,42431831.24,ONE-ETH
32,0.00001377,0.00001381,0.00001348,0.00001369,2020-04-17T00:00:00Z,45385151.24,ONE-ETH
33,0.00001369,0.0000144,0.00001353,0.00001435,2020-04-16T00:00:00Z,41668174.63,ONE-ETH
34,0.00001434,0.00001434,0.0000138,0.00001395,2020-04-15T00:00:00Z,44041080.04,ONE-ETH
35,0.00001394,0.00001427,0.00001384,0.00001423,2020-04-14T00:00:00Z,34411795.85,ONE-ETH
36,0.00001423,0.00001435,0.00001401,0.00001416,2020-04-13T00:00:00Z,43945614.48,ONE-ETH
37,0.00001413,0.00001432,0.00001399,0.00001402,2020-04-12T00:00:00Z,42190778.19,ONE-ETH
38,0.00001402,0.00001422,0.00001386,0.00001411,2020-04-11T00:00:00Z,36075897.84,ONE-ETH
39,0.00001412,0.00001445,0.00001392,0.00001417,2020-04-10T00:00:00Z,39202880.11,ONE-ETH
40,0.00001417,0.00001434,0.00001395,0.00001425,2020-04-09T00:00:00Z,40175916.18,ONE-ETH
41,0.00001425,0.00001438,0.00001387,0.00001423,2020-04-08T00:00:00Z,45148183.16,ONE-ETH
42,0.00001423,0.00001461,0.00001408,0.00001453,2020-04-07T00:00:00Z,44026892.52,ONE-ETH
43,0.00001453,0.00001549,0.0000145,0.00001548,2020-04-06T00:00:00Z,52466924.29,ONE-ETH
44,0.00001549,0.00001556,0.00001531,0.00001535,2020-04-05T00:00:00Z,43702094.31,ONE-ETH
45,0.00001535,0.00001563,0.00001514,0.00001545,2020-04-04T00:00:00Z,41450133.22,ONE-ETH
46,0.00001546,0.00001585,0.00001517,0.00001585,2020-04-03T00:00:00Z,37438971.05,ONE-ETH
47,0.00001585,0.00001619,0.00001567,0.00001612,2020-04-02T00:00:00Z,43550887.32,ONE-ETH
48,0.00001612,0.00001645,0.00001609,0.00001633,2020-04-01T00:00:00Z,39654136.22,ONE-ETH
49,0.00001632,0.0000165,0.00001622,0.00001649,2020-03-31T00:00:00Z,41146407.16,ONE-ETH
50,0.00001649,0.0000165,0.00001613,0.00001634,2020-03-30T00:00:00Z,39386956.91,ONE-ETH
51,0.00001634,0.00001643,0.00001622,0.00001624,2020-03-29T00:00:00Z,39755374.51,ONE-ETH
52,0.00001624,0.00001635,0.00001596,0.00001597,2020-03-28T00:00:00Z,31067953.67,ONE-ETH
53,0.00001598,0.00001613,0.00001573,0.00001595,2020-03-27T00:00:00Z,43206375.57,ONE-ETH
54,0.00001595,0.0000162,0.00001583,0.00001611,2020-03-26T00:00:00Z,42032604.7,ONE-ETH
55,0.00001611,0.0000162,0.00001537,0.00001598,2020-03-25T00:00:00Z,38096191.11,ONE-ETH
56,0.00001597,0.00001612,0.0000154,0.00001546,2020-03-24T00:00:00Z,34199049.24,ONE-ETH
57,0.0000155,0.00001618,0.00001521,0.00001614,2020-03-23T00:00:00Z,35629455.76,ONE-ETH
58,0.00001614,0.00001618,0.00001548,0.0000158,2020-03-22T00:00:00Z,33161909.62,ONE-ETH
59,0.00001579,0.00001589,0.0000152,0.00001531,2020-03-21T00:00:00Z,35941905.19,ONE-ETH
60,0.00001532,0.00001573,0.0000147,0.00001554,2020-03-20T00:00:00Z,32601295.86,ONE-ETH
61,0.00001553,0.00001606,0.00001536,0.00001566,2020-03-19T00:00:00Z,37630801.36,ONE-ETH
62,0.00001566,0.000016,0.00001564,0.00001585,2020-03-18T00:00:00Z,46052327.62,ONE-ETH
63,0.00001582,0.0000159,0.000015,0.0000156,2020-03-17T00:00:00Z,45164029.46,ONE-ETH
64,0.00001559,0.00001582,0.00001516,0.0000153,2020-03-16T00:00:00Z,29845360.28,ONE-ETH
65,0.0000153,0.0000153,0.00001461,0.00001465,2020-03-15T00:00:00Z,2792503,ONE-ETH
66,0.00001461,0.00001486,0.0000144,0.0000147,2020-03-14T00:00:00Z,1971203.32,ONE-ETH
67,0.0000147,0.0000155,0.00001341,0.00001514,2020-03-13T00:00:00Z,20096392.27,ONE-ETH
68,0.00001513,0.00001643,0.000014,0.00001535,2020-03-12T00:00:00Z,42239301.79,ONE-ETH
69,0.00001535,0.0000155,0.00001487,0.00001492,2020-03-11T00:00:00Z,41614426.15,ONE-ETH
70,0.00001492,0.00001515,0.00001461,0.00001484,2020-03-10T00:00:00Z,41316238.25,ONE-ETH
71,0.00001484,0.00001514,0.00001454,0.00001509,2020-03-09T00:00:00Z,29723649.18,ONE-ETH
72,0.00001509,0.00001515,0.00001404,0.0000145,2020-03-08T00:00:00Z,39019374.5,ONE-ETH
73,0.0000145,0.00001467,0.00001424,0.00001462,2020-03-07T00:00:00Z,38833079.35,ONE-ETH
74,0.00001462,0.00001554,0.00001462,0.00001553,2020-03-06T00:00:00Z,36487615.44,ONE-ETH
75,0.00001554,0.00001555,0.00001525,0.0000154,2020-03-05T00:00:00Z,43238814.43,ONE-ETH
76,0.00001541,0.00001562,0.0000153,0.00001561,2020-03-04T00:00:00Z,45953474.75,ONE-ETH
77,0.00001561,0.00001593,0.00001532,0.00001532,2020-03-03T00:00:00Z,38629538.84,ONE-ETH
78,0.00001532,0.00001569,0.00001524,0.00001557,2020-03-02T00:00:00Z,39546836.01,ONE-ETH
79,0.00001557,0.000016,0.00001536,0.00001599,2020-03-01T00:00:00Z,30072133.15,ONE-ETH
80,0.000016,0.000016,0.00001552,0.00001577,2020-02-29T00:00:00Z,31286333.09,ONE-ETH
81,0.00001577,0.00001618,0.00001564,0.00001596,2020-02-28T00:00:00Z,26631449.47,ONE-ETH
82,0.00001596,0.0000168,0.00001546,0.0000162,2020-02-27T00:00:00Z,40175950.08,ONE-ETH
83,0.00001619,0.0000167,0.00001565,0.00001594,2020-02-26T00:00:00Z,35420907.93,ONE-ETH
84,0.00001594,0.00001594,0.00001516,0.00001526,2020-02-25T00:00:00Z,46608279.08,ONE-ETH
85,0.00001526,0.00001544,0.00001498,0.00001518,2020-02-24T00:00:00Z,40632194.73,ONE-ETH
86,0.00001519,0.00001544,0.00001513,0.00001535,2020-02-23T00:00:00Z,45330327.88,ONE-ETH
87,0.00001534,0.00001565,0.00001517,0.00001518,2020-02-22T00:00:00Z,42584829.44,ONE-ETH
88,0.00001518,0.00001614,0.00001517,0.00001597,2020-02-21T00:00:00Z,40983684.19,ONE-ETH
89,0.00001596,0.0000164,0.00001563,0.00001589,2020-02-20T00:00:00Z,40271095.87,ONE-ETH
90,0.00001588,0.00001593,0.00001521,0.00001524,2020-02-19T00:00:00Z,38790767.49,ONE-ETH
91,0.00001525,0.00001573,0.00001491,0.00001545,2020-02-18T00:00:00Z,33558308.17,ONE-ETH
92,0.00001546,0.00001689,0.00001544,0.00001589,2020-02-17T00:00:00Z,42814129.72,ONE-ETH
93,0.00001588,0.00001633,0.00001515,0.00001554,2020-02-16T00:00:00Z,45522598.79,ONE-ETH
94,0.00001555,0.0000156,0.000015,0.0000152,2020-02-15T00:00:00Z,38616293.35,ONE-ETH
95,0.00001522,0.00001631,0.00001506,0.00001607,2020-02-14T00:00:00Z,38482948.17,ONE-ETH
96,0.00001606,0.00001665,0.00001555,0.00001629,2020-02-13T00:00:00Z,36775984.51,ONE-ETH
97,0.00001628,0.0000182,0.00001586,0.0000182,2020-02-12T00:00:00Z,47675042.69,ONE-ETH
98,0.00001819,0.00001906,0.00001801,0.00001876,2020-02-11T00:00:00Z,38368532.38,ONE-ETH
99,0.00001876,0.00001931,0.00001844,0.00001852,2020-02-10T00:00:00Z,44526712.34,ONE-ETH
100,0.00001852,0.00001856,0.00001812,0.00001836,2020-02-09T00:00:00Z,40923106.21,ONE-ETH
101,0.00001836,0.00001871,0.00001797,0.00001836,2020-02-08T00:00:00Z,46304230.39,ONE-ETH
102,0.00001837,0.00001902,0.00001834,0.00001902,2020-02-07T00:00:00Z,46780109.76,ONE-ETH
103,0.00001901,0.00001994,0.00001884,0.00001968,2020-02-06T00:00:00Z,45222995.53,ONE-ETH
104,0.0000197,0.00002053,0.0000196,0.00002047,2020-02-05T00:00:00Z,42926076.84,ONE-ETH
105,0.00002049,0.00002099,0.0000204,0.00002077,2020-02-04T00:00:00Z,44064520.96,ONE-ETH
106,0.00002079,0.0000211,0.0000206,0.00002098,2020-02-03T00:00:00Z,46771967.95,ONE-ETH
107,0.00002103,0.0000218,0.00002085,0.00002169,2020-02-02T00:00:00Z,41371389.46,ONE-ETH
108,0.00002171,0.000022,0.00002154,0.00002183,2020-02-01T00:00:00Z,46664887.47,ONE-ETH
109,0.00002182,0.00002221,0.00002158,0.0000217,2020-01-31T00:00:00Z,49003138.59,ONE-ETH
110,0.0000217,0.00002262,0.00002169,0.00002236,2020-01-30T00:00:00Z,49761269.91,ONE-ETH
111,0.00002235,0.00002237,0.00002202,0.00002235,2020-01-29T00:00:00Z,51308409.77,ONE-ETH
112,0.00002231,0.00002279,0.0000221,0.00002263,2020-01-28T00:00:00Z,51661435.08,ONE-ETH
113,0.00002262,0.00002274,0.00002225,0.00002241,2020-01-27T00:00:00Z,52569975.82,ONE-ETH
114,0.00002241,0.00002273,0.00002236,0.00002258,2020-01-26T00:00:00Z,48148221.23,ONE-ETH
115,0.00002258,0.00002285,0.00002248,0.00002258,2020-01-25T00:00:00Z,47161167.13,ONE-ETH
116,0.00002258,0.0000228,0.0000223,0.0000223,2020-01-24T00:00:00Z,43744755.34,ONE-ETH
117,0.0000223,0.00002253,0.00002209,0.00002225,2020-01-23T00:00:00Z,48133824.18,ONE-ETH
118,0.00002225,0.00002246,0.00002215,0.00002216,2020-01-22T00:00:00Z,22645861.07,ONE-ETH
119,0.00002216,0.0000224,0.00002197,0.00002223,2020-01-21T00:00:00Z,43758649.87,ONE-ETH
120,0.00002224,0.00002265,0.00002212,0.00002235,2020-01-20T00:00:00Z,39188298.19,ONE-ETH
121,0.00002235,0.00002265,0.00002184,0.00002184,2020-01-19T00:00:00Z,54433958.93,ONE-ETH
122,0.00002184,0.00002276,0.00002151,0.00002265,2020-01-18T00:00:00Z,47666650.42,ONE-ETH
123,0.00002264,0.00002303,0.0000223,0.00002295,2020-01-17T00:00:00Z,50970930.55,ONE-ETH
124,0.00002295,0.0000233,0.0000227,0.00002278,2020-01-16T00:00:00Z,47788433.44,ONE-ETH
125,0.00002278,0.00002335,0.00002209,0.0000226,2020-01-15T00:00:00Z,50751720.68,ONE-ETH
126,0.00002259,0.00002461,0.0000223,0.00002404,2020-01-14T00:00:00Z,49367980.57,ONE-ETH
127,0.00002405,0.00002411,0.00002365,0.00002366,2020-01-13T00:00:00Z,44170616.03,ONE-ETH
128,0.00002366,0.00002415,0.00002366,0.0000238,2020-01-12T00:00:00Z,43332856.66,ONE-ETH
129,0.00002381,0.00002399,0.00002329,0.00002385,2020-01-11T00:00:00Z,47620402.72,ONE-ETH
130,0.00002387,0.00002426,0.00002363,0.00002389,2020-01-10T00:00:00Z,42209008.95,ONE-ETH
131,0.00002389,0.00002416,0.00002375,0.00002405,2020-01-09T00:00:00Z,49885662.29,ONE-ETH
132,0.00002407,0.0000247,0.00002377,0.00002377,2020-01-08T00:00:00Z,52025729.23,ONE-ETH
133,0.00002377,0.00002383,0.0000225,0.0000225,2020-01-07T00:00:00Z,51022769.75,ONE-ETH
134,0.00002255,0.00002305,0.00002221,0.00002305,2020-01-06T00:00:00Z,29403689.8,ONE-ETH
135,0.00002304,0.0000239,0.00002272,0.00002371,2020-01-05T00:00:00Z,49056313.19,ONE-ETH
136,0.0000237,0.00002405,0.00002355,0.00002388,2020-01-04T00:00:00Z,46722020.66,ONE-ETH
137,0.00002388,0.00002446,0.00002384,0.00002405,2020-01-03T00:00:00Z,48690753.85,ONE-ETH
138,0.00002404,0.0000244,0.000024,0.0000242,2020-01-02T00:00:00Z,45304873.04,ONE-ETH
139,0.00002421,0.00002435,0.00002393,0.00002425,2020-01-01T00:00:00Z,40571911.48,ONE-ETH
140,0.00002425,0.00002428,0.00002376,0.000024,2019-12-31T00:00:00Z,41784402.42,ONE-ETH
141,0.000024,0.0000243,0.00002359,0.00002379,2019-12-30T00:00:00Z,46549735.29,ONE-ETH
142,0.0000238,0.00002445,0.0000237,0.00002428,2019-12-29T00:00:00Z,40709663.76,ONE-ETH
143,0.00002429,0.0000243,0.00002395,0.00002421,2019-12-28T00:00:00Z,39485566.16,ONE-ETH
144,0.00002421,0.00002436,0.00002393,0.0000241,2019-12-27T00:00:00Z,44044020.98,ONE-ETH
145,0.0000241,0.00002422,0.00002357,0.00002415,2019-12-26T00:00:00Z,42237408.56,ONE-ETH
146,0.00002414,0.00002435,0.00002385,0.00002386,2019-12-25T00:00:00Z,40049812.86,ONE-ETH
147,0.00002385,0.00002436,0.00002385,0.00002427,2019-12-24T00:00:00Z,44537925.2,ONE-ETH
148,0.00002428,0.00002456,0.0000235,0.00002355,2019-12-23T00:00:00Z,43585689.14,ONE-ETH
149,0.00002354,0.0000236,0.00002305,0.00002358,2019-12-22T00:00:00Z,37179073.97,ONE-ETH
150,0.00002357,0.00002376,0.00002342,0.00002369,2019-12-21T00:00:00Z,32184619.41,ONE-ETH
151,0.00002369,0.00002385,0.00002345,0.00002364,2019-12-20T00:00:00Z,36678205.15,ONE-ETH
152,0.00002365,0.00002394,0.00002312,0.00002313,2019-12-19T00:00:00Z,39544393.32,ONE-ETH
153,0.00002313,0.00002355,0.00002248,0.00002277,2019-12-18T00:00:00Z,39465603.74,ONE-ETH
154,0.00002277,0.00002303,0.00002155,0.00002171,2019-12-17T00:00:00Z,51067746.61,ONE-ETH
155,0.00002169,0.00002224,0.00002075,0.00002075,2019-12-16T00:00:00Z,51905109.96,ONE-ETH
156,0.00002076,0.00002108,0.00002072,0.00002087,2019-12-15T00:00:00Z,43911625.43,ONE-ETH
157,0.00002092,0.0000211,0.00002087,0.00002095,2019-12-14T00:00:00Z,44451365.55,ONE-ETH
158,0.00002096,0.000021,0.00002072,0.0000208,2019-12-13T00:00:00Z,45715468.62,ONE-ETH
159,0.0000208,0.00002125,0.0000208,0.00002105,2019-12-12T00:00:00Z,49078058.36,ONE-ETH
160,0.00002105,0.0000211,0.00002074,0.00002081,2019-12-11T00:00:00Z,41681037.8,ONE-ETH
161,0.00002082,0.0000211,0.00002079,0.00002106,2019-12-10T00:00:00Z,48830933.42,ONE-ETH
162,0.00002105,0.00002141,0.00002103,0.00002135,2019-12-09T00:00:00Z,46576913.65,ONE-ETH
163,0.00002134,0.00002171,0.00002127,0.00002171,2019-12-08T00:00:00Z,43101058.2,ONE-ETH
164,0.00002171,0.00002179,0.00002145,0.00002154,2019-12-07T00:00:00Z,41249592.25,ONE-ETH
165,0.00002153,0.00002155,0.00002091,0.00002106,2019-12-06T00:00:00Z,41886315.36,ONE-ETH
166,0.00002105,0.00002113,0.00002084,0.00002092,2019-12-05T00:00:00Z,44085197.48,ONE-ETH
167,0.00002091,0.00002127,0.0000207,0.0000208,2019-12-04T00:00:00Z,41026109.98,ONE-ETH
168,0.00002075,0.00002075,0.00002015,0.00002019,2019-12-03T00:00:00Z,30487457.88,ONE-ETH
169,0.00002019,0.0000205,0.0000201,0.00002045,2019-12-02T00:00:00Z,40083423.73,ONE-ETH
170,0.00002041,0.00002077,0.00002035,0.00002059,2019-12-01T00:00:00Z,43585630.9,ONE-ETH
171,0.0000206,0.0000208,0.00002042,0.00002064,2019-11-30T00:00:00Z,44484330.24,ONE-ETH
172,0.00002063,0.00002071,0.00002007,0.00002009,2019-11-29T00:00:00Z,42869389.12,ONE-ETH
173,0.0000201,0.00002023,0.00001998,0.00002005,2019-11-28T00:00:00Z,38651136.35,ONE-ETH
174,0.00002004,0.00002064,0.00001997,0.00002043,2019-11-27T00:00:00Z,40155219.37,ONE-ETH
175,0.00002043,0.00002065,0.00002002,0.00002011,2019-11-26T00:00:00Z,39431307.21,ONE-ETH
176,0.0000201,0.00002081,0.00001939,0.0000208,2019-11-25T00:00:00Z,45345783.01,ONE-ETH
177,0.0000208,0.00002084,0.00002015,0.00002041,2019-11-24T00:00:00Z,24812054.14,ONE-ETH
178,0.00002041,0.00002097,0.00002021,0.0000207,2019-11-23T00:00:00Z,48448378.46,ONE-ETH
179,0.0000207,0.00002116,0.00002047,0.00002067,2019-11-22T00:00:00Z,43573719.64,ONE-ETH
180,0.00002065,0.00002076,0.0000193,0.00001938,2019-11-21T00:00:00Z,51928115.24,ONE-ETH
181,0.00001939,0.00001948,0.00001897,0.00001947,2019-11-20T00:00:00Z,53703726.31,ONE-ETH
182,0.00001947,0.00001961,0.00001899,0.00001944,2019-11-19T00:00:00Z,54454469.06,ONE-ETH
183,0.00001943,0.00002003,0.00001923,0.00001995,2019-11-18T00:00:00Z,47368547.81,ONE-ETH
184,0.00001995,0.00002026,0.00001986,0.00002025,2019-11-17T00:00:00Z,58781202.68,ONE-ETH
185,0.00002025,0.00002088,0.00002023,0.00002088,2019-11-16T00:00:00Z,54197970.3,ONE-ETH
186,0.00002087,0.0000211,0.00002085,0.00002104,2019-11-15T00:00:00Z,37533256.47,ONE-ETH
187,0.00002104,0.00002105,0.0000204,0.00002064,2019-11-14T00:00:00Z,31560350.52,ONE-ETH
188,0.00002063,0.00002097,0.00002062,0.00002091,2019-11-13T00:00:00Z,47885603.13,ONE-ETH
189,0.00002092,0.00002108,0.0000209,0.00002101,2019-11-12T00:00:00Z,42383238.73,ONE-ETH
190,0.000021,0.00002131,0.00002097,0.0000213,2019-11-11T00:00:00Z,53683071.8,ONE-ETH
191,0.0000213,0.00002169,0.00002105,0.00002161,2019-11-10T00:00:00Z,56651089.16,ONE-ETH
192,0.0000216,0.00002165,0.00002149,0.00002159,2019-11-09T00:00:00Z,42266770.97,ONE-ETH
193,0.0000216,0.00002223,0.0000215,0.00002182,2019-11-08T00:00:00Z,57071319.91,ONE-ETH
194,0.00002181,0.00002202,0.00002165,0.00002183,2019-11-07T00:00:00Z,51045761.82,ONE-ETH
195,0.00002183,0.00002205,0.00002175,0.000022,2019-11-06T00:00:00Z,22440309.82,ONE-ETH
196,0.00002199,0.000022,0.00002124,0.00002128,2019-11-05T00:00:00Z,39975930.5,ONE-ETH
197,0.00002128,0.00002133,0.0000209,0.00002133,2019-11-04T00:00:00Z,53605038.25,ONE-ETH
198,0.00002132,0.00002154,0.00002125,0.0000215,2019-11-03T00:00:00Z,48349871.23,ONE-ETH
199,0.0000215,0.00002161,0.00002129,0.00002131,2019-11-02T00:00:00Z,32606232.22,ONE-ETH
200,0.00002131,0.00002152,0.00002116,0.00002131,2019-11-01T00:00:00Z,52304926.25,ONE-ETH
201,0.0000213,0.0000215,0.00002084,0.00002121,2019-10-31T00:00:00Z,41520182.77,ONE-ETH
202,0.00002122,0.00002125,0.0000203,0.00002035,2019-10-30T00:00:00Z,55720121.59,ONE-ETH
203,0.00002034,0.00002106,0.00002025,0.00002055,2019-10-29T00:00:00Z,41084661.13,ONE-ETH
204,0.0000205,0.00002106,0.00002016,0.00002098,2019-10-28T00:00:00Z,55123410,ONE-ETH
205,0.00002097,0.00002105,0.00001948,0.00002025,2019-10-27T00:00:00Z,41503432.19,ONE-ETH
206,0.00002028,0.00002066,0.00001868,0.0000196,2019-10-26T00:00:00Z,32301106.09,ONE-ETH
207,0.0000196,0.00001979,0.00001891,0.00001966,2019-10-25T00:00:00Z,56367208.03,ONE-ETH
208,0.00001966,0.00001978,0.00001919,0.00001978,2019-10-24T00:00:00Z,43617905.06,ONE-ETH
209,0.00001978,0.00002046,0.00001962,0.00001963,2019-10-23T00:00:00Z,39744919.36,ONE-ETH
210,0.00001963,0.00001975,0.00001954,0.0000197,2019-10-22T00:00:00Z,53396357.98,ONE-ETH
211,0.0000197,0.00001978,0.00001919,0.00001932,2019-10-21T00:00:00Z,50928566.27,ONE-ETH
212,0.00001931,0.00001962,0.00001919,0.00001957,2019-10-20T00:00:00Z,57901072.96,ONE-ETH
213,0.00001957,0.00001983,0.00001951,0.00001969,2019-10-19T00:00:00Z,53822740.24,ONE-ETH
214,0.00001969,0.00001983,0.00001947,0.00001966,2019-10-18T00:00:00Z,54399154.34,ONE-ETH
215,0.00001967,0.00001999,0.00001955,0.00001995,2019-10-17T00:00:00Z,45481925.59,ONE-ETH
216,0.00001995,0.00002001,0.00001952,0.0000196,2019-10-16T00:00:00Z,50453730.91,ONE-ETH
217,0.00001959,0.00001984,0.00001916,0.00001935,2019-10-15T00:00:00Z,48559076.72,ONE-ETH
218,0.00001935,0.00001993,0.00001932,0.00001991,2019-10-14T00:00:00Z,52107253.44,ONE-ETH
219,0.00001991,0.00001993,0.00001915,0.00001937,2019-10-13T00:00:00Z,55505923,ONE-ETH
220,0.00001938,0.00001947,0.0000186,0.0000191,2019-10-12T00:00:00Z,42347096.51,ONE-ETH
221,0.00001911,0.00001931,0.00001833,0.00001858,2019-10-11T00:00:00Z,28097063.16,ONE-ETH
222,0.00001856,0.00001894,0.00001848,0.0000187,2019-10-10T00:00:00Z,32914935.19,ONE-ETH
223,0.00001871,0.00001934,0.0000186,0.00001893,2019-10-09T00:00:00Z,34271113.94,ONE-ETH
224,0.00001893,0.00001912,0.00001868,0.00001896,2019-10-08T00:00:00Z,24865188.58,ONE-ETH
225,0.00001897,0.00001966,0.00001893,0.00001965,2019-10-07T00:00:00Z,33345204.57,ONE-ETH
226,0.00001965,0.00002007,0.00001921,0.00001934,2019-10-06T00:00:00Z,39670310.63,ONE-ETH
227,0.00001934,0.00001977,0.00001933,0.00001975,2019-10-05T00:00:00Z,31510545.32,ONE-ETH
228,0.00001976,0.00001991,0.00001961,0.00001971,2019-10-04T00:00:00Z,30745108.59,ONE-ETH
229,0.00001971,0.00002,0.00001941,0.00001975,2019-10-03T00:00:00Z,37654530.23,ONE-ETH
230,0.00001975,0.00001991,0.00001959,0.00001961,2019-10-02T00:00:00Z,32725923.51,ONE-ETH
231,0.00001962,0.00002044,0.00001915,0.00001962,2019-10-01T00:00:00Z,29916917.72,ONE-ETH
232,0.00001962,0.00002075,0.00001962,0.00002066,2019-09-30T00:00:00Z,32939033.05,ONE-ETH
233,0.00002066,0.00002105,0.00002029,0.00002031,2019-09-29T00:00:00Z,50288292.27,ONE-ETH
234,0.00002031,0.00002096,0.00002,0.00002095,2019-09-28T00:00:00Z,40525790.41,ONE-ETH
235,0.00002094,0.00002184,0.00002065,0.00002151,2019-09-27T00:00:00Z,44161238.33,ONE-ETH
236,0.00002151,0.00002221,0.00002092,0.000021,2019-09-26T00:00:00Z,36080826.34,ONE-ETH
237,0.000021,0.0000228,0.000021,0.00002237,2019-09-25T00:00:00Z,37811614.42,ONE-ETH
238,0.0000224,0.00002437,0.00002161,0.00002166,2019-09-24T00:00:00Z,45978447.88,ONE-ETH
239,0.00002166,0.00002224,0.0000208,0.00002081,2019-09-23T00:00:00Z,54439404.91,ONE-ETH
240,0.00002083,0.00002132,0.00002044,0.00002044,2019-09-22T00:00:00Z,49107532.88,ONE-ETH
241,0.00002045,0.00002111,0.00001991,0.0000211,2019-09-21T00:00:00Z,45050916.9,ONE-ETH
242,0.00002111,0.00002139,0.00002067,0.00002102,2019-09-20T00:00:00Z,46417851.81,ONE-ETH
243,0.00002105,0.00002218,0.00002092,0.00002178,2019-09-19T00:00:00Z,54393556.37,ONE-ETH
244,0.00002178,0.00002235,0.00002105,0.00002232,2019-09-18T00:00:00Z,51625743.03,ONE-ETH
245,0.00002232,0.00002412,0.00002225,0.00002406,2019-09-17T00:00:00Z,47587345.95,ONE-ETH
246,0.00002405,0.00002542,0.00002401,0.00002542,2019-09-16T00:00:00Z,50012586.48,ONE-ETH
247,0.00002543,0.00002578,0.00002483,0.00002495,2019-09-15T00:00:00Z,35746775.94,ONE-ETH
248,0.00002494,0.00002601,0.00002493,0.00002589,2019-09-14T00:00:00Z,51056692.63,ONE-ETH
249,0.00002588,0.00002637,0.00002584,0.00002614,2019-09-13T00:00:00Z,50758154.57,ONE-ETH
250,0.00002614,0.00002691,0.0000261,0.00002667,2019-09-12T00:00:00Z,50489153.96,ONE-ETH
251,0.00002667,0.00002696,0.00002589,0.00002695,2019-09-11T00:00:00Z,35778581.38,ONE-ETH
252,0.00002695,0.00002718,0.00002578,0.00002595,2019-09-10T00:00:00Z,33432611.71,ONE-ETH
253,0.00002595,0.00002699,0.00002575,0.00002593,2019-09-09T00:00:00Z,34065134.49,ONE-ETH
254,0.00002593,0.00002657,0.00002561,0.00002636,2019-09-08T00:00:00Z,43469344.54,ONE-ETH
255,0.00002636,0.00002726,0.00002618,0.0000272,2019-09-07T00:00:00Z,39767918.56,ONE-ETH
256,0.00002722,0.00002772,0.00002647,0.00002693,2019-09-06T00:00:00Z,46472259.03,ONE-ETH
257,0.00002692,0.00002734,0.00002678,0.00002714,2019-09-05T00:00:00Z,49625413.93,ONE-ETH
258,0.00002714,0.00002733,0.00002683,0.00002715,2019-09-04T00:00:00Z,36014072.16,ONE-ETH
259,0.00002713,0.00002745,0.00002608,0.00002613,2019-09-03T00:00:00Z,41832568.6,ONE-ETH
260,0.00002613,0.00002651,0.00002577,0.00002626,2019-09-02T00:00:00Z,33293462.32,ONE-ETH
261,0.00002625,0.00002685,0.00002596,0.00002639,2019-09-01T00:00:00Z,39228737.25,ONE-ETH
262,0.00002641,0.00002737,0.00002605,0.00002624,2019-08-31T00:00:00Z,37085699.76,ONE-ETH
263,0.00002626,0.00002682,0.00002596,0.00002651,2019-08-30T00:00:00Z,37795514.44,ONE-ETH
264,0.00002651,0.00002669,0.00002329,0.00002408,2019-08-29T00:00:00Z,28971438.15,ONE-ETH
265,0.00002413,0.00002552,0.00002204,0.00002345,2019-08-28T00:00:00Z,52477582.33,ONE-ETH
266,0.00002346,0.00002412,0.00002328,0.00002405,2019-08-27T00:00:00Z,38111446.43,ONE-ETH
267,0.00002407,0.00002448,0.00002337,0.00002433,2019-08-26T00:00:00Z,52047306.83,ONE-ETH
268,0.00002432,0.0000245,0.00002278,0.00002325,2019-08-25T00:00:00Z,48863243.65,ONE-ETH
269,0.00002325,0.00002416,0.00002293,0.00002385,2019-08-24T00:00:00Z,45928328.25,ONE-ETH
270,0.00002384,0.00002421,0.00002365,0.0000239,2019-08-23T00:00:00Z,55484026.59,ONE-ETH
271,0.00002389,0.00002417,0.00002323,0.00002412,2019-08-22T00:00:00Z,51512658.33,ONE-ETH
272,0.00002412,0.00002554,0.00002391,0.00002473,2019-08-21T00:00:00Z,46575356.02,ONE-ETH
273,0.00002471,0.000025,0.00002411,0.00002412,2019-08-20T00:00:00Z,50532692.8,ONE-ETH
274,0.00002413,0.00002473,0.00002397,0.00002444,2019-08-19T00:00:00Z,35519377.34,ONE-ETH
275,0.00002443,0.00002571,0.00002407,0.00002551,2019-08-18T00:00:00Z,30830103.5,ONE-ETH
276,0.00002552,0.000026,0.00002451,0.00002485,2019-08-17T00:00:00Z,33081502.08,ONE-ETH
277,0.00002485,0.00002577,0.00002397,0.00002443,2019-08-16T00:00:00Z,23175894.09,ONE-ETH
278,0.00002442,0.00002554,0.00002383,0.00002544,2019-08-15T00:00:00Z,38550980.44,ONE-ETH
279,0.00002542,0.00002564,0.00002444,0.00002464,2019-08-14T00:00:00Z,28694394.03,ONE-ETH
280,0.0000246,0.00002499,0.0000241,0.00002419,2019-08-13T00:00:00Z,36058036.68,ONE-ETH
281,0.00002419,0.00002509,0.00002393,0.00002487,2019-08-12T00:00:00Z,28947384.44,ONE-ETH
282,0.00002487,0.00002557,0.00002474,0.00002545,2019-08-11T00:00:00Z,32412484.45,ONE-ETH
283,0.00002549,0.00002605,0.0000247,0.00002605,2019-08-10T00:00:00Z,33867189.86,ONE-ETH
284,0.00002605,0.00002657,0.00002328,0.00002487,2019-08-09T00:00:00Z,31478011.24,ONE-ETH
285,0.00002489,0.00002562,0.00002416,0.00002562,2019-08-08T00:00:00Z,32932616.68,ONE-ETH
286,0.00002562,0.00002587,0.00002222,0.00002461,2019-08-07T00:00:00Z,34093466.37,ONE-ETH
287,0.00002461,0.00002586,0.00002369,0.00002556,2019-08-06T00:00:00Z,33074970.86,ONE-ETH
288,0.00002569,0.00002744,0.00002539,0.00002741,2019-08-05T00:00:00Z,32479749.36,ONE-ETH
289,0.00002743,0.00002936,0.00002734,0.00002936,2019-08-04T00:00:00Z,34714186.08,ONE-ETH
290,0.00002935,0.00003007,0.00002894,0.00002965,2019-08-03T00:00:00Z,26894009.87,ONE-ETH
291,0.00002965,0.00003131,0.00002955,0.0000312,2019-08-02T00:00:00Z,30836944.46,ONE-ETH
292,0.00003114,0.00003168,0.00003096,0.00003134,2019-08-01T00:00:00Z,31429514.27,ONE-ETH
293,0.00003134,0.00003211,0.0000311,0.00003188,2019-07-31T00:00:00Z,32671943.91,ONE-ETH
294,0.00003188,0.00003325,0.00003123,0.00003202,2019-07-30T00:00:00Z,28571835.64,ONE-ETH
295,0.00003201,0.0000325,0.00003114,0.00003123,2019-07-29T00:00:00Z,26733223.35,ONE-ETH
296,0.00003123,0.00003279,0.00003113,0.00003226,2019-07-28T00:00:00Z,23541643.45,ONE-ETH
297,0.00003226,0.00003342,0.00003214,0.00003263,2019-07-27T00:00:00Z,20243438.17,ONE-ETH
298,0.00003264,0.00003302,0.00003101,0.00003102,2019-07-26T00:00:00Z,7525764.66,ONE-ETH
299,0.00003101,0.00003137,0.00003008,0.00003118,2019-07-25T00:00:00Z,3643685.37,ONE-ETH
300,0.00003118,0.0000317,0.00003013,0.00003016,2019-07-24T00:00:00Z,4252897.61,ONE-ETH
301,0.00003017,0.00003071,0.00002968,0.00002997,2019-07-23T00:00:00Z,3573249,ONE-ETH
302,0.00002994,0.00003029,0.0000295,0.00002971,2019-07-22T00:00:00Z,3873804.99,ONE-ETH
303,0.00002971,0.00002997,0.0000291,0.00002937,2019-07-21T00:00:00Z,3419190.77,ONE-ETH
304,0.00002936,0.00002969,0.00002856,0.00002874,2019-07-20T00:00:00Z,2636062.94,ONE-ETH
305,0.00002876,0.00002929,0.00002844,0.00002844,2019-07-19T00:00:00Z,2735308.02,ONE-ETH
306,0.00002863,0.00002952,0.00002795,0.00002885,2019-07-18T00:00:00Z,3603056.8,ONE-ETH
307,0.00002886,0.00003,0.0000285,0.00002973,2019-07-17T00:00:00Z,4496516.8,ONE-ETH
308,0.00002971,0.00003077,0.00002779,0.00002864,2019-07-16T00:00:00Z,8450494.05,ONE-ETH
309,0.00002863,0.00003034,0.0000281,0.00002873,2019-07-15T00:00:00Z,4496183.03,ONE-ETH
310,0.00002859,0.00002982,0.000027,0.00002807,2019-07-14T00:00:00Z,5367345.27,ONE-ETH
311,0.00002806,0.00002849,0.0000274,0.00002751,2019-07-13T00:00:00Z,3539652.18,ONE-ETH
312,0.0000275,0.0000277,0.00002652,0.0000273,2019-07-12T00:00:00Z,3226598.24,ONE-ETH
313,0.00002727,0.00002866,0.00002589,0.0000281,2019-07-11T00:00:00Z,1048561.15,ONE-ETH
314,0.00002818,0.00003014,0.00002741,0.00002802,2019-07-10T00:00:00Z,1119770.78,ONE-ETH
315,0.00002802,0.00002882,0.00002748,0.00002882,2019-07-09T00:00:00Z,369541.94,ONE-ETH
316,0.00002882,0.00002908,0.00002813,0.0000288,2019-07-08T00:00:00Z,3955196.5,ONE-ETH
317,0.0000288,0.00003081,0.00002866,0.00003005,2019-07-07T00:00:00Z,11499504.62,ONE-ETH
318,0.00003005,0.00003102,0.00002908,0.00003061,2019-07-06T00:00:00Z,8496525.45,ONE-ETH
319,0.00003071,0.00003208,0.00002957,0.00003168,2019-07-05T00:00:00Z,215940225.54,ONE-ETH
320,0.00003167,0.00003244,0.00003058,0.00003234,2019-07-04T00:00:00Z,1711797.8,ONE-ETH
321,0.00003244,0.000038,0.00003204,0.00003673,2019-07-03T00:00:00Z,12583633.68,ONE-ETH
322,0.00003683,0.00003852,0.00003108,0.00003109,2019-07-02T00:00:00Z,9050669.41,ONE-ETH
323,0.00003294,0.00003387,0.000026,0.00003293,2019-07-01T00:00:00Z,2213702.84,ONE-ETH
324,0.00003294,0.00003299,0.00002396,0.00002396,2019-06-30T00:00:00Z,3458135.95,ONE-ETH
325,0.00002423,0.00002561,0.00002351,0.00002351,2019-06-29T00:00:00Z,452631.63,ONE-ETH
326,0.00002219,0.0000259,0.00002205,0.0000258,2019-06-28T00:00:00Z,192083.11,ONE-ETH
327,0.00002593,0.00002599,0.00002008,0.00002008,2019-06-27T00:00:00Z,809502.25,ONE-ETH
328,0.00002007,0.00002589,0.00002005,0.00002466,2019-06-26T00:00:00Z,1952155.47,ONE-ETH
329,0.000026,0.00002773,0.00002466,0.00002571,2019-06-25T00:00:00Z,234812.47,ONE-ETH
330,0.00002681,0.00002894,0.00002641,0.00002699,2019-06-24T00:00:00Z,3094402.58,ONE-ETH
331,0.00002412,0.00002569,0.000024,0.000025,2019-06-23T00:00:00Z,175679015.54,ONE-ETH
332,0.00002569,0.00002896,0.0000245,0.000027,2019-06-22T00:00:00Z,253461747.74,ONE-ETH
333,0.00002799,0.0000315,0.000024,0.00002881,2019-06-21T00:00:00Z,166994713.72,ONE-ETH
334,0.000031,0.00003617,0.00002857,0.00003399,2019-06-20T00:00:00Z,183725424.12,ONE-ETH
335,0.000034,0.000036,0.0000305,0.0000333,2019-06-19T00:00:00Z,166243183.87,ONE-ETH
336,0.00003725,0.00003818,0.0000333,0.00003745,2019-06-18T00:00:00Z,12655199.84,ONE-ETH
337,0.0000355,0.00003999,0.00003536,0.00003899,2019-06-17T00:00:00Z,238525.95,ONE-ETH
338,0.00003791,0.00004131,0.00003461,0.00003658,2019-06-16T00:00:00Z,353135.32,ONE-ETH
339,0.00003659,0.00004133,0.00003204,0.00003609,2019-06-15T00:00:00Z,1256529.09,ONE-ETH
340,0.00004133,0.00004654,0.00003503,0.000044,2019-06-14T00:00:00Z,2053230.34,ONE-ETH
341,0.00004158,0.00004998,0.00002501,0.00002855,2019-06-13T00:00:00Z,7011771.65,ONE-ETH
342,0.00002855,0.00003296,0.00002855,0.00003296,2019-06-12T00:00:00Z,385145.04,ONE-ETH
343,0.00003296,0.00003298,0.0000299,0.00003298,2019-06-11T00:00:00Z,889833.26,ONE-ETH
344,0.00003298,0.00003489,0.00002,0.00002,2019-06-10T00:00:00Z,437241.23,ONE-ETH
