,id,open,close,low,high,amount,vol,count,market_name
0,1593100800,6.1e-07,6.1e-07,6.1e-07,6.3e-07,435573.61,0.2698169122,46,tt-btc
1,1593014400,6.1e-07,6.1e-07,5.9e-07,6.3e-07,5741591.550322581,3.5222252895,609,tt-btc
2,1592928000,6.2e-07,6.1e-07,6e-07,6.3e-07,7464776.550967742,4.6011434005,688,tt-btc
3,1592841600,6.4e-07,6.2e-07,6.2e-07,6.5e-07,9119611.04,5.7587666452,726,tt-btc
4,1592755200,6.4e-07,6.4e-07,6.4e-07,6.6e-07,6517942.02,4.2170171978,496,tt-btc
5,1592668800,6.4e-07,6.4e-07,6.3e-07,6.6e-07,2813627.95875,1.7999902766,537,tt-btc
6,1592582400,6.4e-07,6.4e-07,6.3e-07,6.6e-07,9987143.023846153,6.4091705495,902,tt-btc
7,1592496000,6.2e-07,6.4e-07,6.2e-07,6.6e-07,11421419.41,7.3014967935,892,tt-btc
8,1592409600,6.1e-07,6.3e-07,6.1e-07,6.4e-07,3136393.52,1.9560430373,542,tt-btc
9,1592323200,6e-07,6.1e-07,5.9e-07,6.3e-07,4388656.19704918,2.6836813393,528,tt-btc
10,1592236800,6e-07,6e-07,5.9e-07,6.2e-07,4406417.851612903,2.6685975562,526,tt-btc
11,1592150400,6.2e-07,6.1e-07,5.9e-07,6.3e-07,6839733.22,4.1960948034,773,tt-btc
12,1592064000,6.3e-07,6.2e-07,6.2e-07,6.5e-07,2173603.72,1.38006521745625,401,tt-btc
13,1591977600,6.2e-07,6.3e-07,6.2e-07,6.4e-07,1990840.535625,1.2554736322,389,tt-btc
14,1591891200,6.1e-07,6.3e-07,5.9e-07,6.4e-07,9923620.6,6.1690367166,891,tt-btc
15,1591804800,6.3e-07,6.2e-07,6.2e-07,6.5e-07,6204181.2575,3.9005640121,505,tt-btc
16,1591718400,6.3e-07,6.4e-07,6.3e-07,6.5e-07,3891366.9798557693,2.4760819969,456,tt-btc
17,1591632000,6.5e-07,6.4e-07,6.3e-07,6.6e-07,9647338.864848485,6.237945612851515,688,tt-btc
18,1591545600,6.5e-07,6.4e-07,6.3e-07,6.7e-07,8613782.095151516,5.6172047718,700,tt-btc
19,1591459200,6.5e-07,6.5e-07,6.4e-07,6.8e-07,13316490.373819139,8.8521491476,748,tt-btc
20,1591372800,6.7e-07,6.6e-07,6.5e-07,6.9e-07,17318001.87208739,11.545860010649275,849,tt-btc
21,1591286400,8e-07,6.7e-07,6.4e-07,8.8e-07,101564107.82735224,74.1898785104,3815,tt-btc
22,1591200000,6.9e-07,8.1e-07,6.9e-07,8.9e-07,69425385.05728543,55.6297473188,2950,tt-btc
23,1591113600,6.6e-07,7e-07,6.6e-07,7.2e-07,33153958.88,23.1933387775,1265,tt-btc
24,1591027200,6.9e-07,6.7e-07,6.5e-07,7.1e-07,12260590.49,8.3232044282,1012,tt-btc
25,1590940800,6.7e-07,7e-07,6.7e-07,7e-07,20603295.534347825,14.1047119237,933,tt-btc
26,1590854400,6.7e-07,6.8e-07,6.7e-07,7e-07,14969513.74,10.3120675455,792,tt-btc
27,1590768000,6.9e-07,6.7e-07,6.7e-07,7.2e-07,35594829.20992399,24.5489555945,1137,tt-btc
28,1590681600,7.2e-07,6.9e-07,6.6e-07,7.3e-07,52751815.53590828,36.4858439089,1894,tt-btc
29,1590595200,6.2e-07,7.2e-07,6.2e-07,7.5e-07,122467059.50055155,82.5819003906,3693,tt-btc
30,1590508800,6.6e-07,6.3e-07,6.2e-07,6.8e-07,13243534.46,8.5370123453,942,tt-btc
31,1590422400,6.7e-07,6.6e-07,6.5e-07,7.4e-07,16190669.62,11.0397620419,1028,tt-btc
32,1590336000,6.8e-07,6.8e-07,6.7e-07,8e-07,43381944.68110279,32.2305475815,2419,tt-btc
33,1590249600,6.2e-07,6.8e-07,6.2e-07,7e-07,18747417.122638088,12.3700163604,1353,tt-btc
34,1590163200,6e-07,6.2e-07,6e-07,6.6e-07,17329714.75035985,11.0133676621,1077,tt-btc
35,1590076800,5.6e-07,4.6e-07,4.6e-07,7.3e-07,49184405.13831893,32.0424604642,2619,tt-btc
36,1589990400,5.3e-07,5.6e-07,5.2e-07,6e-07,12822181.968888888,7.2170428107,827,tt-btc
37,1589904000,5.3e-07,5.4e-07,5.3e-07,5.5e-07,6453401.51,3.4673824934,551,tt-btc
38,1589817600,5.3e-07,5.3e-07,5.2e-07,5.6e-07,6783872.323636363,3.6608202497,611,tt-btc
39,1589731200,5e-07,5.2e-07,5e-07,5.5e-07,8894008.546363637,4.6481757073,858,tt-btc
40,1589644800,5.2e-07,5.1e-07,5e-07,5.3e-07,2894663.73,1.505095643,442,tt-btc
41,1589558400,5.2e-07,5.3e-07,5.1e-07,5.3e-07,2606512.49,1.3679987478,405,tt-btc
42,1589472000,5.1e-07,5.2e-07,5.1e-07,5.3e-07,4035364.9360667635,2.0984099363,537,tt-btc
43,1589385600,5.5e-07,5.1e-07,5e-07,5.6e-07,14364001.76,7.5983934228,790,tt-btc
44,1589299200,5.6e-07,5.5e-07,5.5e-07,5.7e-07,5291595.29,2.9508341038,842,tt-btc
45,1589212800,5.5e-07,5.6e-07,5.5e-07,5.9e-07,4820912.67,2.7386986346,963,tt-btc
46,1589126400,5.7e-07,5.5e-07,5.4e-07,6e-07,5321014.320175438,3.0419445696,973,tt-btc
47,1589040000,5.7e-07,5.7e-07,5.6e-07,6.7e-07,14731127.68,8.650264305,1416,tt-btc
48,1588953600,5.6e-07,5.8e-07,5.5e-07,5.9e-07,4790144.391457955,2.7405404381,1017,tt-btc
49,1588867200,5.8e-07,5.6e-07,5.5e-07,5.9e-07,4117314.64,2.3294057916,1214,tt-btc
50,1588780800,5.9e-07,5.9e-07,5.8e-07,6.2e-07,2907490.7557377047,1.7447750385,1016,tt-btc
51,1588694400,6.3e-07,6e-07,5.9e-07,6.3e-07,3956158.09147541,2.419710337,1067,tt-btc
52,1588608000,6.2e-07,6.3e-07,6e-07,6.3e-07,3615636.7475422425,2.2415299867,871,tt-btc
53,1588521600,6.4e-07,6.2e-07,5.9e-07,6.6e-07,12393275.560189394,7.7587467661,1245,tt-btc
54,1588435200,6.7e-07,6.5e-07,6.4e-07,6.8e-07,5372193.99,3.5164354392,1015,tt-btc
55,1588348800,6.6e-07,6.8e-07,6.5e-07,6.8e-07,11012689.95,7.3044009332,1090,tt-btc
56,1588262400,6.4e-07,6.6e-07,6.3e-07,6.8e-07,6229727.093402772,4.1313664335,1186,tt-btc
57,1588176000,6.8e-07,6.4e-07,6.2e-07,6.9e-07,13493559.929509718,8.7996180501,1176,tt-btc
58,1588089600,7.2e-07,6.8e-07,6.8e-07,7.4e-07,4330661.2635211265,3.0760210116,1047,tt-btc
59,1588003200,7.4e-07,7.3e-07,7.2e-07,7.4e-07,6050605.702972973,4.4058323442,873,tt-btc
60,1587916800,7.8e-07,7.4e-07,7.1e-07,8.1e-07,20017928.78684264,15.0897663233,1221,tt-btc
61,1587830400,7.6e-07,7.8e-07,7.5e-07,7.9e-07,9444162.95,7.2758050831,1228,tt-btc
62,1587744000,7.7e-07,7.6e-07,7.4e-07,7.8e-07,3866956.903157895,2.9302842393,894,tt-btc
63,1587657600,7.7e-07,7.6e-07,7.6e-07,7.8e-07,2594922.53,1.9961343511,1032,tt-btc
64,1587571200,7.9e-07,7.7e-07,7.7e-07,8.1e-07,11352784.09,8.8114188911,1145,tt-btc
65,1587484800,8e-07,8e-07,7.9e-07,8.2e-07,2859817.611023788,2.3082949229,668,tt-btc
66,1587398400,8.3e-07,8e-07,7.8e-07,8.5e-07,8102481.470323488,6.5323326259,1114,tt-btc
67,1587312000,8.2e-07,8.5e-07,8.1e-07,8.5e-07,8514876.99,7.0677087547,1367,tt-btc
68,1587225600,7.8e-07,8.3e-07,7.8e-07,8.3e-07,8146467.364254743,6.5958476594,1038,tt-btc
69,1587139200,7.8e-07,7.8e-07,7.8e-07,8e-07,3048805.802151899,2.3896358459,776,tt-btc
70,1587052800,7.9e-07,7.8e-07,7.7e-07,8e-07,5719745.427594936,4.4974364259,842,tt-btc
71,1586966400,8.2e-07,7.9e-07,7.8e-07,8.4e-07,11558650.021198243,9.3788262927,1192,tt-btc
72,1586880000,7.9e-07,8.2e-07,7.9e-07,8.4e-07,7756215.506488392,6.2887754258,1053,tt-btc
73,1586793600,7.9e-07,8e-07,7.7e-07,8e-07,10910964.54,8.5544988533,915,tt-btc
74,1586707200,7.9e-07,7.9e-07,7.7e-07,8.2e-07,8307276.74,6.6274154261,885,tt-btc
75,1586620800,8e-07,7.9e-07,7.9e-07,8.3e-07,10799783.116790123,8.7362655937,879,tt-btc
76,1586534400,7.7e-07,8.1e-07,7.6e-07,8.9e-07,13366092.14,10.9322882753,1215,tt-btc
77,1586448000,7.9e-07,7.7e-07,7.5e-07,8.1e-07,12665536.829762584,9.8265649567,1245,tt-btc
78,1586361600,8e-07,8.1e-07,7.9e-07,8.2e-07,11116146.854890093,8.9531840493,979,tt-btc
79,1586275200,8.2e-07,8.2e-07,7.9e-07,8.3e-07,12253587.727527853,9.9453104155,1145,tt-btc
80,1586188800,8.5e-07,8.3e-07,7.9e-07,8.6e-07,12876928.173825439,10.6794404088,1225,tt-btc
81,1586102400,8.9e-07,8.7e-07,8.5e-07,9.1e-07,31558232.165057473,27.2669253225,1153,tt-btc
82,1586016000,9.1e-07,9e-07,8.8e-07,9.5e-07,58626392.82661694,53.1051972885,2062,tt-btc
83,1585929600,8.7e-07,9.2e-07,8.6e-07,9.9e-07,86388584.21516,80.62505346874408,2545,tt-btc
84,1585843200,7.9e-07,8.7e-07,7.5e-07,9.4e-07,115641440.47208434,100.7324755636,3618,tt-btc
85,1585756800,8.6e-07,7.9e-07,7.8e-07,8.7e-07,22607832.431860466,18.4876027348,1164,tt-btc
86,1585670400,8.3e-07,8.6e-07,8e-07,8.9e-07,21705041.8862514,18.3260456151,1385,tt-btc
87,1585584000,7.6e-07,8.3e-07,7.2e-07,8.5e-07,47225636.7450682,37.4798340294,1567,tt-btc
88,1585497600,7.3e-07,7.6e-07,7.3e-07,8.1e-07,35475087.82890513,27.281701907,1349,tt-btc
89,1585411200,6.9e-07,7.4e-07,6.9e-07,7.5e-07,19797743.90054054,14.4073229857,1258,tt-btc
90,1585324800,6.6e-07,7e-07,6.5e-07,7.4e-07,20563362.09,14.2900062288,1109,tt-btc
91,1585238400,6.6e-07,6.6e-07,6.4e-07,6.7e-07,11372403.75,7.4985966153,745,tt-btc
92,1585152000,6.5e-07,6.6e-07,6.4e-07,6.8e-07,7553174.1057575755,4.9922298608,683,tt-btc
93,1585065600,6.6e-07,6.5e-07,6.3e-07,7e-07,16323552.155151514,10.7790093378,920,tt-btc
94,1584979200,6.4e-07,6.7e-07,6.2e-07,7.4e-07,15624479.286849314,10.8603016754,1072,tt-btc
95,1584892800,7.5e-07,6.1e-07,6.1e-07,7.9e-07,15643454.547532467,11.5326737076,1190,tt-btc
96,1584806400,7.4e-07,7.6e-07,7.4e-07,8.1e-07,14293601.19,11.0669349732,1173,tt-btc
97,1584720000,6.7e-07,7.5e-07,6.5e-07,8.2e-07,39156681.91663066,30.1068307739,2232,tt-btc
98,1584633600,7.5e-07,6.8e-07,6.8e-07,8.2e-07,29174113.693926483,21.3163931166,1670,tt-btc
99,1584547200,8.2e-07,7.5e-07,7.3e-07,8.7e-07,24867559.327485994,20.2250958691,1448,tt-btc
100,1584460800,7.9e-07,8.3e-07,7.9e-07,8.6e-07,17475524.86475672,14.3959553188,1247,tt-btc
101,1584374400,8.2e-07,8e-07,8e-07,9.1e-07,31819902.747475713,26.6776707756,1475,tt-btc
102,1584288000,8.1e-07,8.2e-07,7.6e-07,8.8e-07,42993065.21753252,35.6122111138,2168,tt-btc
103,1584201600,7.3e-07,8e-07,7.3e-07,8.8e-07,41969871.09619768,34.3481907135,1770,tt-btc
104,1584115200,6.9e-07,7.3e-07,6.6e-07,9.2e-07,104120851.44646169,79.9182394895,2838,tt-btc
105,1584028800,5.7e-07,7e-07,5e-07,8.5e-07,126526683.14237066,83.7347259305,4633,tt-btc
106,1583942400,5.8e-07,5.7e-07,5.1e-07,6.2e-07,100373564.48,57.1057640652,2244,tt-btc
107,1583856000,5.6e-07,5.8e-07,5.4e-07,5.9e-07,33619542.45,19.2887052961,719,tt-btc
108,1583769600,5.5e-07,5.6e-07,5.4e-07,5.6e-07,15909665.88,8.7085550547,477,tt-btc
109,1583683200,5.3e-07,5.4e-07,5.1e-07,5.6e-07,40796766.411818184,22.0558461047,1163,tt-btc
110,1583596800,5.9e-07,5.3e-07,5.3e-07,5.9e-07,29741890.38,16.6666705061,663,tt-btc
111,1583510400,5.8e-07,5.8e-07,5.7e-07,5.9e-07,10929905.860508475,6.3280784014,458,tt-btc
112,1583424000,5.6e-07,5.9e-07,5.4e-07,5.9e-07,35588301.33,19.9736225116,1019,tt-btc
113,1583337600,5.6e-07,5.5e-07,4.7e-07,5.7e-07,63466066.98909091,33.1174323386,1707,tt-btc
114,1583251200,5.8e-07,5.6e-07,5.5e-07,6.1e-07,46253354.71502825,26.6389212004,738,tt-btc
115,1583164800,5.7e-07,5.8e-07,5.7e-07,6.2e-07,50747327.85301163,29.8323594021,1268,tt-btc
116,1583078400,5.5e-07,5.7e-07,5.5e-07,6.8e-07,100790024.60821486,61.88467833847143,3212,tt-btc
117,1582992000,5.7e-07,5.6e-07,5.5e-07,5.8e-07,6319514.144851784,3.6035683379,316,tt-btc
118,1582905600,6.1e-07,5.7e-07,5.7e-07,6.1e-07,10194959.12519774,6.0245340615,475,tt-btc
119,1582819200,6e-07,6.1e-07,5.6e-07,6.5e-07,17117414.801057857,10.3484616512,1282,tt-btc
120,1582732800,5.9e-07,6e-07,5.4e-07,6.6e-07,22488329.61081967,13.2788706259,3016,tt-btc
121,1582646400,6.6e-07,5.9e-07,5.9e-07,6.9e-07,24594409.519180328,15.3459748799,2113,tt-btc
122,1582560000,6.7e-07,6.6e-07,6.6e-07,7.2e-07,10692202.822193159,7.4027204076,2199,tt-btc
123,1582473600,6.5e-07,6.7e-07,6.5e-07,7e-07,7272291.15,4.9126878061,1846,tt-btc
124,1582387200,6.9e-07,6.5e-07,6.5e-07,7e-07,12918076.26358209,8.6173084788,618,tt-btc
125,1582300800,7.1e-07,6.9e-07,6.9e-07,7.3e-07,14612884.46479452,10.4543240793,472,tt-btc
126,1582214400,7.4e-07,7e-07,7e-07,7.6e-07,12780375.51,9.2531941338,435,tt-btc
127,1582128000,7.2e-07,7.4e-07,7.1e-07,7.8e-07,14006523.01,10.5095855425,715,tt-btc
128,1582041600,7.3e-07,7.2e-07,7.1e-07,7.7e-07,9947345.6,7.284783367,675,tt-btc
129,1581955200,7.6e-07,7.4e-07,7.4e-07,8e-07,9760897.996835442,7.5300892279,854,tt-btc
130,1581868800,7.4e-07,7.6e-07,7.2e-07,8.2e-07,22772818.899245195,17.7804736729,1688,tt-btc
131,1581782400,8.4e-07,7.4e-07,7.2e-07,8.6e-07,12392871.605038667,9.8590247295,1328,tt-btc
132,1581696000,8.5e-07,8.4e-07,8.2e-07,8.6e-07,10416902.537619047,8.7323351714,1078,tt-btc
133,1581609600,8.7e-07,8.5e-07,8.4e-07,8.7e-07,5334166.165294117,4.5456132947,559,tt-btc
134,1581523200,9e-07,8.7e-07,8.3e-07,9e-07,8375545.2,7.2291250633,885,tt-btc
135,1581436800,8.8e-07,9e-07,8.5e-07,9.2e-07,7834949.700112269,6.8339783321,710,tt-btc
136,1581350400,9.1e-07,8.8e-07,8.7e-07,9.3e-07,6735917.814444444,6.0585172905,978,tt-btc
137,1581264000,9.5e-07,9.1e-07,8.9e-07,9.6e-07,9079482.27,8.2952320804,927,tt-btc
138,1581177600,9.7e-07,9.5e-07,9.1e-07,1.03e-06,14483619.096560284,13.83324557,1300,tt-btc
139,1581091200,9.2e-07,9.6e-07,8.8e-07,9.9e-07,20236246.332197804,18.8844124419,1377,tt-btc
140,1581004800,8.7e-07,9.2e-07,8.5e-07,9.2e-07,7791454.738850575,6.8394687187,1031,tt-btc
141,1580918400,9.2e-07,8.6e-07,8.6e-07,9.3e-07,9533174.648390805,8.3962657406,1019,tt-btc
142,1580832000,9.2e-07,9.1e-07,8.8e-07,9.4e-07,7188284.472580645,6.5864409027,750,tt-btc
143,1580745600,9.5e-07,9.2e-07,9e-07,9.5e-07,6454609.8,5.9659354215,798,tt-btc
144,1580659200,9.9e-07,9.6e-07,9.2e-07,1.03e-06,11037303.15,10.5291913611,906,tt-btc
145,1580572800,9.7e-07,9.9e-07,9.1e-07,1.04e-06,8430958.557373738,8.1805726969,1223,tt-btc
146,1580486400,8.9e-07,9.6e-07,8.2e-07,9.6e-07,11328123.29,10.2872511148,943,tt-btc
147,1580400000,9.3e-07,8.9e-07,8.8e-07,9.3e-07,3010061.731304348,2.7447186816,472,tt-btc
148,1580313600,9.7e-07,9.3e-07,9.2e-07,9.7e-07,3982883.821007839,3.7320160496,603,tt-btc
149,1580227200,1.01e-06,9.7e-07,9.2e-07,1.03e-06,5345176.251111111,5.1568487781,706,tt-btc
150,1580140800,1e-06,1.01e-06,9.4e-07,1.03e-06,10217328.47,10.092663844,1155,tt-btc
151,1580054400,1.06e-06,9.9e-07,9.7e-07,1.06e-06,9042444.686893204,9.0974897814,1133,tt-btc
152,1579968000,1.1e-06,1.06e-06,1.04e-06,1.12e-06,8221012.157645004,8.7737529138,1086,tt-btc
153,1579881600,1.08e-06,1.1e-06,1.02e-06,1.13e-06,6866493.314080372,7.3291170394,1040,tt-btc
154,1579795200,1.13e-06,1.09e-06,1.03e-06,1.17e-06,8051168.96,8.6740383112,1214,tt-btc
155,1579708800,1.04e-06,1.13e-06,1.02e-06,1.14e-06,10038240.97,10.8949813541,1101,tt-btc
156,1579622400,1.07e-06,1.03e-06,1e-06,1.18e-06,25950403.05725664,28.3548856467,1676,tt-btc
157,1579536000,9.1e-07,1.07e-06,9.1e-07,1.07e-06,15066905.309130434,15.0151084223,1057,tt-btc
158,1579449600,8.8e-07,9e-07,8.7e-07,9.4e-07,12156839.413829787,11.1188897238,829,tt-btc
159,1579363200,8.3e-07,8.8e-07,8.2e-07,9e-07,8058416.373333333,6.9511033927,835,tt-btc
160,1579276800,8.8e-07,8.3e-07,8.2e-07,9e-07,17250709.77952381,14.561301177,844,tt-btc
161,1579190400,8.7e-07,8.8e-07,8.4e-07,9.2e-07,20064982.67826087,17.8280332926,951,tt-btc
162,1579104000,8.2e-07,8.6e-07,7.9e-07,8.7e-07,14142788.88,11.899150922,981,tt-btc
163,1579017600,8e-07,8.1e-07,7.4e-07,8.8e-07,18192529.098867174,14.8245142858,1238,tt-btc
164,1578931200,9e-07,7.9e-07,7.9e-07,9.2e-07,19429211.041538462,16.3806991678,1127,tt-btc
165,1578844800,9.6e-07,9.1e-07,8.9e-07,9.9e-07,11563353.890408164,10.9745521436,791,tt-btc
166,1578758400,1.02e-06,9.6e-07,9.3e-07,1.06e-06,18295105.865849055,17.8669693007,1429,tt-btc
167,1578672000,9.2e-07,1.02e-06,9.1e-07,1.04e-06,28846629.297704898,28.1822269869,1704,tt-btc
168,1578585600,8.4e-07,9.2e-07,8.4e-07,9.6e-07,21181039.83,19.3441231112,1008,tt-btc
169,1578499200,8.1e-07,8.4e-07,7.5e-07,9.3e-07,19693935.613535352,16.4369435403,1016,tt-btc
170,1578412800,9.7e-07,8.1e-07,8e-07,9.8e-07,21873225.86,18.4932991417,742,tt-btc
171,1578326400,1e-06,9.5e-07,9.1e-07,1.06e-06,12548103.75,12.076975467,715,tt-btc
172,1578240000,1.08e-06,9.9e-07,9.7e-07,1.08e-06,13406278.115049506,13.472642204,1095,tt-btc
173,1578153600,1.12e-06,1.07e-06,1.05e-06,1.18e-06,14755690.943418803,16.4092703876,1305,tt-btc
174,1578067200,1.17e-06,1.1e-06,9.9e-07,1.17e-06,25545445.748513926,27.3520522666,1700,tt-btc
175,1577980800,1.03e-06,1.18e-06,1.03e-06,1.28e-06,43542935.52301731,50.2587929196,2328,tt-btc
176,1577894400,9.1e-07,1.03e-06,9.1e-07,1.05e-06,36814074.83970297,36.5632293506,1370,tt-btc
177,1577808000,8.3e-07,9.1e-07,8.3e-07,9.3e-07,16124373.95914271,14.3471562121,981,tt-btc
178,1577721600,7.7e-07,8.3e-07,7.6e-07,8.9e-07,19857295.61973087,16.5537455756,972,tt-btc
179,1577635200,7.3e-07,7.7e-07,7.3e-07,7.8e-07,9827954.232095473,7.432474175,474,tt-btc
180,1577548800,6.9e-07,7.2e-07,6.8e-07,7.6e-07,5324126.24,3.8796860626,403,tt-btc
181,1577462400,6.9e-07,6.9e-07,6.7e-07,7.4e-07,4753071.84972973,3.3425547834,412,tt-btc
182,1577376000,7.2e-07,7e-07,7e-07,7.7e-07,5195868.166753246,3.8424956471,368,tt-btc
183,1577289600,7.1e-07,7.2e-07,7e-07,7.7e-07,12329054.55,9.0068345063,465,tt-btc
184,1577203200,6.8e-07,7.1e-07,6.4e-07,7.2e-07,7889578.94,5.3044290263,574,tt-btc
185,1577116800,7e-07,6.8e-07,6.7e-07,7.6e-07,11095778.71,7.8916062717,661,tt-btc
186,1577030400,6.6e-07,7e-07,6.4e-07,7.6e-07,21120063.357837837,15.0453545138,1395,tt-btc
187,1576944000,6.4e-07,6.5e-07,6.2e-07,6.5e-07,3122588.04,1.9891077113,557,tt-btc
188,1576857600,6.2e-07,6.4e-07,6e-07,6.8e-07,3850861.18,2.4869006869,528,tt-btc
189,1576771200,6.2e-07,6.1e-07,5.8e-07,6.5e-07,1996814.09,1.231353597,612,tt-btc
190,1576684800,6.4e-07,6.2e-07,5.9e-07,6.6e-07,3083643.223174603,1.8822287098,418,tt-btc
191,1576598400,6.8e-07,6.3e-07,5.9e-07,7.4e-07,10064403.9,6.4607165144,832,tt-btc
192,1576512000,7.1e-07,6.8e-07,6.5e-07,7.2e-07,2070298.5,1.4070990375,618,tt-btc
193,1576425600,7.3e-07,7e-07,7e-07,7.4e-07,2153786.78,1.533027568,426,tt-btc
194,1576339200,7.3e-07,7.4e-07,6.9e-07,7.5e-07,3403790.0,2.4449274766,374,tt-btc
195,1576252800,7.3e-07,7.3e-07,7.1e-07,7.5e-07,1029132.66,0.7515740968,305,tt-btc
196,1576166400,7.6e-07,7.3e-07,7.1e-07,7.7e-07,4529813.59,3.2792374743,485,tt-btc
197,1576080000,7.9e-07,7.5e-07,7.4e-07,8.5e-07,8306492.79,6.6944039201,732,tt-btc
198,1575993600,7.2e-07,7.9e-07,7.1e-07,8.5e-07,29400798.364904545,23.625515470833335,1810,tt-btc
199,1575907200,7.7e-07,7.2e-07,6.7e-07,7.7e-07,11437011.03,8.3396286014,502,tt-btc
200,1575820800,7.7e-07,7.8e-07,7.5e-07,7.8e-07,2428619.2,1.8434703617,334,tt-btc
201,1575734400,7.8e-07,7.8e-07,7.4e-07,7.9e-07,4827871.215974026,3.703030582,422,tt-btc
202,1575648000,8.2e-07,7.7e-07,7.5e-07,8.8e-07,8084239.381149425,6.3866020418,728,tt-btc
203,1575561600,8.5e-07,8.3e-07,7.7e-07,8.6e-07,9389364.94,7.4165594694,1100,tt-btc
204,1575475200,9.3e-07,8.5e-07,8.4e-07,9.5e-07,4392759.472222222,3.8470528565,934,tt-btc
205,1575388800,9.8e-07,9.2e-07,9e-07,1e-06,8037684.033131819,7.6354466011,1247,tt-btc
206,1575302400,1.05e-06,9.8e-07,9.4e-07,1.05e-06,4078020.89,4.0493308957,997,tt-btc
207,1575216000,1.02e-06,1.04e-06,9.9e-07,1.17e-06,4433291.2083486235,4.8102050707,1324,tt-btc
208,1575129600,1.02e-06,1e-06,9.5e-07,1.07e-06,2533382.6957142856,2.5403654435,1085,tt-btc
209,1575043200,1.06e-06,1.01e-06,1e-06,1.07e-06,4555510.7876923075,4.6555649348,858,tt-btc
210,1574956800,1.12e-06,1.07e-06,1e-06,1.19e-06,9544263.12,10.4510980374,953,tt-btc
211,1574870400,1.11e-06,1.13e-06,1.07e-06,1.22e-06,6059733.83018018,6.822983766501801,1169,tt-btc
212,1574784000,1.03e-06,1.11e-06,9.9e-07,1.26e-06,13603946.941818181,15.345211600118182,1780,tt-btc
213,1574697600,9.5e-07,1.04e-06,9e-07,1.04e-06,10008183.53893339,9.4608349019,1294,tt-btc
214,1574611200,1.04e-06,9.5e-07,9.1e-07,1.04e-06,7800534.591825602,7.60049721887551,1505,tt-btc
215,1574524800,1.09e-06,1.03e-06,1.02e-06,1.11e-06,3978553.489147582,4.224107217081818,1271,tt-btc
216,1574438400,1.06e-06,1.08e-06,1.04e-06,1.24e-06,16265495.934658714,17.9987374105,1939,tt-btc
217,1574352000,1.21e-06,1.05e-06,1.02e-06,1.24e-06,22417134.249680758,24.480634078518644,1677,tt-btc
218,1574265600,1.3e-06,1.21e-06,1.16e-06,1.32e-06,15204215.905028382,18.6008529418,1579,tt-btc
219,1574179200,1.23e-06,1.31e-06,1.17e-06,1.4e-06,10531486.943088835,13.303090524522945,1672,tt-btc
220,1574092800,1.39e-06,1.25e-06,1.2e-06,1.39e-06,20828932.990258183,26.6354630892,2135,tt-btc
221,1574006400,1.16e-06,1.39e-06,1.14e-06,1.5e-06,34143118.57568605,46.00202380047557,2640,tt-btc
222,1573920000,1.11e-06,1.16e-06,1.11e-06,1.23e-06,4239581.18650821,4.9531411008273505,687,tt-btc
223,1573833600,1.12e-06,1.12e-06,1.1e-06,1.15e-06,2649394.7090503434,2.9900176712,416,tt-btc
224,1573747200,1.15e-06,1.12e-06,1.08e-06,1.2e-06,2761194.3396294974,3.1092654689,551,tt-btc
225,1573660800,1.16e-06,1.15e-06,1.12e-06,1.2e-06,4543505.3,5.3035082703,661,tt-btc
226,1573574400,1.15e-06,1.17e-06,1.12e-06,1.23e-06,5573413.438680833,6.4954966349,797,tt-btc
227,1573488000,1.22e-06,1.15e-06,1.12e-06,1.22e-06,2830943.890684517,3.2863504213,495,tt-btc
228,1573401600,1.25e-06,1.22e-06,1.16e-06,1.26e-06,4938550.313870523,6.0090672808,940,tt-btc
229,1573315200,1.37e-06,1.25e-06,1.21e-06,1.44e-06,10992138.305715341,14.3108074724,1397,tt-btc
230,1573228800,1.09e-06,1.36e-06,1.07e-06,1.43e-06,13576332.65759017,16.997575369427274,2509,tt-btc
231,1573142400,1.1e-06,1.09e-06,1.05e-06,1.14e-06,9859965.133119266,10.8349206351,956,tt-btc
232,1573056000,1.22e-06,1.09e-06,1.08e-06,1.23e-06,11431404.725578481,12.917802925,1312,tt-btc
233,1572969600,1.31e-06,1.23e-06,1.2e-06,1.37e-06,10435214.5194704,13.2457103077,1148,tt-btc
234,1572883200,1.36e-06,1.3e-06,1.3e-06,1.45e-06,9432218.978398269,12.9468165241,1331,tt-btc
235,1572796800,1.35e-06,1.37e-06,1.31e-06,1.48e-06,18514817.2,25.5567484185,1656,tt-btc
236,1572710400,1.32e-06,1.35e-06,1.29e-06,1.4e-06,8840906.782962963,11.822918887,2012,tt-btc
237,1572624000,1.36e-06,1.33e-06,1.28e-06,1.5e-06,16161228.003278304,22.3938193642,1936,tt-btc
238,1572537600,1.27e-06,1.36e-06,1.21e-06,1.8e-06,72326732.3412567,109.2938985088534,7085,tt-btc
239,1572451200,8.9e-07,1.26e-06,8.3e-07,1.66e-06,87027127.7104249,109.34582137467444,7434,tt-btc
240,1572364800,7.6e-07,8.9e-07,7.5e-07,9.5e-07,9732084.346832398,8.192919779,1069,tt-btc
241,1572278400,7.6e-07,7.7e-07,7.3e-07,7.8e-07,6088799.55,4.5495806224,370,tt-btc
242,1572192000,7.9e-07,7.7e-07,7.2e-07,8e-07,13113546.487662338,9.8937446381,794,tt-btc
243,1572105600,7.9e-07,7.8e-07,7.6e-07,8.6e-07,10972190.620963855,8.953259028,898,tt-btc
244,1572019200,9.6e-07,7.9e-07,7.2e-07,9.6e-07,31445542.566707317,26.2252866026,1835,tt-btc
245,1571932800,9.6e-07,9.7e-07,9.6e-07,1.07e-06,22896309.51591574,23.307515731873078,1466,tt-btc
246,1571846400,9.1e-07,9.5e-07,8.6e-07,1e-06,12012164.427840296,11.2724161743,1278,tt-btc
247,1571760000,7.7e-07,9e-07,7.5e-07,9.8e-07,30097595.23593492,26.053007334,1453,tt-btc
248,1571673600,7.4e-07,7.8e-07,7.4e-07,8.4e-07,10300613.768396625,8.1659062099,640,tt-btc
249,1571587200,7.3e-07,7.4e-07,6.9e-07,7.7e-07,12186794.614246575,8.7683249429,533,tt-btc
250,1571500800,7.4e-07,7.3e-07,7.3e-07,8.2e-07,14954634.608947368,11.3702984844,910,tt-btc
251,1571414400,7.1e-07,7.4e-07,6.8e-07,7.7e-07,19073101.240200136,13.9667235242,839,tt-btc
252,1571328000,6.3e-07,7.1e-07,6.3e-07,7.5e-07,22718271.13115942,15.3267824281,966,tt-btc
253,1571241600,6e-07,6.2e-07,5.7e-07,6.4e-07,14247670.967088293,8.585717065,562,tt-btc
254,1571155200,6.7e-07,6e-07,5.7e-07,6.7e-07,18862975.26888889,11.606153219,540,tt-btc
255,1571068800,6.9e-07,6.7e-07,6.4e-07,6.9e-07,19254001.46530303,12.6336569179,831,tt-btc
256,1570982400,6.3e-07,7e-07,6.3e-07,7.2e-07,33710403.195349306,22.7285803994,1696,tt-btc
257,1570896000,5.9e-07,6.3e-07,5.8e-07,6.8e-07,18615888.685604934,11.628097418993548,581,tt-btc
258,1570809600,5.7e-07,5.9e-07,5.6e-07,6e-07,7220647.74131502,4.2091531001,373,tt-btc
259,1570723200,5.6e-07,5.7e-07,5.6e-07,6.1e-07,9874071.137867514,5.645860791316666,718,tt-btc
260,1570636800,5.4e-07,5.7e-07,5.2e-07,5.9e-07,9967663.112949133,5.574462083,567,tt-btc
261,1570550400,5.4e-07,5.4e-07,5.3e-07,6e-07,13476836.839661017,7.6771285363,736,tt-btc
262,1570464000,5.3e-07,5.4e-07,5.1e-07,5.6e-07,9796152.38,5.170174758,350,tt-btc
263,1570377600,5.2e-07,5.2e-07,5.1e-07,5.4e-07,5020138.121320754,2.6287430594,327,tt-btc
264,1570291200,5.6e-07,5.2e-07,5.1e-07,5.8e-07,6579310.037183788,3.5454971468,425,tt-btc
265,1570204800,5.7e-07,5.6e-07,5.5e-07,6.1e-07,10777467.167540984,6.1117180262,559,tt-btc
266,1570118400,5.1e-07,5.7e-07,5.1e-07,5.8e-07,19080175.98818182,10.4415505455,713,tt-btc
267,1570032000,4.9e-07,5.2e-07,4.8e-07,5.5e-07,16066025.92,8.2033320536,652,tt-btc
268,1569945600,4.5e-07,4.8e-07,4.5e-07,5e-07,4049497.1291489364,1.8844859152,320,tt-btc
269,1569859200,4.5e-07,4.6e-07,4.3e-07,4.6e-07,4469805.57,2.0053212985,488,tt-btc
270,1569772800,4.7e-07,4.6e-07,4.3e-07,4.9e-07,14836119.2,6.7384039005,675,tt-btc
271,1569686400,4.3e-07,4.6e-07,4.3e-07,5e-07,36680128.30209291,17.0809430461,1564,tt-btc
272,1569600000,3.8e-07,4.1e-07,3.8e-07,4.3e-07,10271058.871800233,4.1124290978,702,tt-btc
273,1569513600,3.8e-07,3.8e-07,3.7e-07,4e-07,9687658.64,3.7895614648,395,tt-btc
274,1569427200,3.9e-07,3.8e-07,3.7e-07,4e-07,4680344.7,1.8067627426,327,tt-btc
275,1569340800,4.1e-07,3.8e-07,3.7e-07,4.3e-07,20280325.245924428,7.8045053368,610,tt-btc
276,1569254400,4.1e-07,4.1e-07,4e-07,4.2e-07,6022746.899756097,2.4722500175,160,tt-btc
277,1569168000,4.3e-07,4.2e-07,4.1e-07,4.3e-07,11246823.827142857,4.7384215997,133,tt-btc
278,1569081600,4.2e-07,4.3e-07,4.2e-07,4.4e-07,3764048.96,1.6431480198,103,tt-btc
279,1568995200,4.3e-07,4.3e-07,4.1e-07,4.3e-07,3797406.8274418605,1.6117085027,84,tt-btc
280,1568908800,4.3e-07,4.2e-07,4.2e-07,4.5e-07,9320781.327621799,4.0136483361,280,tt-btc
281,1568822400,4.3e-07,4.3e-07,4.1e-07,4.6e-07,16197784.779767442,6.9870585072,582,tt-btc
282,1568736000,4.3e-07,4.4e-07,4.1e-07,4.7e-07,15620355.641461123,6.8217056148,439,tt-btc
283,1568649600,4.6e-07,4.2e-07,4.2e-07,4.7e-07,16451743.882222222,7.3436583075,407,tt-btc
284,1568563200,4.8e-07,4.5e-07,4.5e-07,4.9e-07,10002042.913265307,4.6673659951,412,tt-btc
285,1568476800,4.8e-07,4.8e-07,4.7e-07,4.9e-07,8447679.964693878,4.0526667904,562,tt-btc
286,1568390400,5e-07,4.7e-07,4.6e-07,5.1e-07,13198412.67,6.3788084746,478,tt-btc
287,1568304000,4.8e-07,5e-07,4.7e-07,5e-07,9033673.895,4.4256091855,386,tt-btc
288,1568217600,4.9e-07,4.8e-07,4.6e-07,5.2e-07,19077744.069457013,9.4663618622,656,tt-btc
289,1568131200,4.5e-07,4.8e-07,4.4e-07,5.1e-07,26381337.153692037,12.6486899986,963,tt-btc
290,1568044800,4.6e-07,4.5e-07,4.4e-07,4.7e-07,16029577.79,7.2941483132,507,tt-btc
291,1567958400,4.9e-07,4.6e-07,4.5e-07,5.1e-07,36748005.346882515,17.2301358783,596,tt-btc
292,1567872000,5e-07,4.8e-07,4.7e-07,5.3e-07,38774642.05389947,19.0936812546,797,tt-btc
293,1567785600,5.4e-07,5.1e-07,4.9e-07,5.6e-07,59635285.34363876,30.6951504477,1584,tt-btc
294,1567699200,5.6e-07,5.3e-07,5.1e-07,5.8e-07,73697925.2084342,39.7946014743,1555,tt-btc
295,1567612800,4.9e-07,5.6e-07,4.5e-07,6.2e-07,195674028.5485668,107.98251512349245,5435,tt-btc
296,1567526400,5e-07,4.9e-07,4.5e-07,5.3e-07,90287140.19378485,43.8771010171,2162,tt-btc
297,1567440000,4.4e-07,5e-07,4.1e-07,5e-07,56746879.65569294,26.097390934552173,1622,tt-btc
298,1567353600,4.3e-07,4.4e-07,4.1e-07,4.5e-07,12948879.065454546,5.5106742522,614,tt-btc
299,1567267200,4.4e-07,4.3e-07,4.1e-07,4.6e-07,19764959.30818182,8.453927761445454,655,tt-btc
300,1567180800,4e-07,4.4e-07,3.9e-07,4.7e-07,28314983.72,12.2350305728,882,tt-btc
301,1567094400,3.9e-07,4e-07,3.8e-07,4.1e-07,11349257.185,4.4989144067,529,tt-btc
302,1567008000,4e-07,4e-07,3.7e-07,4e-07,17173975.72,6.6926743551,661,tt-btc
303,1566921600,3.8e-07,3.9e-07,3.7e-07,4e-07,19554552.98,7.5843851486,693,tt-btc
304,1566835200,3.9e-07,3.8e-07,3.7e-07,4e-07,13826774.98,5.2668996114,480,tt-btc
305,1566748800,4.1e-07,3.9e-07,3.7e-07,4.2e-07,14957969.192857143,5.8307074813,669,tt-btc
306,1566662400,4.1e-07,4.2e-07,4e-07,4.4e-07,13696324.186533777,5.759700741,496,tt-btc
307,1566576000,3.9e-07,4.1e-07,3.8e-07,4.1e-07,11384734.2855,4.5321305812,603,tt-btc
308,1566489600,3.6e-07,3.8e-07,3.6e-07,4e-07,36611704.22,14.0477669626,960,tt-btc
309,1566403200,3.7e-07,3.7e-07,3.5e-07,3.7e-07,17415069.93081081,6.2747146791,847,tt-btc
310,1566316800,3.8e-07,3.6e-07,3.5e-07,4e-07,26724802.9,9.967020968,1296,tt-btc
311,1566230400,3.9e-07,3.9e-07,3.8e-07,4e-07,10714209.48,4.1055692154,401,tt-btc
312,1566144000,4e-07,4e-07,3.9e-07,4.1e-07,8611687.07,3.4507467549,399,tt-btc
313,1566057600,4e-07,4e-07,3.8e-07,4.8e-07,23919801.811666667,9.7783328462,898,tt-btc
314,1565971200,3.9e-07,4e-07,3.8e-07,4e-07,8609685.14,3.3834696904,460,tt-btc
315,1565884800,4.2e-07,3.9e-07,3.9e-07,4.2e-07,15581068.84,6.205344385,745,tt-btc
316,1565798400,4.7e-07,4.1e-07,4e-07,4.8e-07,23441378.12,10.095750673,1100,tt-btc
317,1565712000,4.6e-07,4.7e-07,4.6e-07,4.8e-07,19424353.704166666,9.1486792536,738,tt-btc
318,1565625600,4.7e-07,4.7e-07,4.5e-07,4.9e-07,12871620.07,6.0774589004,597,tt-btc
319,1565539200,4.7e-07,4.8e-07,4.5e-07,5e-07,20107196.34659864,9.6465038836,923,tt-btc
320,1565452800,4.3e-07,4.7e-07,4.2e-07,4.8e-07,31789145.604893617,14.4702960625,1323,tt-btc
321,1565366400,4.4e-07,4.3e-07,4.1e-07,4.5e-07,13555029.59,5.8506413461,893,tt-btc
322,1565280000,4.9e-07,4.4e-07,4.2e-07,4.9e-07,13817380.446742425,6.3840842515,815,tt-btc
323,1565193600,5.1e-07,4.8e-07,4.6e-07,5.2e-07,13160154.399387754,6.4094366977,850,tt-btc
324,1565107200,5.5e-07,5.1e-07,5.1e-07,5.8e-07,10873566.171485849,5.8790832468,1213,tt-btc
325,1565020800,5.4e-07,5.5e-07,5.1e-07,5.7e-07,24944164.56,13.4260369309,2907,tt-btc
326,1564934400,6.2e-07,5.4e-07,5.2e-07,6.4e-07,26384785.434010644,15.0065761852,6509,tt-btc
327,1564848000,6.7e-07,6.3e-07,6.1e-07,6.8e-07,20536528.485846154,13.1559699275,5093,tt-btc
328,1564761600,7e-07,6.7e-07,6.4e-07,7e-07,12148986.199411765,8.1944014563,1759,tt-btc
329,1564675200,7.4e-07,6.9e-07,6.9e-07,7.4e-07,12244931.29249497,8.6832416659,1718,tt-btc
330,1564588800,7.6e-07,7.4e-07,7.3e-07,7.9e-07,15142586.455897436,11.4255212418,4291,tt-btc
331,1564502400,8e-07,7.7e-07,7.5e-07,8.2e-07,17383302.3425,13.7194325538,7736,tt-btc
332,1564416000,8.8e-07,8e-07,7.7e-07,8.9e-07,62099623.75,49.8738092628,6972,tt-btc
333,1564329600,9.1e-07,8.7e-07,8.5e-07,9.3e-07,16028686.588202247,14.1319893561,5257,tt-btc
334,1564243200,9.3e-07,9.1e-07,8.8e-07,9.4e-07,5819836.17,5.3196871276,4370,tt-btc
335,1564156800,9.5e-07,9.3e-07,9e-07,9.8e-07,7399845.337980119,6.8725864586,5901,tt-btc
336,1564070400,9.6e-07,9.5e-07,9.1e-07,9.8e-07,7573379.63,7.1467033668,7880,tt-btc
337,1563984000,1.03e-06,9.6e-07,9.4e-07,1.07e-06,10855601.48,10.5561587791,7166,tt-btc
338,1563897600,9.8e-07,1.03e-06,9.6e-07,1.05e-06,10080882.815769231,10.1941850519,5894,tt-btc
339,1563811200,9.2e-07,9.8e-07,9e-07,1.03e-06,16937999.57,16.3393314555,7318,tt-btc
340,1563724800,8.7e-07,9.2e-07,8.5e-07,9.8e-07,10676316.755416667,9.7426901344,5994,tt-btc
341,1563638400,8.9e-07,8.7e-07,8.6e-07,9.2e-07,10545833.0,9.4111787175,5622,tt-btc
342,1563552000,8.6e-07,8.9e-07,8.5e-07,9.3e-07,8985597.908351649,8.0231835598,5770,tt-btc
343,1563465600,8.4e-07,8.7e-07,8.2e-07,8.9e-07,10062831.48,8.6453855821,5427,tt-btc
344,1563379200,8.5e-07,8.4e-07,8.3e-07,9.5e-07,18481094.69,16.3945320054,6987,tt-btc
345,1563292800,9.4e-07,8.5e-07,8e-07,9.6e-07,22725902.1,19.5851527841,7208,tt-btc
346,1563206400,9.6e-07,9.4e-07,9e-07,1e-06,17534926.071378637,16.4855646912,7358,tt-btc
347,1563120000,1.05e-06,9.6e-07,9.1e-07,1.07e-06,27384342.54625,26.8430578432,8306,tt-btc
348,1563033600,1.14e-06,1.05e-06,1.01e-06,1.21e-06,18668438.25,20.9882748482,9235,tt-btc
349,1562947200,1.13e-06,1.15e-06,1.1e-06,1.17e-06,11568618.7711994,13.1451432335,8011,tt-btc
350,1562860800,1.16e-06,1.13e-06,1.08e-06,1.31e-06,23219063.84,26.5203523752,8694,tt-btc
351,1562774400,1.18e-06,1.14e-06,1.11e-06,1.26e-06,17560925.1300813,20.8891739497,7561,tt-btc
352,1562688000,1.31e-06,1.16e-06,1.13e-06,1.37e-06,23338599.0830265,29.3687839989,7162,tt-btc
353,1562601600,1.26e-06,1.31e-06,1.18e-06,1.33e-06,37536919.22949835,47.4132595653,8376,tt-btc
354,1562515200,1.43e-06,1.26e-06,1.25e-06,1.43e-06,25259420.350491557,33.4008757736,6988,tt-btc
355,1562428800,1.44e-06,1.43e-06,1.37e-06,1.49e-06,20415248.68471362,29.0097228773,7378,tt-btc
356,1562342400,1.37e-06,1.44e-06,1.3e-06,1.45e-06,18487278.1371818,25.3713395098,6629,tt-btc
357,1562256000,1.31e-06,1.37e-06,1.27e-06,1.38e-06,14968771.5742817,19.9536847571,5869,tt-btc
358,1562169600,1.42e-06,1.31e-06,1.27e-06,1.46e-06,14758599.256363636,19.9396597969,5627,tt-btc
359,1562083200,1.61e-06,1.42e-06,1.4e-06,1.66e-06,22778550.610578608,33.5598647677,5851,tt-btc
360,1561996800,1.55e-06,1.6e-06,1.5e-06,1.82e-06,66454254.88968766,111.48059514030402,9364,tt-btc
361,1561910400,1.37e-06,1.55e-06,1.37e-06,1.56e-06,35808593.304587334,52.9901784584,6986,tt-btc
362,1561824000,1.3e-06,1.37e-06,1.29e-06,1.44e-06,29268639.59809832,40.1232731236,6428,tt-btc
363,1561737600,1.25e-06,1.3e-06,1.21e-06,1.38e-06,36394658.13866705,47.49525171873607,6879,tt-btc
364,1561651200,1.25e-06,1.25e-06,1.19e-06,1.46e-06,33295909.11476498,43.0085280997,6604,tt-btc
365,1561564800,1.33e-06,1.25e-06,1.14e-06,1.33e-06,38998679.21007874,47.0458568756,6704,tt-btc
366,1561478400,1.53e-06,1.33e-06,1.29e-06,1.58e-06,25989780.327879243,36.5488337851,5868,tt-btc
367,1561392000,1.61e-06,1.53e-06,1.52e-06,1.64e-06,19993678.3,31.3821268653,6555,tt-btc
368,1561305600,1.67e-06,1.61e-06,1.57e-06,1.68e-06,15867932.209685057,25.7577025239,8140,tt-btc
369,1561219200,1.68e-06,1.67e-06,1.59e-06,1.73e-06,18162781.717504222,30.1661754249,8614,tt-btc
370,1561132800,1.92e-06,1.68e-06,1.57e-06,2.1e-06,31823943.244912263,53.6819173093,10501,tt-btc
371,1561046400,2.07e-06,1.92e-06,1.91e-06,2.08e-06,17488700.58328024,34.6225657216,7866,tt-btc
372,1560960000,2.19e-06,2.07e-06,2.06e-06,2.2e-06,17373483.277440757,37.3478974219,8029,tt-btc
373,1560873600,2.16e-06,2.19e-06,2.15e-06,2.22e-06,16433470.699410545,36.0480605597,7945,tt-btc
374,1560787200,2.15e-06,2.16e-06,2.1e-06,2.21e-06,11104145.49627907,23.8906621409,9571,tt-btc
375,1560700800,2.16e-06,2.15e-06,2.1e-06,2.24e-06,14604133.680065688,31.629072729,10642,tt-btc
376,1560614400,2.27e-06,2.16e-06,2.08e-06,2.3e-06,16639531.86,36.3644293104,10355,tt-btc
377,1560528000,2.38e-06,2.27e-06,2.25e-06,2.4e-06,15369843.314594392,35.5386944256,11864,tt-btc
378,1560441600,2.56e-06,2.38e-06,2.36e-06,2.57e-06,17622109.53586614,43.9832814338,13380,tt-btc
379,1560355200,2.63e-06,2.56e-06,2.54e-06,2.65e-06,22002358.813181818,56.9924951215,12419,tt-btc
380,1560268800,2.67e-06,2.63e-06,2.61e-06,2.76e-06,16083517.18,42.9964276153,10784,tt-btc
381,1560182400,2.64e-06,2.67e-06,2.59e-06,2.68e-06,19175457.074022558,50.6286711003,10286,tt-btc
382,1560096000,2.65e-06,2.64e-06,2.57e-06,2.76e-06,27431111.977735847,72.4440661142,7877,tt-btc
383,1560009600,2.71e-06,2.65e-06,2.62e-06,2.79e-06,37816521.317994855,102.0685112029,6683,tt-btc
384,1559923200,2.61e-06,2.71e-06,2.56e-06,2.79e-06,37549669.36652852,100.8655946845,6591,tt-btc
385,1559836800,2.58e-06,2.61e-06,2.52e-06,2.84e-06,39381125.18739632,104.6243124413,7108,tt-btc
386,1559750400,2.5e-06,2.58e-06,2.49e-06,2.7e-06,40340928.69965788,104.3117139248,7501,tt-btc
387,1559664000,2.4e-06,2.5e-06,2.35e-06,2.64e-06,42986729.31988048,106.2871994282,11013,tt-btc
388,1559577600,2.34e-06,2.4e-06,2.27e-06,2.42e-06,33430773.250583116,78.26482180486637,10144,tt-btc
389,1559491200,2.35e-06,2.34e-06,2.27e-06,2.39e-06,35717047.308235295,83.384939092,8832,tt-btc
390,1559404800,2.33e-06,2.35e-06,2.29e-06,2.58e-06,37527874.16845947,88.861423557,9108,tt-btc
391,1559318400,2.37e-06,2.33e-06,2.31e-06,2.42e-06,21951140.227964137,51.985195102,9740,tt-btc
392,1559232000,2.46e-06,2.37e-06,2.34e-06,2.55e-06,35249549.52955912,85.3838114473,10846,tt-btc
393,1559145600,2.47e-06,2.47e-06,2.4e-06,2.6e-06,49492038.86100963,122.9164034009,11716,tt-btc
394,1559059200,2.47e-06,2.47e-06,2.41e-06,2.55e-06,53109938.1262513,131.17291820953614,10082,tt-btc
395,1558972800,2.47e-06,2.46e-06,2.37e-06,2.64e-06,44507965.68485084,108.20850990610496,9613,tt-btc
396,1558886400,2.7e-06,2.46e-06,2.31e-06,2.87e-06,49323044.25965282,123.8815755991583,11372,tt-btc
397,1558800000,2.79e-06,2.69e-06,2.61e-06,3.18e-06,89921696.60082099,257.8006934193341,14311,tt-btc
398,1558713600,2.4e-06,2.8e-06,2.34e-06,2.86e-06,61987714.55348953,158.18503472249571,10154,tt-btc
399,1558627200,2.39e-06,2.41e-06,2.34e-06,2.67e-06,64012495.410705976,159.1170312977065,10855,tt-btc
400,1558540800,2.48e-06,2.38e-06,2.36e-06,2.65e-06,50160257.60145465,122.5681621802,11506,tt-btc
401,1558454400,2.56e-06,2.48e-06,2.43e-06,3.09e-06,103405906.1005409,280.50911468346897,15411,tt-btc
402,1558368000,2.35e-06,2.57e-06,2.25e-06,2.75e-06,86698888.76611927,218.8530635064,13979,tt-btc
403,1558281600,2.44e-06,2.36e-06,2.3e-06,2.46e-06,75282644.61615437,179.3765628173,10827,tt-btc
404,1558195200,2.63e-06,2.44e-06,2.38e-06,2.69e-06,79389947.19710006,198.6434432985,9698,tt-btc
405,1558108800,2.55e-06,2.63e-06,2.41e-06,2.71e-06,91696156.59390482,232.6921206939,11746,tt-btc
406,1558022400,2.48e-06,2.56e-06,2.35e-06,2.65e-06,47332125.120810255,117.2590826515,11331,tt-btc
407,1557936000,2.64e-06,2.47e-06,2.41e-06,2.78e-06,105196310.0064322,274.1806927137,12010,tt-btc
408,1557849600,2.61e-06,2.64e-06,2.47e-06,2.7e-06,71020598.43838231,184.8047707451,8328,tt-btc
409,1557763200,2.85e-06,2.6e-06,2.52e-06,3.1e-06,61453273.64663238,164.9249468152421,5534,tt-btc
410,1557676800,2.9e-06,2.84e-06,2.47e-06,3.6e-06,129775109.78551695,396.06535314235055,15475,tt-btc
411,1557590400,3.7e-06,2.89e-06,2.74e-06,3.77e-06,58106873.23331641,182.6613758493,7092,tt-btc
412,1557504000,4.97e-06,3.71e-06,3.4e-06,5.14e-06,103660320.06991257,410.76507134849953,10146,tt-btc
413,1557417600,4.91e-06,4.97e-06,4.45e-06,6.04e-06,201179383.93834656,1024.967141388737,18979,tt-btc
414,1557331200,2.47e-06,4.88e-06,2.47e-06,1.147e-05,158350099.5891673,938.7977862139419,13597,tt-btc
