,time,volume,close,high,low,open,market_name
0,1556064000000,22350890.163596,0.00015,0.000393,9.961e-05,9.961e-05,cnns-_eth
1,1556150400000,6521794.0353811,0.00011202,0.00015899,0.000105,0.00015081,cnns-_eth
2,1556236800000,3361162.9365261,8.02e-05,0.0001191,7.501e-05,0.0001069,cnns-_eth
3,1556323200000,2761472.4073127,7.74e-05,8.997e-05,7.507e-05,8.021e-05,cnns-_eth
4,1556409600000,3089525.9247061,7.549e-05,8.445e-05,6.975e-05,7.692e-05,cnns-_eth
5,1556496000000,2061764.4556798,7.8e-05,7.97e-05,7.25e-05,7.563e-05,cnns-_eth
6,1556582400000,11926829.975688,6.672e-05,7.99e-05,6.57e-05,7.81e-05,cnns-_eth
7,1556668800000,10285084.578988,6.976e-05,7.203e-05,6.67e-05,6.675e-05,cnns-_eth
8,1556755200000,4251831.8014975,6.76e-05,7.128e-05,6.625e-05,6.916e-05,cnns-_eth
9,1556841600000,2367259.951116,6.909e-05,7.386e-05,6.659e-05,6.76e-05,cnns-_eth
10,1556928000000,644372.55297917,6.99e-05,7.083e-05,6.676e-05,6.913e-05,cnns-_eth
11,1557014400000,674550.19677592,7.007e-05,7.253e-05,6.81e-05,6.813e-05,cnns-_eth
12,1557100800000,2892639.686196,6.1e-05,7.52e-05,5.897e-05,6.999e-05,cnns-_eth
13,1557187200000,3971877.3574428,4.293e-05,6.165e-05,2.826e-05,6.018e-05,cnns-_eth
14,1557273600000,4757941.1919874,4.61e-05,4.779e-05,4.172e-05,4.43e-05,cnns-_eth
15,1557360000000,4693801.7882657,4.103e-05,5.1e-05,3.69e-05,4.666e-05,cnns-_eth
16,1557446400000,6693468.7538043,3.989e-05,5.021e-05,3.677e-05,4.56e-05,cnns-_eth
17,1557532800000,2539172.5208785,3.656e-05,4.27e-05,3.369e-05,4.017e-05,cnns-_eth
18,1557619200000,1904589.5246007,3.749e-05,3.98e-05,3.36e-05,3.728e-05,cnns-_eth
19,1557705600000,2139019.2151242,3.636e-05,3.88e-05,3.44e-05,3.684e-05,cnns-_eth
20,1557792000000,1844875.8060521,3.524e-05,3.637e-05,3.236e-05,3.632e-05,cnns-_eth
21,1557878400000,1783423.1219836,3.19e-05,3.723e-05,3.18e-05,3.557e-05,cnns-_eth
22,1557964800000,2474031.2070764,2.747e-05,3.284e-05,2.641e-05,3.19e-05,cnns-_eth
23,1558051200000,1166744.511719,3.237e-05,3.237e-05,2.7e-05,2.7e-05,cnns-_eth
24,1558137600000,262066.28127341,3.14e-05,3.29e-05,2.98e-05,3.2e-05,cnns-_eth
25,1558224000000,849214.74227815,2.831e-05,3.17e-05,2.81e-05,3.12e-05,cnns-_eth
26,1558310400000,1718392.650351,3.535e-05,3.63e-05,2.84e-05,2.84e-05,cnns-_eth
27,1558396800000,4696403.9283835,3.478e-05,4.3e-05,3.11e-05,3.51e-05,cnns-_eth
28,1558483200000,2121815.6149201,3.17e-05,3.999e-05,3.11e-05,3.33e-05,cnns-_eth
29,1558569600000,1876094.1421489,3.32e-05,3.468e-05,3.042e-05,3.161e-05,cnns-_eth
30,1558656000000,862950.4519346,3.273e-05,3.54e-05,3.24e-05,3.33e-05,cnns-_eth
31,1558742400000,936297.28696191,3.18e-05,3.407e-05,3.16e-05,3.28e-05,cnns-_eth
32,1558828800000,2162306.2427505,3.03e-05,3.312e-05,2.88e-05,3.18e-05,cnns-_eth
33,1558915200000,2492870.104293,3.41e-05,3.78e-05,2.93e-05,3.03e-05,cnns-_eth
34,1559001600000,707485.26885923,3.36e-05,3.644e-05,3.101e-05,3.41e-05,cnns-_eth
35,1559088000000,470695.88526376,3.29e-05,3.471e-05,3.15e-05,3.36e-05,cnns-_eth
36,1559174400000,1042789.9985061,3.197e-05,3.747e-05,3.068e-05,3.29e-05,cnns-_eth
37,1559260800000,791735.92319122,3.039e-05,3.264e-05,2.89e-05,3.19e-05,cnns-_eth
38,1559347200000,203061.30113258,2.98e-05,3.164e-05,2.9e-05,3.04e-05,cnns-_eth
39,1559433600000,702497.98627522,2.92e-05,3.046e-05,2.88e-05,2.98e-05,cnns-_eth
40,1559520000000,1802791.1746441,3.147e-05,3.148e-05,2.66e-05,2.95e-05,cnns-_eth
41,1559606400000,1453586.8507661,3.09e-05,3.31e-05,2.98e-05,3.146e-05,cnns-_eth
42,1559692800000,518044.96095494,3.24e-05,3.33e-05,3.08e-05,3.09e-05,cnns-_eth
43,1559779200000,409729.6863087,3.13e-05,3.303e-05,3.11e-05,3.25e-05,cnns-_eth
44,1559865600000,353687.67170839,3.14e-05,3.22e-05,3.09e-05,3.158e-05,cnns-_eth
45,1559952000000,255191.48795733,3.201e-05,3.27e-05,3.12e-05,3.14e-05,cnns-_eth
46,1560038400000,743873.45894839,3.3e-05,3.57e-05,3.201e-05,3.201e-05,cnns-_eth
47,1560124800000,498969.40873875,3.14e-05,3.4e-05,3.14e-05,3.354e-05,cnns-_eth
48,1560211200000,503218.56065177,3.141e-05,3.268e-05,3.1e-05,3.13e-05,cnns-_eth
49,1560297600000,997689.20464645,2.95e-05,3.255e-05,2.95e-05,3.141e-05,cnns-_eth
50,1560384000000,447126.81017651,2.99e-05,3.058e-05,2.93e-05,2.95e-05,cnns-_eth
51,1560470400000,194429.41788735,2.9e-05,3.04e-05,2.9e-05,2.99e-05,cnns-_eth
52,1560556800000,1651014.4568227,2.97e-05,3.27e-05,2.83e-05,2.89e-05,cnns-_eth
53,1560643200000,618845.13355857,2.88e-05,3.1e-05,2.83e-05,2.83e-05,cnns-_eth
54,1560729600000,296504.48005614,2.841e-05,2.952e-05,2.81e-05,2.87e-05,cnns-_eth
55,1560816000000,736647.41020313,2.95e-05,3.06e-05,2.841e-05,2.841e-05,cnns-_eth
56,1560902400000,4718433.8029812,3.704e-05,3.83e-05,2.925e-05,2.94e-05,cnns-_eth
57,1560988800000,5402850.6413075,3.197e-05,4.269e-05,3.09e-05,3.797e-05,cnns-_eth
58,1561075200000,2120420.3451453,3.52e-05,3.917e-05,2.902e-05,3.227e-05,cnns-_eth
59,1561161600000,1495146.2386032,2.945e-05,3.506e-05,2.89e-05,3.438e-05,cnns-_eth
60,1561248000000,562530.23852385,2.91e-05,3.296e-05,2.82e-05,2.917e-05,cnns-_eth
61,1561334400000,425218.01634189,2.75e-05,3.016e-05,2.75e-05,2.876e-05,cnns-_eth
62,1561420800000,660254.25156736,2.572e-05,2.751e-05,2.5e-05,2.751e-05,cnns-_eth
63,1561507200000,1086467.9737165,2.323e-05,2.553e-05,2.2e-05,2.553e-05,cnns-_eth
64,1561593600000,1118850.5915104,2.64e-05,2.64e-05,2.282e-05,2.282e-05,cnns-_eth
65,1561680000000,75493.62004567,2.577e-05,2.866e-05,2.53e-05,2.595e-05,cnns-_eth
66,1561766400000,80404.73184744,2.413e-05,2.628e-05,2.17e-05,2.616e-05,cnns-_eth
67,1561852800000,76056.626000449,2.739e-05,2.81e-05,2.411e-05,2.463e-05,cnns-_eth
68,1561939200000,72837.45009764,2.652e-05,2.739e-05,2.624e-05,2.739e-05,cnns-_eth
69,1562025600000,282736.73932785,2.78e-05,3.002e-05,2.657e-05,2.657e-05,cnns-_eth
70,1562112000000,285700.95000419,2.771e-05,2.81e-05,2.621e-05,2.78e-05,cnns-_eth
71,1562198400000,36258.91114866,2.771e-05,2.771e-05,2.633e-05,2.642e-05,cnns-_eth
72,1562284800000,1323567.3860996,2.81e-05,2.99e-05,2.678e-05,2.71e-05,cnns-_eth
73,1562371200000,728007.06892181,2.75e-05,3e-05,2.733e-05,2.81e-05,cnns-_eth
74,1562457600000,495486.4259482,2.608e-05,2.988e-05,2.6e-05,2.74e-05,cnns-_eth
75,1562544000000,168307.90122883,2.56e-05,2.735e-05,2.56e-05,2.624e-05,cnns-_eth
76,1562630400000,472409.19497071,2.9e-05,3.033e-05,2.5e-05,2.598e-05,cnns-_eth
77,1562716800000,889667.00606818,2.802e-05,3.008e-05,2.721e-05,2.9e-05,cnns-_eth
78,1562803200000,583768.59612483,3.1e-05,3.16e-05,2.814e-05,2.814e-05,cnns-_eth
79,1562889600000,3118142.5773907,3.249e-05,3.69e-05,3.042e-05,3.174e-05,cnns-_eth
80,1562976000000,10730960.761334,3.887e-05,4.26e-05,3.012e-05,3.249e-05,cnns-_eth
81,1563062400000,6842148.2375166,5.316e-05,5.411e-05,3.884e-05,3.884e-05,cnns-_eth
82,1563148800000,7704670.1897174,6.94e-05,7.413e-05,4.845e-05,5.312e-05,cnns-_eth
83,1563235200000,6678173.1437003,6.847e-05,7.62e-05,5.353e-05,6.945e-05,cnns-_eth
84,1563321600000,2293827.1237825,6.964e-05,8.1e-05,6.274e-05,6.731e-05,cnns-_eth
85,1563408000000,2620675.0032198,7.025e-05,7.586e-05,6.583e-05,7.153e-05,cnns-_eth
86,1563494400000,0.0,7.025e-05,7.025e-05,7.025e-05,7.025e-05,cnns-_eth
87,1563580800000,781350.61247944,4.103e-05,4.952e-05,4.102e-05,4.467e-05,cnns-_eth
88,1563667200000,2036167.2170269,3.848e-05,4.122e-05,3.673e-05,4.101e-05,cnns-_eth
89,1563753600000,320767.8562865,3.828e-05,3.885e-05,3.773e-05,3.846e-05,cnns-_eth
90,1563840000000,852782.22879701,3.85e-05,4.033e-05,3.721e-05,3.8e-05,cnns-_eth
91,1563926400000,1015237.3266853,3.723e-05,4.03e-05,3.721e-05,3.969e-05,cnns-_eth
92,1564012800000,760216.75646237,3.833e-05,3.833e-05,3.502e-05,3.756e-05,cnns-_eth
93,1564099200000,547652.88614988,4.12e-05,4.263e-05,3.832e-05,3.832e-05,cnns-_eth
94,1564185600000,436894.56025486,3.983e-05,4.144e-05,3.84e-05,4.12e-05,cnns-_eth
95,1564272000000,346444.90717753,3.991e-05,4.222e-05,3.912e-05,4.067e-05,cnns-_eth
96,1564358400000,121708.00760625,3.864e-05,4.079e-05,3.841e-05,4.061e-05,cnns-_eth
97,1564444800000,146600.68882178,3.869e-05,3.989e-05,3.833e-05,3.908e-05,cnns-_eth
98,1564531200000,156245.7582181,3.76e-05,3.891e-05,3.756e-05,3.857e-05,cnns-_eth
99,1564617600000,162468.08163067,3.711e-05,3.91e-05,3.682e-05,3.76e-05,cnns-_eth
100,1564704000000,410493.79991704,3.59e-05,3.833e-05,3.51e-05,3.72e-05,cnns-_eth
101,1564790400000,303226.75703207,3.54e-05,3.596e-05,3.46e-05,3.59e-05,cnns-_eth
102,1564876800000,437706.45625031,3.326e-05,3.63e-05,3.004e-05,3.55e-05,cnns-_eth
103,1564963200000,460567.43977938,3.23e-05,3.391e-05,3.043e-05,3.376e-05,cnns-_eth
104,1565049600000,162348.50348421,3.179e-05,3.265e-05,3.1e-05,3.24e-05,cnns-_eth
105,1565136000000,208200.98654206,3.21e-05,3.34e-05,3.115e-05,3.163e-05,cnns-_eth
106,1565222400000,108368.40066551,3.202e-05,3.318e-05,3.111e-05,3.2e-05,cnns-_eth
107,1565308800000,81480.6080517,3.338e-05,3.43e-05,3.12e-05,3.203e-05,cnns-_eth
108,1565395200000,317729.77552724,3.417e-05,3.64e-05,3.263e-05,3.3e-05,cnns-_eth
109,1565481600000,67223.70225756,3.33e-05,3.48e-05,3.27e-05,3.37e-05,cnns-_eth
110,1565568000000,56570.8694676,3.38e-05,3.424e-05,3.331e-05,3.331e-05,cnns-_eth
111,1565654400000,394360.16786834,3.351e-05,3.469e-05,3.301e-05,3.38e-05,cnns-_eth
112,1565740800000,755922.62512778,3.69e-05,3.81e-05,3.311e-05,3.341e-05,cnns-_eth
113,1565827200000,219288.22518232,3.661e-05,3.975e-05,3.66e-05,3.66e-05,cnns-_eth
114,1565913600000,85671.38019521,3.69e-05,3.871e-05,3.62e-05,3.68e-05,cnns-_eth
115,1566000000000,68213.86732865,3.69e-05,3.73e-05,3.68e-05,3.69e-05,cnns-_eth
116,1566086400000,69532.54188619,3.66e-05,3.877e-05,3.63e-05,3.68e-05,cnns-_eth
117,1566172800000,243744.51361629,3.41e-05,3.66e-05,3.4e-05,3.651e-05,cnns-_eth
118,1566259200000,164370.32515204,3.48e-05,3.54e-05,3.4e-05,3.4e-05,cnns-_eth
119,1566345600000,218303.86801706,3.743e-05,3.88e-05,3.49e-05,3.5e-05,cnns-_eth
120,1566432000000,108104.18307091,3.59e-05,3.84e-05,3.56e-05,3.754e-05,cnns-_eth
121,1566518400000,28041.9782,3.57e-05,3.805e-05,3.54e-05,3.602e-05,cnns-_eth
122,1566604800000,50892.050974616,3.63e-05,3.66e-05,3.53e-05,3.57e-05,cnns-_eth
123,1566691200000,11139.57910087,3.71e-05,3.85e-05,3.621e-05,3.63e-05,cnns-_eth
124,1566777600000,19526.964,3.74e-05,3.871e-05,3.621e-05,3.7e-05,cnns-_eth
125,1566864000000,1578367.7602079,4.588e-05,4.71e-05,3.75e-05,3.77e-05,cnns-_eth
126,1566950400000,488949.76366324,4.386e-05,4.69e-05,4.12e-05,4.371e-05,cnns-_eth
127,1567036800000,942745.386295,4.5e-05,4.79e-05,4.23e-05,4.38e-05,cnns-_eth
128,1567123200000,185143.86273384,4.52e-05,4.764e-05,4.391e-05,4.5e-05,cnns-_eth
129,1567209600000,158271.3977906,4.39e-05,4.67e-05,4.39e-05,4.51e-05,cnns-_eth
130,1567296000000,214274.02488631,4.38e-05,4.55e-05,4.34e-05,4.39e-05,cnns-_eth
131,1567382400000,232171.56982974,4.2e-05,4.41e-05,4.17e-05,4.37e-05,cnns-_eth
132,1567468800000,80262.85986325,4.24e-05,4.413e-05,4.15e-05,4.28e-05,cnns-_eth
133,1567555200000,152538.41756994,4.27e-05,4.39e-05,4.159e-05,4.25e-05,cnns-_eth
134,1567641600000,48177.3605,4.27e-05,4.446e-05,4.217e-05,4.27e-05,cnns-_eth
135,1567728000000,182958.07213222,4.454e-05,4.454e-05,4.18e-05,4.26e-05,cnns-_eth
136,1567814400000,141249.72694472,4.151e-05,4.42e-05,4.116e-05,4.361e-05,cnns-_eth
137,1567900800000,560742.1394818,4.12e-05,4.19e-05,4.06e-05,4.183e-05,cnns-_eth
138,1567987200000,224228.03610463,4.221e-05,4.509e-05,4.13e-05,4.13e-05,cnns-_eth
139,1568073600000,32385.12567742,4.141e-05,4.249e-05,4.111e-05,4.222e-05,cnns-_eth
140,1568160000000,62187.346516,4.23e-05,4.285e-05,4.11e-05,4.14e-05,cnns-_eth
141,1568246400000,66928.779355719,4.16e-05,4.32e-05,4.16e-05,4.201e-05,cnns-_eth
142,1568332800000,63322.06561693,4.26e-05,4.354e-05,4.24e-05,4.24e-05,cnns-_eth
143,1568419200000,304704.89678572,4e-05,4.309e-05,4e-05,4.309e-05,cnns-_eth
144,1568505600000,51451.35361572,3.96e-05,4.061e-05,3.949e-05,4e-05,cnns-_eth
145,1568592000000,75937.86303736,3.79e-05,3.95e-05,3.77e-05,3.95e-05,cnns-_eth
146,1568678400000,138664.18574221,3.6e-05,3.806e-05,3.51e-05,3.78e-05,cnns-_eth
147,1568764800000,61240.254000003,3.51e-05,3.6e-05,3.47e-05,3.583e-05,cnns-_eth
148,1568851200000,128018.31562593,3.341e-05,3.64e-05,3.34e-05,3.55e-05,cnns-_eth
149,1568937600000,97451.41648278,3.446e-05,3.55e-05,3.35e-05,3.35e-05,cnns-_eth
150,1569024000000,83795.46975278,3.432e-05,3.56e-05,3.38e-05,3.42e-05,cnns-_eth
151,1569110400000,55351.186697431,3.56e-05,3.63e-05,3.44e-05,3.44e-05,cnns-_eth
152,1569196800000,57521.97173955,3.76e-05,3.762e-05,3.55e-05,3.55e-05,cnns-_eth
153,1569283200000,1603853.0024341,4.26e-05,4.89e-05,3.75e-05,3.75e-05,cnns-_eth
154,1569369600000,1018036.0354252,3.96e-05,4.62e-05,3.91e-05,4.341e-05,cnns-_eth
155,1569456000000,262706.95644717,3.92e-05,4.104e-05,3.694e-05,4.018e-05,cnns-_eth
156,1569542400000,46204.79469006,3.67e-05,3.94e-05,3.543e-05,3.93e-05,cnns-_eth
157,1569628800000,102297.15903619,3.68e-05,3.994e-05,3.58e-05,3.72e-05,cnns-_eth
158,1569715200000,192116.79661932,3.735e-05,3.92e-05,3.68e-05,3.683e-05,cnns-_eth
159,1569801600000,170538.68332887,3.621e-05,4e-05,3.621e-05,3.75e-05,cnns-_eth
160,1569888000000,270068.4254951,3.62e-05,3.75e-05,3.51e-05,3.66e-05,cnns-_eth
161,1569974400000,29053.00409513,3.5e-05,3.63e-05,3.48e-05,3.63e-05,cnns-_eth
162,1570060800000,47195.69826182,3.54e-05,3.608e-05,3.44e-05,3.49e-05,cnns-_eth
163,1570147200000,39239.25057759,3.515e-05,3.644e-05,3.44e-05,3.533e-05,cnns-_eth
164,1570233600000,13017.0,3.46e-05,3.53e-05,3.46e-05,3.52e-05,cnns-_eth
165,1570320000000,20151.57527462,3.56e-05,3.609e-05,3.45e-05,3.47e-05,cnns-_eth
166,1570406400000,42176.1889,3.44e-05,3.58e-05,3.41e-05,3.56e-05,cnns-_eth
167,1570492800000,40380.29355974,3.42e-05,3.47e-05,3.37e-05,3.459e-05,cnns-_eth
168,1570579200000,53631.70071523,3.41e-05,3.589e-05,3.33e-05,3.43e-05,cnns-_eth
169,1570665600000,105667.16557009,3.311e-05,3.53e-05,3.311e-05,3.38e-05,cnns-_eth
170,1570752000000,77115.57644374,3.361e-05,3.401e-05,3.199e-05,3.343e-05,cnns-_eth
171,1570838400000,51201.6975,3.36e-05,3.428e-05,3.281e-05,3.361e-05,cnns-_eth
172,1570924800000,22334.57546998,3.3e-05,3.37e-05,3.29e-05,3.37e-05,cnns-_eth
173,1571011200000,27497.11946504,3.24e-05,3.315e-05,3.21e-05,3.31e-05,cnns-_eth
174,1571097600000,12838.3640166,3.33e-05,3.35e-05,3.21e-05,3.22e-05,cnns-_eth
175,1571184000000,26963.95,3.45e-05,3.46e-05,3.321e-05,3.33e-05,cnns-_eth
176,1571270400000,23948.2,3.48e-05,3.49e-05,3.38e-05,3.45e-05,cnns-_eth
177,1571356800000,24854.7218,3.471e-05,3.51e-05,3.43e-05,3.49e-05,cnns-_eth
178,1571443200000,27036.2308,3.51e-05,3.54e-05,3.47e-05,3.5e-05,cnns-_eth
179,1571529600000,14522.646,3.45e-05,3.594e-05,3.43e-05,3.51e-05,cnns-_eth
180,1571616000000,33738.35983153,3.45e-05,3.478e-05,3.14e-05,3.45e-05,cnns-_eth
181,1571702400000,45243.07,3.49e-05,3.492e-05,3.44e-05,3.45e-05,cnns-_eth
182,1571788800000,225378.93294458,3.62e-05,3.82e-05,2.953e-05,3.487e-05,cnns-_eth
183,1571875200000,693568.90500137,3.785e-05,4.29e-05,3.59e-05,3.59e-05,cnns-_eth
184,1571961600000,734581.37686487,3.549e-05,4.03e-05,3.29e-05,3.84e-05,cnns-_eth
185,1572048000000,501455.66026196,3.52e-05,3.687e-05,3.331e-05,3.687e-05,cnns-_eth
186,1572134400000,415146.76012941,3.51e-05,3.614e-05,3.33e-05,3.53e-05,cnns-_eth
187,1572220800000,307037.62335329,3.57e-05,3.71e-05,3.45e-05,3.55e-05,cnns-_eth
188,1572307200000,214811.34267512,3.34e-05,3.66e-05,3.322e-05,3.545e-05,cnns-_eth
189,1572393600000,448740.44548193,3.53e-05,3.82e-05,3.35e-05,3.35e-05,cnns-_eth
190,1572480000000,183838.36347474,3.51e-05,3.58e-05,3.46e-05,3.53e-05,cnns-_eth
191,1572566400000,138033.14898719,3.51e-05,3.63e-05,3.5e-05,3.51e-05,cnns-_eth
192,1572652800000,285445.34192338,3.54e-05,3.74e-05,3.46e-05,3.51e-05,cnns-_eth
193,1572739200000,196552.26312564,3.5e-05,3.54e-05,3.43e-05,3.54e-05,cnns-_eth
194,1572825600000,240610.04585088,3.331e-05,3.51e-05,3.303e-05,3.5e-05,cnns-_eth
195,1572912000000,185414.40947612,3.3e-05,3.447e-05,3.28e-05,3.34e-05,cnns-_eth
196,1572998400000,253792.61696542,3.24e-05,3.291e-05,3.18e-05,3.291e-05,cnns-_eth
197,1573084800000,275493.67046686,3.35e-05,3.388e-05,3.231e-05,3.24e-05,cnns-_eth
198,1573171200000,155964.33451148,3.282e-05,3.35e-05,3.23e-05,3.341e-05,cnns-_eth
199,1573257600000,169664.56773473,3.27e-05,3.4e-05,3.24e-05,3.254e-05,cnns-_eth
200,1573344000000,179355.78570443,3.233e-05,3.3e-05,3.2e-05,3.28e-05,cnns-_eth
201,1573430400000,129392.78220291,3.24e-05,3.247e-05,3.126e-05,3.192e-05,cnns-_eth
202,1573516800000,137260.55701909,3.19e-05,3.252e-05,3.17e-05,3.24e-05,cnns-_eth
203,1573603200000,250584.86436697,3.072e-05,3.24e-05,3.072e-05,3.19e-05,cnns-_eth
204,1573689600000,186720.32977264,3.2e-05,3.229e-05,3.08e-05,3.141e-05,cnns-_eth
205,1573776000000,231453.88597573,3.29e-05,3.48e-05,3.16e-05,3.2e-05,cnns-_eth
206,1573862400000,213914.55251632,3.2e-05,3.329e-05,3.143e-05,3.29e-05,cnns-_eth
207,1573948800000,473678.49546511,3.16e-05,3.56e-05,3.021e-05,3.21e-05,cnns-_eth
208,1574035200000,454005.4919553,3.179e-05,3.53e-05,3.021e-05,3.161e-05,cnns-_eth
209,1574121600000,298514.58753119,3.03e-05,3.205e-05,2.934e-05,3.16e-05,cnns-_eth
210,1574208000000,160245.97240268,2.992e-05,3.09e-05,2.96e-05,3.03e-05,cnns-_eth
211,1574294400000,226161.5479312,3.13e-05,3.19e-05,2.93e-05,3e-05,cnns-_eth
212,1574380800000,485557.34592714,3.14e-05,3.49e-05,3.058e-05,3.14e-05,cnns-_eth
213,1574467200000,184332.06347097,3.226e-05,3.289e-05,3.123e-05,3.2e-05,cnns-_eth
214,1574553600000,56724.66979126,3.27e-05,3.4e-05,3.188e-05,3.191e-05,cnns-_eth
215,1574640000000,266754.88860155,3.312e-05,3.679e-05,3.26e-05,3.315e-05,cnns-_eth
216,1574726400000,70138.87708173,3.278e-05,3.34e-05,3.255e-05,3.31e-05,cnns-_eth
217,1574812800000,147325.87903735,3.3e-05,3.502e-05,3.27e-05,3.283e-05,cnns-_eth
218,1574899200000,145865.86921216,3.271e-05,3.337e-05,3.15e-05,3.304e-05,cnns-_eth
219,1574985600000,374024.69639798,3.394e-05,3.7e-05,3.15e-05,3.27e-05,cnns-_eth
220,1575072000000,296910.07758485,3.2e-05,3.411e-05,3.12e-05,3.326e-05,cnns-_eth
221,1575158400000,151249.95464198,3.176e-05,3.22e-05,3.14e-05,3.188e-05,cnns-_eth
222,1575244800000,125126.50876939,3.25e-05,3.32e-05,3.14e-05,3.16e-05,cnns-_eth
223,1575331200000,70226.03882933,3.281e-05,3.37e-05,3.24e-05,3.25e-05,cnns-_eth
224,1575417600000,183496.98470924,3.29e-05,3.301e-05,3.19e-05,3.295e-05,cnns-_eth
225,1575504000000,72226.99107601,3.231e-05,3.33e-05,3.22e-05,3.32e-05,cnns-_eth
226,1575590400000,82200.176398275,3.22e-05,3.25e-05,3.21e-05,3.24e-05,cnns-_eth
227,1575676800000,104694.53690439,3.23e-05,3.253e-05,3.22e-05,3.234e-05,cnns-_eth
228,1575763200000,120514.06694875,3.19e-05,3.32e-05,3.17e-05,3.22e-05,cnns-_eth
229,1575849600000,86031.3918,3.19e-05,3.22e-05,3.17e-05,3.2e-05,cnns-_eth
230,1575936000000,48341.48488,3.34e-05,3.34e-05,3.19e-05,3.19e-05,cnns-_eth
231,1576022400000,74993.014376659,3.3e-05,3.4e-05,3.25e-05,3.31e-05,cnns-_eth
232,1576108800000,66376.26248207,3.24e-05,3.39e-05,3.24e-05,3.3e-05,cnns-_eth
233,1576195200000,95660.40604412,3.241e-05,3.302e-05,3.24e-05,3.252e-05,cnns-_eth
234,1576281600000,73551.60722627,3.26e-05,3.265e-05,3.221e-05,3.24e-05,cnns-_eth
235,1576368000000,66380.12835004,3.26e-05,3.28e-05,3.26e-05,3.28e-05,cnns-_eth
236,1576454400000,150972.48387858,3.481e-05,3.578e-05,3.262e-05,3.28e-05,cnns-_eth
237,1576540800000,659068.77652496,3.82e-05,3.82e-05,3.45e-05,3.48e-05,cnns-_eth
238,1576627200000,282780.00159824,3.58e-05,3.9e-05,3.46e-05,3.68e-05,cnns-_eth
239,1576713600000,151116.58272382,3.59e-05,3.64e-05,3.46e-05,3.51e-05,cnns-_eth
240,1576800000000,140514.94160651,3.55e-05,3.64e-05,3.53e-05,3.56e-05,cnns-_eth
241,1576886400000,97564.73286272,3.61e-05,3.63e-05,3.57e-05,3.598e-05,cnns-_eth
242,1576972800000,118673.40454246,3.706e-05,3.867e-05,3.589e-05,3.61e-05,cnns-_eth
243,1577059200000,138847.59174149,3.6e-05,3.655e-05,3.47e-05,3.63e-05,cnns-_eth
244,1577145600000,92562.91881175,3.65e-05,3.69e-05,3.6e-05,3.6e-05,cnns-_eth
245,1577232000000,333202.63451324,3.918e-05,3.96e-05,3.65e-05,3.65e-05,cnns-_eth
246,1577318400000,171981.63032339,3.9e-05,4.03e-05,3.83e-05,3.851e-05,cnns-_eth
247,1577404800000,112569.66847671,3.88e-05,3.941e-05,3.809e-05,3.91e-05,cnns-_eth
248,1577491200000,84533.67434029,3.8e-05,3.88e-05,3.8e-05,3.88e-05,cnns-_eth
249,1577577600000,135949.8335921,3.73e-05,4.05e-05,3.73e-05,3.81e-05,cnns-_eth
250,1577664000000,81898.1429,3.86e-05,3.893e-05,3.7e-05,3.74e-05,cnns-_eth
251,1577750400000,76140.37233979,3.86e-05,3.923e-05,3.794e-05,3.89e-05,cnns-_eth
252,1577836800000,735564.09705445,4.26e-05,4.36e-05,3.77e-05,3.861e-05,cnns-_eth
253,1577923200000,784176.95022519,3.86e-05,4.54e-05,3.82e-05,4.262e-05,cnns-_eth
254,1578009600000,641394.43457448,3.64e-05,3.89e-05,3.61e-05,3.86e-05,cnns-_eth
255,1578096000000,363405.02009501,3.47e-05,3.7e-05,3.42e-05,3.671e-05,cnns-_eth
256,1578182400000,247233.34046416,3.42e-05,3.496e-05,3.35e-05,3.46e-05,cnns-_eth
257,1578268800000,227935.8430452,3.27e-05,3.41e-05,3.26e-05,3.41e-05,cnns-_eth
258,1578355200000,127056.00210853,3.294e-05,3.4e-05,3.26e-05,3.283e-05,cnns-_eth
259,1578441600000,126725.49345381,3.32e-05,3.37e-05,3.207e-05,3.29e-05,cnns-_eth
260,1578528000000,57071.9063247,3.329e-05,3.365e-05,3.28e-05,3.33e-05,cnns-_eth
261,1578614400000,85886.5046,3.24e-05,3.38e-05,3.24e-05,3.335e-05,cnns-_eth
262,1578700800000,140437.6173,3.19e-05,3.258e-05,3.12e-05,3.25e-05,cnns-_eth
263,1578787200000,86797.5846491,3.2e-05,3.25e-05,3.19e-05,3.2e-05,cnns-_eth
264,1578873600000,56488.67387686,3.18e-05,3.24e-05,3.173e-05,3.19e-05,cnns-_eth
265,1578960000000,273704.47360284,2.762e-05,3.18e-05,2.76e-05,3.18e-05,cnns-_eth
266,1579046400000,123295.16542841,2.89e-05,2.92e-05,2.751e-05,2.783e-05,cnns-_eth
267,1579132800000,61088.04627094,2.88e-05,2.95e-05,2.85e-05,2.88e-05,cnns-_eth
268,1579219200000,482653.70791894,2.797e-05,2.836e-05,2.75e-05,2.823e-05,cnns-_eth
269,1579305600000,636228.94548382,2.68e-05,2.828e-05,2.67e-05,2.77e-05,cnns-_eth
270,1579392000000,129998.92345846,2.76e-05,2.797e-05,2.64e-05,2.673e-05,cnns-_eth
271,1579478400000,103872.03386319,2.68e-05,2.783e-05,2.67e-05,2.7e-05,cnns-_eth
272,1579564800000,70034.19,2.71e-05,2.767e-05,2.676e-05,2.71e-05,cnns-_eth
273,1579651200000,79619.3777,2.7e-05,2.73e-05,2.65e-05,2.71e-05,cnns-_eth
274,1579737600000,170966.44490663,2.86e-05,2.891e-05,2.7e-05,2.7e-05,cnns-_eth
275,1579824000000,65644.16190473,2.87e-05,2.97e-05,2.84e-05,2.85e-05,cnns-_eth
276,1579910400000,96045.9788,2.91e-05,2.94e-05,2.87e-05,2.92e-05,cnns-_eth
277,1579996800000,74571.24518204,2.76e-05,2.92e-05,2.76e-05,2.91e-05,cnns-_eth
278,1580083200000,57598.900276,2.787e-05,2.83e-05,2.752e-05,2.76e-05,cnns-_eth
279,1580169600000,83260.17382788,2.74e-05,2.777e-05,2.74e-05,2.75e-05,cnns-_eth
280,1580256000000,91954.8973,2.69e-05,2.74e-05,2.662e-05,2.732e-05,cnns-_eth
281,1580342400000,103030.5455,2.59e-05,2.74e-05,2.58e-05,2.74e-05,cnns-_eth
282,1580428800000,186107.69815204,2.6e-05,2.693e-05,2.58e-05,2.59e-05,cnns-_eth
283,1580515200000,99890.649573,2.671e-05,2.68e-05,2.59e-05,2.63e-05,cnns-_eth
284,1580601600000,197641.48033668,2.73e-05,2.94e-05,2.67e-05,2.68e-05,cnns-_eth
285,1580688000000,101784.148262,2.7e-05,2.77e-05,2.68e-05,2.755e-05,cnns-_eth
286,1580774400000,95898.9929,2.56e-05,2.7e-05,2.56e-05,2.7e-05,cnns-_eth
287,1580860800000,80644.75272306,2.42e-05,2.564e-05,2.23e-05,2.56e-05,cnns-_eth
288,1580947200000,101210.14034593,2.403e-05,2.502e-05,2.17e-05,2.45e-05,cnns-_eth
289,1581033600000,171194.4584865,2.5e-05,2.574e-05,2.39e-05,2.4e-05,cnns-_eth
290,1581120000000,240993.19107092,2.698e-05,2.789e-05,2.44e-05,2.51e-05,cnns-_eth
291,1581206400000,446309.51270798,2.48e-05,2.73e-05,2.2e-05,2.68e-05,cnns-_eth
292,1581292800000,124505.68114211,2.35e-05,2.529e-05,2.33e-05,2.5e-05,cnns-_eth
293,1581379200000,138704.845,2.26e-05,2.461e-05,2.241e-05,2.406e-05,cnns-_eth
294,1581465600000,180675.94637575,2.25e-05,2.46e-05,2.178e-05,2.25e-05,cnns-_eth
295,1581552000000,139081.96276758,2.15e-05,2.268e-05,2.07e-05,2.21e-05,cnns-_eth
296,1581638400000,187508.62384227,2.14e-05,2.36e-05,2.04e-05,2.178e-05,cnns-_eth
297,1581724800000,180773.438239,2.149e-05,2.2e-05,2.03e-05,2.14e-05,cnns-_eth
298,1581811200000,139040.76202886,1.96e-05,2.12e-05,1.915e-05,2.116e-05,cnns-_eth
299,1581897600000,55666.37067865,1.92e-05,2.023e-05,1.915e-05,2e-05,cnns-_eth
300,1581984000000,187227.05359005,1.841e-05,1.957e-05,1.799e-05,1.896e-05,cnns-_eth
301,1582070400000,47793.14303932,1.886e-05,1.931e-05,1.841e-05,1.841e-05,cnns-_eth
302,1582156800000,254871.79960059,1.868e-05,1.922e-05,1.83e-05,1.888e-05,cnns-_eth
303,1582243200000,24677.70573869,1.851e-05,1.938e-05,1.851e-05,1.891e-05,cnns-_eth
304,1582329600000,7888.36145,1.892e-05,1.892e-05,1.837e-05,1.837e-05,cnns-_eth
305,1582416000000,85667.17839704,1.924e-05,1.949e-05,1.906e-05,1.948e-05,cnns-_eth
306,1582502400000,4099.8699109,1.896e-05,1.896e-05,1.894e-05,1.894e-05,cnns-_eth
307,1582588800000,2193.0,1.887e-05,1.9e-05,1.831e-05,1.831e-05,cnns-_eth
308,1582675200000,437521.29916161,2.01e-05,2.011e-05,1.876e-05,1.876e-05,cnns-_eth
309,1582761600000,61402.6625,2e-05,2.052e-05,1.9e-05,2.039e-05,cnns-_eth
310,1582848000000,12946.69115573,2.007e-05,2.009e-05,1.908e-05,1.908e-05,cnns-_eth
311,1582934400000,3256.54,1.916e-05,1.916e-05,1.916e-05,1.916e-05,cnns-_eth
312,1583020800000,166972.906876,1.931e-05,2.001e-05,1.887e-05,1.941e-05,cnns-_eth
313,1583107200000,127647.53155769,1.808e-05,1.947e-05,1.808e-05,1.867e-05,cnns-_eth
314,1583193600000,34329.2308,1.897e-05,1.911e-05,1.836e-05,1.872e-05,cnns-_eth
315,1583280000000,8617.9256131,1.968e-05,1.968e-05,1.961e-05,1.961e-05,cnns-_eth
316,1583366400000,15483.602,1.991e-05,1.991e-05,1.923e-05,1.957e-05,cnns-_eth
317,1583452800000,11727.97977913,1.926e-05,1.926e-05,1.926e-05,1.926e-05,cnns-_eth
318,1583539200000,85828.441015094,1.871e-05,1.879e-05,1.8e-05,1.864e-05,cnns-_eth
319,1583625600000,53649.79964443,1.997e-05,1.998e-05,1.903e-05,1.903e-05,cnns-_eth
320,1583712000000,92714.47836,2.07e-05,2.131e-05,1.925e-05,2e-05,cnns-_eth
321,1583798400000,136966.07849683,2.03e-05,2.077e-05,2e-05,2.06e-05,cnns-_eth
322,1583884800000,126199.415553,2.13e-05,2.27e-05,2.01e-05,2.01e-05,cnns-_eth
323,1583971200000,1661988.5475591,2.027e-05,3.143e-05,1.674e-05,2.13e-05,cnns-_eth
324,1584057600000,246342.81296618,1.831e-05,2.329e-05,1.781e-05,2.02e-05,cnns-_eth
325,1584144000000,97405.10992865,1.999e-05,2.03e-05,1.826e-05,1.879e-05,cnns-_eth
326,1584230400000,46213.02151822,2.01e-05,2.077e-05,1.925e-05,1.997e-05,cnns-_eth
327,1584316800000,385057.68290731,2.161e-05,2.26e-05,1.962e-05,1.967e-05,cnns-_eth
328,1584403200000,57353.1398,2.131e-05,2.25e-05,2.082e-05,2.16e-05,cnns-_eth
329,1584489600000,74923.809108733,2.22e-05,2.23e-05,2.14e-05,2.23e-05,cnns-_eth
330,1584576000000,149961.42328368,2.1e-05,2.312e-05,2.07e-05,2.22e-05,cnns-_eth
331,1584662400000,162802.44218025,2.07e-05,2.35e-05,2.07e-05,2.11e-05,cnns-_eth
332,1584748800000,117686.0791,2.06e-05,2.192e-05,2.06e-05,2.07e-05,cnns-_eth
333,1584835200000,186835.35079256,2.08e-05,2.196e-05,2.03e-05,2.148e-05,cnns-_eth
334,1584921600000,210521.94656004,2.25e-05,2.25e-05,2.01e-05,2.09e-05,cnns-_eth
335,1585008000000,150103.21843789,2.08e-05,2.332e-05,2.08e-05,2.174e-05,cnns-_eth
336,1585094400000,162730.56795567,2.02e-05,2.17e-05,2.01e-05,2.082e-05,cnns-_eth
337,1585180800000,47459.62491505,2.002e-05,2.05e-05,2.002e-05,2.01e-05,cnns-_eth
338,1585267200000,12394.2805,2.01e-05,2.012e-05,2e-05,2.012e-05,cnns-_eth
339,1585353600000,30619.7653,1.992e-05,2.025e-05,1.955e-05,2.025e-05,cnns-_eth
340,1585440000000,4742.85,1.972e-05,1.972e-05,1.972e-05,1.972e-05,cnns-_eth
341,1585526400000,67534.83676846,2.05e-05,2.171e-05,2.008e-05,2.008e-05,cnns-_eth
342,1585612800000,64856.1079,1.995e-05,2.083e-05,1.979e-05,2.05e-05,cnns-_eth
343,1585699200000,472178.95279492,2e-05,2.039e-05,1.987e-05,1.99e-05,cnns-_eth
344,1585785600000,55267.315879512,1.885e-05,2e-05,1.885e-05,1.999e-05,cnns-_eth
345,1585872000000,53148.7092825,2.02e-05,2.082e-05,1.962e-05,1.962e-05,cnns-_eth
346,1585958400000,98288.06459999,2.01e-05,2.07e-05,2.01e-05,2.02e-05,cnns-_eth
347,1586044800000,58367.94088706,1.992e-05,2.1e-05,1.992e-05,2.01e-05,cnns-_eth
348,1586131200000,27966.28534704,1.945e-05,2e-05,1.945e-05,2e-05,cnns-_eth
349,1586217600000,74987.77250472,1.793e-05,1.793e-05,1.747e-05,1.747e-05,cnns-_eth
350,1586304000000,300.0,1.78e-05,1.78e-05,1.78e-05,1.78e-05,cnns-_eth
351,1586390400000,0.0,1.78e-05,1.78e-05,1.78e-05,1.78e-05,cnns-_eth
352,1586476800000,16803.11704625,1.824e-05,1.824e-05,1.729e-05,1.729e-05,cnns-_eth
353,1586563200000,379.708572,1.753e-05,1.753e-05,1.753e-05,1.753e-05,cnns-_eth
354,1586649600000,107.647274,1.745e-05,1.745e-05,1.745e-05,1.745e-05,cnns-_eth
355,1586736000000,25634.94570751,1.959e-05,1.959e-05,1.897e-05,1.897e-05,cnns-_eth
356,1586822400000,0.0,1.959e-05,1.959e-05,1.959e-05,1.959e-05,cnns-_eth
357,1586908800000,0.0,1.959e-05,1.959e-05,1.959e-05,1.959e-05,cnns-_eth
358,1586995200000,0.0,1.959e-05,1.959e-05,1.959e-05,1.959e-05,cnns-_eth
359,1587081600000,81525.53721452,1.795e-05,1.795e-05,1.69e-05,1.701e-05,cnns-_eth
360,1587168000000,5645.565912,1.65e-05,1.74e-05,1.65e-05,1.739e-05,cnns-_eth
361,1587254400000,812.6750001,1.6e-05,1.6e-05,1.6e-05,1.6e-05,cnns-_eth
362,1587340800000,7101.02889364,1.508e-05,1.6e-05,1.508e-05,1.6e-05,cnns-_eth
363,1587427200000,17757.23,1.74e-05,1.753e-05,1.729e-05,1.729e-05,cnns-_eth
364,1587513600000,212.0,1.702e-05,1.702e-05,1.702e-05,1.702e-05,cnns-_eth
365,1587600000000,1162.06,1.592e-05,1.592e-05,1.592e-05,1.592e-05,cnns-_eth
366,1587686400000,0.0,1.592e-05,1.592e-05,1.592e-05,1.592e-05,cnns-_eth
367,1587772800000,0.0,1.592e-05,1.592e-05,1.592e-05,1.592e-05,cnns-_eth
368,1587859200000,11250.68342999,1.592e-05,1.592e-05,1.585e-05,1.585e-05,cnns-_eth
369,1587945600000,18168.91,1.586e-05,1.586e-05,1.537e-05,1.56e-05,cnns-_eth
370,1588032000000,0.0,1.586e-05,1.586e-05,1.586e-05,1.586e-05,cnns-_eth
371,1588118400000,63756.46289048,1.419e-05,1.535e-05,1.419e-05,1.535e-05,cnns-_eth
372,1588204800000,48770.30046718,1.531e-05,1.603e-05,1.4e-05,1.457e-05,cnns-_eth
373,1588291200000,0.0,1.531e-05,1.531e-05,1.531e-05,1.531e-05,cnns-_eth
374,1588377600000,1234.5388,5.15e-06,5.15e-06,5.15e-06,5.15e-06,cnns-_eth
375,1588464000000,11407.825,1.512e-05,1.512e-05,1.512e-05,1.512e-05,cnns-_eth
376,1588550400000,6807.3519401,1.469e-05,1.469e-05,1.469e-05,1.469e-05,cnns-_eth
377,1588636800000,0.0,1.469e-05,1.469e-05,1.469e-05,1.469e-05,cnns-_eth
378,1588723200000,0.0,1.469e-05,1.469e-05,1.469e-05,1.469e-05,cnns-_eth
379,1588809600000,0.0,1.469e-05,1.469e-05,1.469e-05,1.469e-05,cnns-_eth
380,1588896000000,0.0,1.469e-05,1.469e-05,1.469e-05,1.469e-05,cnns-_eth
381,1588982400000,130.0,1.442e-05,1.442e-05,1.442e-05,1.442e-05,cnns-_eth
382,1589068800000,76940.79566521,1.506e-05,1.614e-05,1.488e-05,1.525e-05,cnns-_eth
383,1589155200000,0.0,1.506e-05,1.506e-05,1.506e-05,1.506e-05,cnns-_eth
384,1589241600000,60.193776,1.499e-05,1.499e-05,1.499e-05,1.499e-05,cnns-_eth
385,1589328000000,0.0,1.499e-05,1.499e-05,1.499e-05,1.499e-05,cnns-_eth
386,1589414400000,43160.895,1.433e-05,1.448e-05,1.433e-05,1.448e-05,cnns-_eth
387,1589500800000,791.87,1.503e-05,1.503e-05,1.433e-05,1.433e-05,cnns-_eth
388,1589587200000,49724.632696111,1.496e-05,1.555e-05,1.461e-05,1.479e-05,cnns-_eth
389,1589673600000,26249.1422,1.556e-05,1.697e-05,1.483e-05,1.483e-05,cnns-_eth
390,1589760000000,0.0,1.556e-05,1.556e-05,1.556e-05,1.556e-05,cnns-_eth
391,1589846400000,5351.139,1.481e-05,1.492e-05,1.442e-05,1.442e-05,cnns-_eth
392,1589932800000,9810.688,1.545e-05,1.545e-05,1.526e-05,1.527e-05,cnns-_eth
393,1590019200000,0.0,1.545e-05,1.545e-05,1.545e-05,1.545e-05,cnns-_eth
394,1590105600000,617.369367,1.518e-05,1.518e-05,1.518e-05,1.518e-05,cnns-_eth
395,1590192000000,14345.0309,1.653e-05,1.671e-05,1.548e-05,1.57e-05,cnns-_eth
396,1590278400000,83378.49267129,1.517e-05,1.579e-05,1.517e-05,1.579e-05,cnns-_eth
397,1590364800000,4433.56569393,1.488e-05,1.503e-05,1.488e-05,1.503e-05,cnns-_eth
398,1590451200000,2063.6099232,1.651e-05,1.651e-05,1.651e-05,1.651e-05,cnns-_eth
399,1590537600000,0.0,1.651e-05,1.651e-05,1.651e-05,1.651e-05,cnns-_eth
400,1590624000000,0.0,1.651e-05,1.651e-05,1.651e-05,1.651e-05,cnns-_eth
401,1590710400000,128.96922508,1.553e-05,1.604e-05,1.553e-05,1.604e-05,cnns-_eth
402,1590796800000,11102.54816329,1.34e-05,1.447e-05,1.335e-05,1.447e-05,cnns-_eth
403,1590883200000,103486.936119,1.457e-05,1.457e-05,1.39e-05,1.413e-05,cnns-_eth
404,1590969600000,5310.95301732,1.326e-05,1.391e-05,1.322e-05,1.391e-05,cnns-_eth
405,1591056000000,22047.70727245,1.398e-05,1.4e-05,1.32e-05,1.326e-05,cnns-_eth
406,1591142400000,360.484,1.387e-05,1.387e-05,1.387e-05,1.387e-05,cnns-_eth
407,1591228800000,14186.94691977,1.639e-05,1.639e-05,1.337e-05,1.373e-05,cnns-_eth
408,1591315200000,956.42136726,1.32e-05,1.341e-05,1.32e-05,1.341e-05,cnns-_eth
409,1591401600000,1012.81,1.374e-05,1.374e-05,1.374e-05,1.374e-05,cnns-_eth
410,1591488000000,0.0,1.374e-05,1.374e-05,1.374e-05,1.374e-05,cnns-_eth
411,1591574400000,12993.0,1.176e-05,1.312e-05,1.176e-05,1.312e-05,cnns-_eth
412,1591660800000,2371.8,1.344e-05,1.347e-05,1.344e-05,1.347e-05,cnns-_eth
413,1591747200000,180.0,1.338e-05,1.338e-05,1.338e-05,1.338e-05,cnns-_eth
414,1591833600000,12315.469,1.318e-05,1.338e-05,1.318e-05,1.338e-05,cnns-_eth
415,1591920000000,16394.53283,1.392e-05,1.392e-05,1.12e-05,1.12e-05,cnns-_eth
416,1592006400000,0.0,1.392e-05,1.392e-05,1.392e-05,1.392e-05,cnns-_eth
417,1592092800000,0.0,1.392e-05,1.392e-05,1.392e-05,1.392e-05,cnns-_eth
418,1592179200000,0.0,1.392e-05,1.392e-05,1.392e-05,1.392e-05,cnns-_eth
419,1592265600000,0.0,1.392e-05,1.392e-05,1.392e-05,1.392e-05,cnns-_eth
420,1592352000000,438.75154282,1.379e-05,1.639e-05,1.379e-05,1.489e-05,cnns-_eth
421,1592438400000,3311.91242029,1.482e-05,1.64e-05,1.482e-05,1.637e-05,cnns-_eth
422,1592524800000,0.0,1.482e-05,1.482e-05,1.482e-05,1.482e-05,cnns-_eth
423,1592611200000,14841.1838,1.469e-05,1.485e-05,1.445e-05,1.445e-05,cnns-_eth
424,1592697600000,7569.54326367,1.502e-05,1.907e-05,1.47e-05,1.47e-05,cnns-_eth
425,1592784000000,0.0,1.502e-05,1.502e-05,1.502e-05,1.502e-05,cnns-_eth
426,1592870400000,0.0,1.502e-05,1.502e-05,1.502e-05,1.502e-05,cnns-_eth
427,1592956800000,0.0,1.502e-05,1.502e-05,1.502e-05,1.502e-05,cnns-_eth
428,1593043200000,0.0,1.502e-05,1.502e-05,1.502e-05,1.502e-05,cnns-_eth
429,1593129600000,83.000819,1.445e-05,1.445e-05,1.445e-05,1.445e-05,cnns-_eth
430,1593216000000,5555.0,1.418e-05,1.45e-05,1.418e-05,1.418e-05,cnns-_eth
431,1593302400000,261.482,1.453e-05,1.453e-05,1.453e-05,1.453e-05,cnns-_eth
432,1593388800000,0.0,1.453e-05,1.453e-05,1.453e-05,1.453e-05,cnns-_eth
433,1593475200000,0.0,1.453e-05,1.453e-05,1.453e-05,1.453e-05,cnns-_eth
434,1593561600000,162.8296,1.393e-05,1.393e-05,1.393e-05,1.393e-05,cnns-_eth
435,1593648000000,0.0,1.393e-05,1.393e-05,1.393e-05,1.393e-05,cnns-_eth
436,1593734400000,0.0,1.393e-05,1.393e-05,1.393e-05,1.393e-05,cnns-_eth
437,1593820800000,0.0,1.393e-05,1.393e-05,1.393e-05,1.393e-05,cnns-_eth
438,1593907200000,0.0,1.393e-05,1.393e-05,1.393e-05,1.393e-05,cnns-_eth
439,1593993600000,0.0,1.393e-05,1.393e-05,1.393e-05,1.393e-05,cnns-_eth
440,1594080000000,0.0,1.393e-05,1.393e-05,1.393e-05,1.393e-05,cnns-_eth
