,time,open,high,low,close,vol,market_name
0,1563408000000,0.07000000,0.09800000,0.05000000,0.07821500,4959864.40820000,XENO_BIX
1,1563494400000,0.07826500,0.08709800,0.05180500,0.05708500,12614301.58870000,XENO_BIX
2,1563580800000,0.05708000,0.07723500,0.04605600,0.06901400,17180057.44120000,XENO_BIX
3,1563667200000,0.06901300,0.07096900,0.05477400,0.05899700,21653081.63640000,XENO_BIX
4,1563753600000,0.05879200,0.06283100,0.04834300,0.04834300,16359947.38390000,XENO_BIX
5,1563840000000,0.04834300,0.05606500,0.04834300,0.05342100,14766203.76450000,XENO_BIX
6,1563926400000,0.05342100,0.05607200,0.04856200,0.05362100,14732779.60470000,XENO_BIX
7,1564012800000,0.05362100,0.05448000,0.04549500,0.05125700,14050064.14340000,XENO_BIX
8,1564099200000,0.05125700,0.05226100,0.04944500,0.04968400,12814713.84140000,XENO_BIX
9,1564185600000,0.04968400,0.04968400,0.04002000,0.04470600,13475385.37150000,XENO_BIX
10,1564272000000,0.04470600,0.04742000,0.04184900,0.04539400,14440744.23870000,XENO_BIX
11,1564358400000,0.04539400,0.04707700,0.04001100,0.04369000,11856669.43100000,XENO_BIX
12,1564444800000,0.04369000,0.04369100,0.04001100,0.04215700,12034883.92260000,XENO_BIX
13,1564531200000,0.04215700,0.04215700,0.03866600,0.04054100,12814564.42290000,XENO_BIX
14,1564617600000,0.04054100,0.04096500,0.04013700,0.04096400,11662432.03430000,XENO_BIX
15,1564704000000,0.04096400,0.04154000,0.03764700,0.03979900,12189475.44400000,XENO_BIX
16,1564790400000,0.03979900,0.03980000,0.03457000,0.03804000,12054587.49980000,XENO_BIX
17,1564876800000,0.03804000,0.03805800,0.03628500,0.03803700,12075916.16860000,XENO_BIX
18,1564963200000,0.03803700,0.05475000,0.03457000,0.04288200,13670251.98120000,XENO_BIX
19,1565049600000,0.04288200,0.04302800,0.03457400,0.03959800,10301303.95960000,XENO_BIX
20,1565136000000,0.03959800,0.04211200,0.03457100,0.03497600,12219906.91050000,XENO_BIX
21,1565222400000,0.03497600,0.03633600,0.02971800,0.03252600,11430260.85510000,XENO_BIX
22,1565308800000,0.03252600,0.03657300,0.02977600,0.03097300,8186718.71670000,XENO_BIX
23,1565395200000,0.03097200,0.03097200,0.02531400,0.02750500,4738110.42590000,XENO_BIX
24,1565481600000,0.02750500,0.03301900,0.02750500,0.02851000,6461829.92770000,XENO_BIX
25,1565568000000,0.02651400,0.03209000,0.02001200,0.03051600,10747040.86320000,XENO_BIX
26,1565654400000,0.03051600,0.03085100,0.02549100,0.02645300,11792565.41390000,XENO_BIX
27,1565740800000,0.02645300,0.03023000,0.02200000,0.02800700,10236216.86180000,XENO_BIX
28,1565827200000,0.02800700,0.02800900,0.02791700,0.02800000,10334951.08410000,XENO_BIX
29,1565913600000,0.02800000,0.02800900,0.02550200,0.02798000,2227871.34990000,XENO_BIX
30,1566000000000,0.02798000,0.02798000,0.02798000,0.02798000,0.00000000,XENO_BIX
31,1566086400000,0.02798000,0.02798000,0.02798000,0.02798000,0.00000000,XENO_BIX
32,1566172800000,0.02798600,0.02798600,0.02521300,0.02521300,1020471.91720000,XENO_BIX
33,1566259200000,0.02521300,0.02521300,0.02001100,0.02001100,748494.14450000,XENO_BIX
34,1566345600000,0.02231500,0.02231500,0.02026000,0.02026000,5725.76130000,XENO_BIX
35,1566432000000,0.02026000,0.02026000,0.02026000,0.02026000,0.00000000,XENO_BIX
36,1566518400000,0.02026000,0.02026000,0.02026000,0.02026000,0.00000000,XENO_BIX
37,1566604800000,0.02026000,0.02026000,0.02026000,0.02026000,944.24860000,XENO_BIX
38,1566691200000,0.02026000,0.02026000,0.02026000,0.02026000,0.00000000,XENO_BIX
39,1566777600000,0.01898700,0.02160500,0.01895300,0.02123200,781388.72430000,XENO_BIX
40,1566864000000,0.02124700,0.02300800,0.02096700,0.02207800,2390860.34730000,XENO_BIX
41,1566950400000,0.02207000,0.03300100,0.02085800,0.02368300,2138519.00200000,XENO_BIX
42,1567036800000,0.02365100,0.02802200,0.01846900,0.02078500,2366903.13270000,XENO_BIX
43,1567123200000,0.02080900,0.02108500,0.00444400,0.02093400,2467988.10780000,XENO_BIX
44,1567209600000,0.02092900,0.02124200,0.00444400,0.01502200,2605237.44920000,XENO_BIX
45,1567296000000,0.01501700,0.01540200,0.00892200,0.00897700,2937264.42510000,XENO_BIX
46,1567382400000,0.00897400,0.00904500,0.00682400,0.00683500,4030642.12450000,XENO_BIX
47,1567468800000,0.00682900,0.00687300,0.00578900,0.00628000,4111733.03160000,XENO_BIX
48,1567555200000,0.00628900,0.00688000,0.00511400,0.00544500,4868316.47310000,XENO_BIX
49,1567641600000,0.00544500,0.00566700,0.00511400,0.00513200,4467736.74440000,XENO_BIX
50,1567728000000,0.00513200,0.00517600,0.00444300,0.00451200,5842151.30080000,XENO_BIX
51,1567814400000,0.00451300,0.00457900,0.00444100,0.00449700,5360817.98220000,XENO_BIX
52,1567900800000,0.00449700,0.00490700,0.00449700,0.00475600,4980947.06300000,XENO_BIX
53,1567987200000,0.00475100,0.00493500,0.00472300,0.00485600,4949537.86770000,XENO_BIX
54,1568073600000,0.00485400,0.00500800,0.00482200,0.00489100,4870414.69270000,XENO_BIX
55,1568160000000,0.00489100,0.00499200,0.00489000,0.00489700,4904498.73150000,XENO_BIX
56,1568246400000,0.00489800,0.00495600,0.00444200,0.00467100,5263540.93020000,XENO_BIX
57,1568332800000,0.00467200,0.00471500,0.00444400,0.00452900,5649635.98350000,XENO_BIX
58,1568419200000,0.00453200,0.00879600,0.00444400,0.00750000,3590113.66000000,XENO_BIX
59,1568505600000,0.00749900,0.00819900,0.00684000,0.00813300,3323007.27540000,XENO_BIX
60,1568592000000,0.00813500,0.00839900,0.00795000,0.00809800,2991954.21580000,XENO_BIX
61,1568678400000,0.00809400,0.00895500,0.00795000,0.00886500,2889989.33280000,XENO_BIX
62,1568764800000,0.00886500,0.01923400,0.00884900,0.00884900,3131878.60670000,XENO_BIX
63,1568851200000,0.00885600,0.00926600,0.00884900,0.00885100,2995411.66480000,XENO_BIX
64,1568937600000,0.00885200,0.01402900,0.00446700,0.00723300,7565860.52620000,XENO_BIX
65,1569024000000,0.00868600,0.00869100,0.00444300,0.00457400,7908999.01050000,XENO_BIX
66,1569110400000,0.00457400,0.00457400,0.00457400,0.00457400,0.00000000,XENO_BIX
67,1569196800000,0.00457400,0.00457400,0.00457400,0.00457400,0.00000000,XENO_BIX
68,1569283200000,0.01416000,0.01494800,0.00462500,0.00655500,11468495.06650000,XENO_BIX
69,1569369600000,0.00654800,0.01098100,0.00611600,0.00656200,22419585.19920000,XENO_BIX
70,1569456000000,0.00656700,0.00856400,0.00612800,0.00706700,18102868.60410000,XENO_BIX
71,1569542400000,0.00706900,0.01096200,0.00675600,0.00912700,22784538.97340000,XENO_BIX
72,1569628800000,0.00912600,0.00968900,0.00675600,0.00699700,22248983.70340000,XENO_BIX
73,1569715200000,0.00699100,0.00827700,0.00675600,0.00676500,20155571.25570000,XENO_BIX
74,1569801600000,0.00676500,0.00909700,0.00676400,0.00731200,22207046.80740000,XENO_BIX
75,1569888000000,0.00731600,0.00936600,0.00676500,0.00739900,23562318.21530000,XENO_BIX
76,1569974400000,0.00739200,0.01015400,0.00677100,0.00708500,19694075.04610000,XENO_BIX
77,1570060800000,0.00708900,0.01385600,0.00677100,0.00695100,21641746.69410000,XENO_BIX
78,1570147200000,0.00695100,0.00788900,0.00687100,0.00687100,19148522.85640000,XENO_BIX
79,1570233600000,0.00687100,0.02957600,0.00687100,0.02907000,7024086.44950000,XENO_BIX
80,1570320000000,0.02800000,0.02800000,0.02800000,0.02800000,2000.00000000,XENO_BIX
81,1570406400000,0.02795700,0.02800000,0.01329800,0.01369600,19051858.26940000,XENO_BIX
82,1570492800000,0.01369700,0.01704500,0.01230600,0.01420500,19304789.69650000,XENO_BIX
83,1570579200000,0.01418900,0.02135700,0.01261800,0.01399000,19719957.17090000,XENO_BIX
84,1570665600000,0.01399100,0.01611600,0.01100000,0.01184100,20585764.54020000,XENO_BIX
85,1570752000000,0.01183500,0.01283300,0.01059700,0.01087900,11896728.49070000,XENO_BIX
86,1570838400000,0.01087900,0.01249900,0.01082400,0.01107200,9665619.19520000,XENO_BIX
87,1570924800000,0.01107000,0.01289600,0.01017600,0.01183200,9261066.19710000,XENO_BIX
88,1571011200000,0.01182600,0.01202200,0.01074400,0.01092100,5880704.15490000,XENO_BIX
89,1571097600000,0.02000000,0.02008600,0.01125700,0.01147800,2800971.82810000,XENO_BIX
90,1571184000000,0.01147200,0.01600900,0.01090600,0.01090600,8396034.37180000,XENO_BIX
91,1571270400000,0.01090000,0.01090000,0.00966000,0.00983200,2255465.58130000,XENO_BIX
92,1571356800000,0.00983200,0.00983200,0.00983200,0.00983200,0.00000000,XENO_BIX
93,1571443200000,0.00983200,0.00983200,0.00983200,0.00983200,0.00000000,XENO_BIX
94,1571529600000,0.00983200,0.00983200,0.00983200,0.00983200,0.00000000,XENO_BIX
95,1571616000000,0.00983200,0.00983200,0.00983200,0.00983200,0.00000000,XENO_BIX
96,1571702400000,0.00990300,0.01492000,0.00915400,0.01299400,7363866.23140000,XENO_BIX
97,1571788800000,0.01299100,0.01328300,0.00960700,0.01188600,8943462.96770000,XENO_BIX
98,1571875200000,0.01189100,0.01232000,0.00958900,0.01009200,8518581.80510000,XENO_BIX
99,1571961600000,0.01008900,0.01201500,0.01000200,0.01002800,9802839.26720000,XENO_BIX
100,1572048000000,0.01002700,0.01964300,0.00964000,0.01092800,11821751.02980000,XENO_BIX
101,1572134400000,0.01092600,0.01278600,0.00991300,0.01056800,11818939.09430000,XENO_BIX
102,1572220800000,0.01055800,0.01160600,0.00880000,0.00897500,11524421.24180000,XENO_BIX
103,1572307200000,0.00897900,0.00958300,0.00711700,0.00714600,11907099.72890000,XENO_BIX
104,1572393600000,0.00714500,0.00774800,0.00711700,0.00731200,9935733.65960000,XENO_BIX
105,1572480000000,0.00731400,0.00847600,0.00718200,0.00792500,11116166.09390000,XENO_BIX
106,1572566400000,0.00793100,0.01003600,0.00718200,0.00753600,10785146.63840000,XENO_BIX
107,1572652800000,0.00753800,0.00843000,0.00735800,0.00797100,9925673.30500000,XENO_BIX
108,1572739200000,0.00796900,0.00857500,0.00718200,0.00759500,10113649.36470000,XENO_BIX
109,1572825600000,0.00760000,0.00852600,0.00757700,0.00767100,9427695.01700000,XENO_BIX
110,1572912000000,0.00766700,0.00821800,0.00765400,0.00780300,10239441.46720000,XENO_BIX
111,1572998400000,0.00780800,0.00996400,0.00718200,0.00799300,10223556.44500000,XENO_BIX
112,1573084800000,0.00799800,0.00802600,0.00718100,0.00718200,10014706.27190000,XENO_BIX
113,1573171200000,0.00718200,0.00980300,0.00718200,0.00720800,10846309.38700000,XENO_BIX
114,1573257600000,0.00719900,0.00952100,0.00718200,0.00918800,10982429.01890000,XENO_BIX
115,1573344000000,0.00918900,0.00921300,0.00718200,0.00720800,6726175.80390000,XENO_BIX
116,1573430400000,0.00723000,0.00755000,0.00723000,0.00747200,8342207.81170000,XENO_BIX
117,1573516800000,0.00747200,0.00809700,0.00718200,0.00780900,9491528.84010000,XENO_BIX
118,1573603200000,0.00781600,0.00830800,0.00766800,0.00787800,9376895.93930000,XENO_BIX
119,1573689600000,0.00788500,0.00882900,0.00786800,0.00791900,9408413.99780000,XENO_BIX
120,1573776000000,0.00791000,0.00814900,0.00718100,0.00730400,10856778.56160000,XENO_BIX
121,1573862400000,0.00730300,0.00768600,0.00718200,0.00729600,10284894.85820000,XENO_BIX
122,1573948800000,0.00729700,0.00800000,0.00718200,0.00724000,10189968.91720000,XENO_BIX
123,1574035200000,0.00723900,0.00925000,0.00718400,0.00864000,9776662.89390000,XENO_BIX
124,1574121600000,0.00864400,0.00929400,0.00863900,0.00872100,9161101.51170000,XENO_BIX
125,1574208000000,0.00872400,0.00979000,0.00864800,0.00924200,10045092.76680000,XENO_BIX
126,1574294400000,0.00924500,0.00964800,0.00898100,0.00940400,9174959.00020000,XENO_BIX
127,1574380800000,0.00940400,0.00978900,0.00867000,0.00916600,10905830.49160000,XENO_BIX
128,1574467200000,0.00915600,0.00978700,0.00893200,0.00946700,11936047.37580000,XENO_BIX
129,1574553600000,0.00947600,0.00979200,0.00773800,0.00976800,11911973.71990000,XENO_BIX
130,1574640000000,0.00975900,0.01076000,0.00898900,0.00940300,11538194.72270000,XENO_BIX
131,1574726400000,0.00940300,0.01104600,0.00940300,0.01045600,11745521.13550000,XENO_BIX
132,1574812800000,0.01045700,0.01159100,0.00912500,0.00932100,10763628.52120000,XENO_BIX
133,1574899200000,0.00931600,0.00989300,0.00841900,0.00898900,11964149.39740000,XENO_BIX
134,1574985600000,0.00898800,0.01050700,0.00845100,0.00876300,11154707.16340000,XENO_BIX
135,1575072000000,0.00876800,0.00995600,0.00849200,0.00900400,10430244.80800000,XENO_BIX
136,1575158400000,0.00899500,0.01182400,0.00849200,0.01096400,11729054.92950000,XENO_BIX
137,1575244800000,0.01096300,0.01122100,0.00858700,0.00890300,11779294.88540000,XENO_BIX
138,1575331200000,0.00889200,0.01098400,0.00854400,0.00880900,10366554.35130000,XENO_BIX
139,1575417600000,0.00881600,0.01136700,0.00876100,0.01083500,10603688.66180000,XENO_BIX
140,1575504000000,0.01084800,0.01143900,0.00906400,0.00972700,11742697.10650000,XENO_BIX
141,1575590400000,0.00972900,0.01234600,0.00906400,0.01169700,10643418.13180000,XENO_BIX
142,1575676800000,0.01169200,0.01234500,0.00966700,0.01162900,9514547.40120000,XENO_BIX
143,1575763200000,0.01163000,0.01234500,0.00919700,0.00921800,10465016.40770000,XENO_BIX
144,1575849600000,0.00921200,0.01234700,0.00906400,0.01219200,7596068.43460000,XENO_BIX
145,1575936000000,0.01218100,0.01234700,0.00906400,0.00910800,9385352.27170000,XENO_BIX
146,1576022400000,0.00910900,0.00987500,0.00910100,0.00963400,10070552.31680000,XENO_BIX
147,1576108800000,0.00964500,0.01019600,0.00910700,0.00956100,9916856.98320000,XENO_BIX
148,1576195200000,0.00955900,0.01005000,0.00949100,0.01004900,9039725.70520000,XENO_BIX
149,1576281600000,0.01005300,0.01095500,0.00949100,0.00962600,9833860.30600000,XENO_BIX
150,1576368000000,0.00961600,0.01234600,0.00949100,0.01094600,11656106.50530000,XENO_BIX
151,1576454400000,0.01094700,0.01128100,0.00949100,0.01093700,10119079.48480000,XENO_BIX
152,1576540800000,0.01093600,0.01192900,0.01012200,0.01148100,9674702.03030000,XENO_BIX
153,1576627200000,0.01148100,0.01234400,0.01148100,0.01176600,10920837.97610000,XENO_BIX
154,1576713600000,0.01177000,0.01234400,0.01149900,0.01162300,10246848.84060000,XENO_BIX
155,1576800000000,0.01162200,0.01234600,0.01150000,0.01234600,10471157.66280000,XENO_BIX
156,1576886400000,0.01234600,0.01234700,0.01150000,0.01150400,8758006.97290000,XENO_BIX
157,1576972800000,0.01150200,0.01234600,0.01150000,0.01231200,9188935.23710000,XENO_BIX
158,1577059200000,0.01230800,0.01234600,0.01167500,0.01182600,9639976.04480000,XENO_BIX
159,1577145600000,0.01181300,0.01234600,0.01020200,0.01188800,11967690.05140000,XENO_BIX
160,1577232000000,0.01187600,0.01234700,0.00978100,0.00998800,10829561.81360000,XENO_BIX
161,1577318400000,0.00999100,0.01125900,0.00949100,0.01073400,10238487.73770000,XENO_BIX
162,1577404800000,0.01072300,0.01234500,0.01008000,0.01048600,9509503.29570000,XENO_BIX
163,1577491200000,0.01049700,0.01234600,0.00991800,0.01140700,10405701.24800000,XENO_BIX
164,1577577600000,0.01141300,0.01216800,0.00982800,0.01086500,10885509.89810000,XENO_BIX
165,1577664000000,0.01085000,0.01174200,0.01013100,0.01050200,9621377.04890000,XENO_BIX
166,1577750400000,0.01050400,0.01158200,0.00949100,0.01122100,10089458.76400000,XENO_BIX
167,1577836800000,0.01122200,0.01129700,0.00949100,0.00980100,10439201.12820000,XENO_BIX
168,1577923200000,0.00980200,0.01141500,0.00949100,0.00994800,9771439.41800000,XENO_BIX
169,1578009600000,0.00994700,0.01081600,0.00949100,0.00971900,10068974.70290000,XENO_BIX
170,1578096000000,0.00972900,0.01172100,0.00953500,0.01091800,10487785.33920000,XENO_BIX
171,1578182400000,0.01091100,0.01230300,0.00991700,0.01229500,8760742.69450000,XENO_BIX
172,1578268800000,0.01230000,0.01234500,0.01033000,0.01146300,10001993.07190000,XENO_BIX
173,1578355200000,0.01146900,0.01184600,0.00949100,0.01008600,10830428.18810000,XENO_BIX
174,1578441600000,0.01007200,0.01079800,0.00841800,0.00903900,10985588.45480000,XENO_BIX
175,1578528000000,0.00905200,0.01239900,0.00858800,0.01157000,11383361.54760000,XENO_BIX
176,1578614400000,0.01156600,0.01200400,0.00868600,0.00937400,8143354.15030000,XENO_BIX
177,1578700800000,0.00938000,0.00943700,0.00843300,0.00851000,1799479.44760000,XENO_BIX
178,1578787200000,0.00851000,0.00851000,0.00851000,0.00851000,0.00000000,XENO_BIX
179,1578873600000,0.00851000,0.00851000,0.00851000,0.00851000,0.00000000,XENO_BIX
180,1578960000000,0.00851000,0.00851000,0.00851000,0.00851000,0.00000000,XENO_BIX
181,1579046400000,0.00851000,0.00851000,0.00851000,0.00851000,0.00000000,XENO_BIX
182,1579132800000,0.00851000,0.00851000,0.00851000,0.00851000,0.00000000,XENO_BIX
183,1579219200000,0.00851000,0.00851000,0.00851000,0.00851000,0.00000000,XENO_BIX
184,1579305600000,0.00851000,0.00851000,0.00851000,0.00851000,0.00000000,XENO_BIX
185,1579392000000,0.00851000,0.00851000,0.00851000,0.00851000,0.00000000,XENO_BIX
186,1579478400000,0.00851000,0.00851000,0.00851000,0.00851000,0.00000000,XENO_BIX
187,1579564800000,0.00851000,0.00851000,0.00851000,0.00851000,0.00000000,XENO_BIX
188,1579651200000,0.00841900,0.00880000,0.00841800,0.00841800,12140.12250000,XENO_BIX
189,1579737600000,0.00841800,0.00841800,0.00841800,0.00841800,28069.56400000,XENO_BIX
190,1579824000000,0.00841800,0.00841800,0.00841800,0.00841800,0.00000000,XENO_BIX
191,1579910400000,0.00841800,0.00841800,0.00841800,0.00841800,0.00000000,XENO_BIX
192,1579996800000,0.00841800,0.00841800,0.00841800,0.00841800,0.00000000,XENO_BIX
193,1580083200000,0.00841800,0.00841800,0.00841800,0.00841800,0.00000000,XENO_BIX
194,1580169600000,0.00841800,0.00841800,0.00841800,0.00841800,0.00000000,XENO_BIX
195,1580256000000,0.00842000,0.00842000,0.00842000,0.00842000,780.75440000,XENO_BIX
196,1580342400000,0.00842000,0.00842000,0.00841800,0.00841800,43029.89110000,XENO_BIX
197,1580428800000,0.00841800,0.00841800,0.00841800,0.00841800,0.00000000,XENO_BIX
198,1580515200000,0.00841800,0.00841800,0.00841800,0.00841800,0.00000000,XENO_BIX
199,1580601600000,0.00841800,0.00841800,0.00841800,0.00841800,13358.87110000,XENO_BIX
200,1580688000000,0.00841800,0.00841800,0.00841800,0.00841800,0.00000000,XENO_BIX
201,1580774400000,0.00841800,0.00841800,0.00841800,0.00841800,0.00000000,XENO_BIX
202,1580860800000,0.00841900,0.00842000,0.00841900,0.00842000,893.36560000,XENO_BIX
203,1580947200000,0.00718600,0.00718600,0.00718600,0.00718600,10000.97470000,XENO_BIX
204,1581033600000,0.00718600,0.00718600,0.00718600,0.00718600,0.00000000,XENO_BIX
205,1581120000000,0.00718600,0.00718600,0.00718100,0.00718100,139983.58290000,XENO_BIX
206,1581206400000,0.00718100,0.00718100,0.00710300,0.00710300,79285.88350000,XENO_BIX
207,1581292800000,0.00444400,0.00444400,0.00325000,0.00325000,25596.10910000,XENO_BIX
208,1581379200000,0.00064800,0.00064800,0.00064400,0.00064400,1561492.13100000,XENO_BIX
209,1581465600000,0.00064400,0.00064400,0.00064400,0.00064400,0.00000000,XENO_BIX
210,1581552000000,0.00064400,0.00064400,0.00064400,0.00064400,0.00000000,XENO_BIX
211,1581638400000,0.00064400,0.00064400,0.00064400,0.00064400,0.00000000,XENO_BIX
212,1581724800000,0.00064400,0.00064400,0.00064400,0.00064400,0.00000000,XENO_BIX
213,1581811200000,0.00064400,0.00064400,0.00064400,0.00064400,0.00000000,XENO_BIX
214,1581897600000,0.00064400,0.00064400,0.00064400,0.00064400,0.00000000,XENO_BIX
215,1581984000000,0.00064400,0.00064400,0.00064400,0.00064400,0.00000000,XENO_BIX
216,1582070400000,0.00699700,0.00699700,0.00699700,0.00699700,443.04700000,XENO_BIX
217,1582156800000,0.00064500,0.00064500,0.00064500,0.00064500,20000.00000000,XENO_BIX
218,1582243200000,0.00064500,0.00064500,0.00064500,0.00064500,0.00000000,XENO_BIX
219,1582329600000,0.00064500,0.00064500,0.00064500,0.00064500,0.00000000,XENO_BIX
220,1582416000000,0.00064500,0.00064500,0.00064500,0.00064500,0.00000000,XENO_BIX
221,1582502400000,0.00064500,0.00064500,0.00064500,0.00064500,0.00000000,XENO_BIX
222,1582588800000,0.00064500,0.00064500,0.00064500,0.00064500,0.00000000,XENO_BIX
223,1582675200000,0.00064500,0.00064500,0.00064500,0.00064500,0.00000000,XENO_BIX
224,1582761600000,0.00064500,0.00064500,0.00064500,0.00064500,0.00000000,XENO_BIX
225,1582848000000,0.00064500,0.00064500,0.00064500,0.00064500,0.00000000,XENO_BIX
226,1582934400000,0.00064500,0.00064500,0.00064500,0.00064500,0.00000000,XENO_BIX
227,1583020800000,0.00064500,0.00064500,0.00064500,0.00064500,0.00000000,XENO_BIX
228,1583107200000,0.00064500,0.00064500,0.00064500,0.00064500,0.00000000,XENO_BIX
229,1583193600000,0.00064500,0.00064500,0.00064500,0.00064500,0.00000000,XENO_BIX
230,1583280000000,0.00065100,0.00065100,0.00065100,0.00065100,2000.00000000,XENO_BIX
231,1583366400000,0.00065100,0.00065100,0.00065100,0.00065100,0.00000000,XENO_BIX
232,1583452800000,0.00065100,0.00065100,0.00065100,0.00065100,0.00000000,XENO_BIX
233,1583539200000,0.00065100,0.00065100,0.00065100,0.00065100,0.00000000,XENO_BIX
234,1583625600000,0.00065100,0.00065100,0.00065100,0.00065100,0.00000000,XENO_BIX
235,1583712000000,0.00065100,0.00065100,0.00065100,0.00065100,11308.52370000,XENO_BIX
236,1583798400000,0.00065100,0.00065100,0.00065100,0.00065100,0.00000000,XENO_BIX
237,1583884800000,0.00065100,0.00065100,0.00065100,0.00065100,0.00000000,XENO_BIX
238,1583971200000,0.00065100,0.00065100,0.00065100,0.00065100,0.00000000,XENO_BIX
239,1584057600000,0.00065100,0.00065100,0.00065100,0.00065100,50000.00000000,XENO_BIX
240,1584144000000,0.00065100,0.00065100,0.00065100,0.00065100,0.00000000,XENO_BIX
241,1584230400000,0.00065100,0.00065100,0.00065100,0.00065100,0.00000000,XENO_BIX
242,1584316800000,0.00065100,0.00065100,0.00065100,0.00065100,0.00000000,XENO_BIX
243,1584403200000,0.00065100,0.00065100,0.00065100,0.00065100,0.00000000,XENO_BIX
244,1584489600000,0.00065100,0.00065100,0.00065100,0.00065100,0.00000000,XENO_BIX
245,1584576000000,0.00065100,0.00065100,0.00065100,0.00065100,0.00000000,XENO_BIX
246,1584662400000,0.00065100,0.00065100,0.00065100,0.00065100,0.00000000,XENO_BIX
247,1584748800000,0.00065100,0.00065100,0.00065100,0.00065100,0.00000000,XENO_BIX
248,1584835200000,0.00065100,0.00065100,0.00065100,0.00065100,0.00000000,XENO_BIX
249,1584921600000,0.00065100,0.00065100,0.00065100,0.00065100,0.00000000,XENO_BIX
250,1585008000000,0.00065100,0.00065100,0.00065100,0.00065100,0.00000000,XENO_BIX
251,1585094400000,0.00065100,0.00065100,0.00065100,0.00065100,0.00000000,XENO_BIX
252,1585180800000,0.00065100,0.00065100,0.00065100,0.00065100,0.00000000,XENO_BIX
253,1585267200000,0.00065100,0.00065100,0.00065100,0.00065100,0.00000000,XENO_BIX
254,1585353600000,0.00065100,0.00065100,0.00065100,0.00065100,0.00000000,XENO_BIX
255,1585440000000,0.00065100,0.00065100,0.00065100,0.00065100,0.00000000,XENO_BIX
256,1585526400000,0.00065100,0.00065100,0.00065100,0.00065100,0.00000000,XENO_BIX
257,1585612800000,0.00065100,0.00065100,0.00065100,0.00065100,0.00000000,XENO_BIX
258,1585699200000,0.00065100,0.00065100,0.00065100,0.00065100,0.00000000,XENO_BIX
259,1585785600000,0.00065100,0.00065100,0.00065100,0.00065100,0.00000000,XENO_BIX
260,1585872000000,0.00065100,0.00065100,0.00065100,0.00065100,0.00000000,XENO_BIX
261,1585958400000,0.00065100,0.00065100,0.00065100,0.00065100,0.00000000,XENO_BIX
262,1586044800000,0.00065100,0.00065100,0.00065100,0.00065100,0.00000000,XENO_BIX
263,1586131200000,0.00065100,0.00065100,0.00065100,0.00065100,0.00000000,XENO_BIX
264,1586217600000,0.00065100,0.00065100,0.00065100,0.00065100,0.00000000,XENO_BIX
265,1586304000000,0.00065100,0.00065100,0.00065100,0.00065100,0.00000000,XENO_BIX
266,1586390400000,0.00065100,0.00065100,0.00065100,0.00065100,0.00000000,XENO_BIX
267,1586476800000,0.00065100,0.00065100,0.00065100,0.00065100,0.00000000,XENO_BIX
268,1586563200000,0.00065100,0.00065100,0.00065100,0.00065100,0.00000000,XENO_BIX
269,1586649600000,0.00065100,0.00065100,0.00065100,0.00065100,0.00000000,XENO_BIX
270,1586736000000,0.00065100,0.00065100,0.00065100,0.00065100,0.00000000,XENO_BIX
271,1586822400000,0.00065100,0.00065100,0.00065100,0.00065100,0.00000000,XENO_BIX
272,1586908800000,0.00065100,0.00065100,0.00065100,0.00065100,0.00000000,XENO_BIX
273,1586995200000,0.00065100,0.00065100,0.00065100,0.00065100,0.00000000,XENO_BIX
274,1587081600000,0.00065100,0.00065100,0.00065100,0.00065100,0.00000000,XENO_BIX
275,1587168000000,0.00065100,0.00065100,0.00065100,0.00065100,0.00000000,XENO_BIX
276,1587254400000,0.00065100,0.00065100,0.00065100,0.00065100,0.00000000,XENO_BIX
277,1587340800000,0.00065100,0.00065100,0.00065100,0.00065100,0.00000000,XENO_BIX
278,1587427200000,0.00065100,0.00065100,0.00065100,0.00065100,0.00000000,XENO_BIX
279,1587513600000,0.00065100,0.00065100,0.00065100,0.00065100,0.00000000,XENO_BIX
280,1587600000000,0.00065100,0.00065100,0.00065100,0.00065100,0.00000000,XENO_BIX
281,1587686400000,0.00065100,0.00065100,0.00065100,0.00065100,0.00000000,XENO_BIX
282,1587772800000,0.00065100,0.00065100,0.00065100,0.00065100,0.00000000,XENO_BIX
283,1587859200000,0.00065100,0.00065100,0.00065100,0.00065100,0.00000000,XENO_BIX
284,1587945600000,0.00065100,0.00065100,0.00065100,0.00065100,0.00000000,XENO_BIX
285,1588032000000,0.00065100,0.00065100,0.00065100,0.00065100,0.00000000,XENO_BIX
286,1588118400000,0.00065100,0.00065100,0.00065100,0.00065100,0.00000000,XENO_BIX
287,1588204800000,0.00065100,0.00065100,0.00065100,0.00065100,0.00000000,XENO_BIX
288,1588291200000,0.00065100,0.00065100,0.00065100,0.00065100,0.00000000,XENO_BIX
289,1588377600000,0.00065100,0.00065100,0.00065100,0.00065100,0.00000000,XENO_BIX
290,1588464000000,0.00065100,0.00065100,0.00065100,0.00065100,0.00000000,XENO_BIX
291,1588550400000,0.00065100,0.00065100,0.00065100,0.00065100,0.00000000,XENO_BIX
292,1588636800000,0.00065100,0.00065100,0.00065100,0.00065100,0.00000000,XENO_BIX
293,1588723200000,0.00065100,0.00065100,0.00065100,0.00065100,0.00000000,XENO_BIX
294,1588809600000,0.00065100,0.00065100,0.00065100,0.00065100,0.00000000,XENO_BIX
295,1588896000000,0.00065100,0.00065100,0.00065100,0.00065100,0.00000000,XENO_BIX
296,1588982400000,0.00065100,0.00065100,0.00065100,0.00065100,0.00000000,XENO_BIX
297,1589068800000,0.00065100,0.00065100,0.00065100,0.00065100,0.00000000,XENO_BIX
298,1589155200000,0.00065100,0.00065100,0.00065100,0.00065100,0.00000000,XENO_BIX
299,1589241600000,0.00065100,0.00065100,0.00065100,0.00065100,0.00000000,XENO_BIX
300,1589328000000,0.00069900,0.00069900,0.00069900,0.00069900,176445.66340000,XENO_BIX
301,1589414400000,0.00069900,0.00069900,0.00069900,0.00069900,0.00000000,XENO_BIX
302,1589500800000,0.00069900,0.00069900,0.00069900,0.00069900,0.00000000,XENO_BIX
303,1589587200000,0.00069900,0.00069900,0.00069900,0.00069900,0.00000000,XENO_BIX
304,1589673600000,0.00069900,0.00069900,0.00069900,0.00069900,0.00000000,XENO_BIX
305,1589760000000,0.00069900,0.00069900,0.00069900,0.00069900,0.00000000,XENO_BIX
306,1589846400000,0.00069900,0.00069900,0.00069900,0.00069900,0.00000000,XENO_BIX
307,1589932800000,0.00069900,0.00069900,0.00069900,0.00069900,0.00000000,XENO_BIX
308,1590019200000,0.00069900,0.00069900,0.00069900,0.00069900,0.00000000,XENO_BIX
309,1590105600000,0.00644900,0.00644900,0.00644900,0.00644900,5504.12800000,XENO_BIX
310,1590192000000,0.00644900,0.00644900,0.00644900,0.00644900,0.00000000,XENO_BIX
311,1590278400000,0.00644900,0.00644900,0.00644900,0.00644900,0.00000000,XENO_BIX
312,1590364800000,0.00644900,0.00644900,0.00644900,0.00644900,0.00000000,XENO_BIX
313,1590451200000,0.00644900,0.00644900,0.00644900,0.00644900,0.00000000,XENO_BIX
314,1590537600000,0.00644900,0.00644900,0.00644900,0.00644900,0.00000000,XENO_BIX
315,1590624000000,0.00644900,0.00644900,0.00644900,0.00644900,0.00000000,XENO_BIX
316,1590710400000,0.00644900,0.00644900,0.00644900,0.00644900,0.00000000,XENO_BIX
317,1590796800000,0.00644900,0.00644900,0.00644900,0.00644900,0.00000000,XENO_BIX
318,1590883200000,0.00644900,0.00644900,0.00644900,0.00644900,0.00000000,XENO_BIX
319,1590969600000,0.00644900,0.00644900,0.00644900,0.00644900,0.00000000,XENO_BIX
320,1591056000000,0.00644900,0.00644900,0.00644900,0.00644900,0.00000000,XENO_BIX
321,1591142400000,0.00644900,0.00644900,0.00644900,0.00644900,0.00000000,XENO_BIX
322,1591228800000,0.00644900,0.00644900,0.00644900,0.00644900,0.00000000,XENO_BIX
323,1591315200000,0.00644900,0.00644900,0.00644900,0.00644900,0.00000000,XENO_BIX
324,1591401600000,0.00644900,0.00644900,0.00644900,0.00644900,0.00000000,XENO_BIX
325,1591488000000,0.00644900,0.00644900,0.00644900,0.00644900,0.00000000,XENO_BIX
326,1591574400000,0.00644900,0.00644900,0.00644900,0.00644900,0.00000000,XENO_BIX
327,1591660800000,0.00644900,0.00644900,0.00644900,0.00644900,0.00000000,XENO_BIX
328,1591747200000,0.00644900,0.00644900,0.00644900,0.00644900,0.00000000,XENO_BIX
329,1591833600000,0.00644900,0.00644900,0.00644900,0.00644900,0.00000000,XENO_BIX
330,1591920000000,0.00644900,0.00644900,0.00644900,0.00644900,0.00000000,XENO_BIX
331,1592006400000,0.00644900,0.00644900,0.00644900,0.00644900,0.00000000,XENO_BIX
332,1592092800000,0.00644900,0.00644900,0.00644900,0.00644900,0.00000000,XENO_BIX
333,1592179200000,0.00644900,0.00644900,0.00644900,0.00644900,0.00000000,XENO_BIX
334,1592265600000,0.00644900,0.00644900,0.00644900,0.00644900,0.00000000,XENO_BIX
335,1592352000000,0.00644900,0.00644900,0.00644900,0.00644900,0.00000000,XENO_BIX
336,1592438400000,0.00644900,0.00644900,0.00644900,0.00644900,0.00000000,XENO_BIX
337,1592524800000,0.00399900,0.00644700,0.00399900,0.00644700,5262.56230000,XENO_BIX
338,1592611200000,0.00644700,0.00644700,0.00644700,0.00644700,0.00000000,XENO_BIX
339,1592697600000,0.00644700,0.00644700,0.00644700,0.00644700,0.00000000,XENO_BIX
340,1592784000000,0.00644700,0.00644700,0.00644700,0.00644700,0.00000000,XENO_BIX
341,1592870400000,0.00644700,0.00644700,0.00644700,0.00644700,0.00000000,XENO_BIX
342,1592956800000,0.00644700,0.00644700,0.00644700,0.00644700,0.00000000,XENO_BIX
343,1593043200000,0.00644700,0.00644700,0.00644700,0.00644700,0.00000000,XENO_BIX
344,1593129600000,0.00644700,0.00644700,0.00644700,0.00644700,0.00000000,XENO_BIX
